reviewId,userName,userImage,content,score,thumbsUpCount,reviewCreatedVersion,at,replyContent,repliedAt,appVersion,clean_text
48c12a59-705a-4ffb-9987-8a34a0b06f90,Jumi Ati,https://play-lh.googleusercontent.com/a/ACg8ocLp9KN-YQhnkJorzHp_Tz_63w30j3hcrqg1vhCAEqTcVQ8eZg=mo,terimakasih,5,0,,2025-12-08 13:22:21,"Hai Kak Jumi, terima kasih ya untuk review dan rating maksimal yg udah Kk berikan. PLN Mobile pastinya hadir untuk memberikan kemudahan bagi pelanggan dalam hal penuhi kebutuhan listrik. PLN Mobile cocok nih buat direkomendasikan ke teman dan sahabat Kk kalo butuh yg praktis dan cepat. Semoga PLN Mobile trs kasih kenyamanan buat kamu ya. :) -FE",2025-12-09 02:24:45,,terimakasih
ea088257-da6b-4c8a-9609-cbf1b179d3a9,Muklis Lubalu,https://play-lh.googleusercontent.com/a-/ALV-UjX3NcqU5JSXYop4s_sncUMIFtCTnvlH_R1xVY71x1gtN7S-cMI,apliksh ini mudah membantu melapor gangguan listrik,5,0,5.2.75,2025-12-08 13:21:54,"Terima kasih udah berbagi pengalaman dengan PLN Mobile ya, Kak Muklis. Sekarang semua layanan penting PLN bisa diakses kapan aja dan di mana aja. PLN Mobile memberikan pelayanan yg cepat, praktis dan pastinya efektif. Yuk rekomendasikan PLN Mobile ke teman dan kerabat Kk. Tks. -FE",2025-12-09 02:24:10,5.2.75,apliksh ini mudah membantu melapor gangguan listrik
6a49bdde-84df-4d3c-ab8f-356c87c85593,Bahyudin Rumahuliz,https://play-lh.googleusercontent.com/a/ACg8ocISHl-iy1afN-l0yqBycH4K7g3DeKW9crzQEs0vKVCgmRIcOQ=mo,terbaik,5,0,5.2.75,2025-12-08 13:14:58,Terima kasih ya Kak Bahyudin udah jadi pengguna layanan di PLN Mobile. Mimin ikut senang kalo fitur-fitur yg ada di PLN Mobile udah bantu aktivitas listrik kamu. Semoga PLN Mobile tetap jadi andalan Kk dalam memenuhi kebutuhan listriknya ya. Jangan lupa buat ajak teman dan sahabat untuk download PLN Mobile. Tks. -FE,2025-12-09 02:23:43,5.2.75,terbaik
a23d600b-94a2-44f2-b96d-33a72e02cd12,Gus Muhamadin,https://play-lh.googleusercontent.com/a/ACg8ocKzBV3HtTbSrBqcU5IJ_UuiJ-QOzB8Mxg6UdmW-Mc5oYDvL8A=mo,PLN mobile sangat membatu saya untuk pembelian pulsa dan ganguan listrik di rumah saya,5,0,5.2.75,2025-12-08 13:14:26,"Makasih ya Kak atas ulasannya, mimin seneng banget liat Kk sudah melakukan transaksi di PLN Mobile. PLN Mobile siap jadi solusi yg tepat utk penuhi kebutuhan listrik pelanggan. Apk ini cocok buat kamu yg ga mau ribet, karena memberikan kemudahan akses & informasi yg jelas. Ajak temen & sahabat Kk jg yuk utk download PLN Mobile. :) -FE",2025-12-09 02:23:06,5.2.75,pln mobile sangat membatu saya untuk pembelian pulsa dan ganguan listrik di rumah saya
75a9a05c-2405-41c4-88c1-00040514622a,Riki junanda chanel,https://play-lh.googleusercontent.com/a-/ALV-UjXep4T36e8b_FmNR7lSCFIG1uQck2LKZnE2HOvescqajqzvjet-,PLN mobile sangat membantu buat kami dan banyak promo yg bisa kita ketahui PLN hebat,5,0,5.2.75,2025-12-08 13:13:41,"Makasih ya Kak Riki udah kasih rating terbaik dan setia dengan layanan PLN Mobile. PLN Mobile cocok dijadikan andalan utk atasi kendala listrik. Lewat fitur Pengaduan, petugas siap atasi masalah yg terjadi. Yuk, ajak sahabat dan kerabat Kk untuk download PLN Mobile. Tks. -FE",2025-12-09 02:21:47,5.2.75,pln mobile sangat membantu buat kami dan banyak promo yg bisa kita ketahui pln hebat
0cfcd73d-df79-46b6-ad20-ad73d5782a52,Suyono Bawur,https://play-lh.googleusercontent.com/a/ACg8ocL66oBsXS_ymbNnJrhZp50vO0Xr-iOChowbGF0fZIRRMHWCRg=mo,sangat membantu pelayanan PLN semakin mudah dan handal,5,0,5.2.75,2025-12-08 13:13:13,"Kak Suyono, makasih ya udah pakai dan setia dengan layanan digital kami. PLN Mobile terus memberikan kemudahan kepada pelanggan dalam hal kelistrikan. PLN Mobile cocok banget buat direkomendasikan ke teman dan keluarga Kk, karena cepat dan praktis. Semoga PLN Mobile trs kasih kemudahan buat kamu ya. :) -FE",2025-12-09 02:21:02,5.2.75,sangat membantu pelayanan pln semakin mudah dan handal
74c9d884-fba4-443a-923f-b0d32fc252fc,Maya Ninon,https://play-lh.googleusercontent.com/a-/ALV-UjX-a2AKMjjDCeXaFQlm2-g1xaZq5gqZhqpdbCKYPBUpuPLUaaY,Pln membantu cek tagihan bulanan dan membeli token tanpa keluar rumah karna dapat langsung belu di pln mobile,5,0,5.2.26,2025-12-08 13:11:04,"Pagi Kak Maya, makasih ya untuk ulasan yang udah diberikan buat PLN Mobile. Dengan PLN Mobile, semua kebutuhan listrik jd makin praktis. PLN Mobile hadir utk pelanggan biar lebih hemat waktu dan tenaga. Yuk ajak teman, sahabat dan keluarga Kk buat jadi pengguna setia PLN Mobile. Have a nice day. :) -FE",2025-12-09 02:20:38,5.2.26,pln membantu cek tagihan bulanan dan membeli token tanpa keluar rumah karna dapat langsung belu di pln mobile
b693858c-6c6b-422b-953a-5d20648a057c,Dal Gup,https://play-lh.googleusercontent.com/a/ACg8ocJgHWdry4YwWGc2T_FivBKdVYmwI0obG28lLsgvlL5VIp9PvA=mo,"Aplikasinya bagus, pelayanan nya juga bagus, cepat",5,0,5.2.75,2025-12-08 13:09:28,"Terima kasih atas dukungannya, Kak. PLN Mobile terus berkembang biar makin fleksibel bantu kamu kapan aja & di mana aja. Yuk rekomendasikan ke kerabat dan keluarga Kk utk download PLN Mobile. :) -IP",2025-08-31 09:42:54,5.2.75,aplikasinya bagus pelayanan nya juga bagus cepat
1bc92400-5767-4951-807e-710eae6b21b2,Tino Katino,https://play-lh.googleusercontent.com/a/ACg8ocI2kr_OVYoRRDyeyqwD8FNqH4_aWEH_k-YR5ayqFMkcTI538g=mo,PLN mobil gas puol,5,0,5.2.75,2025-12-08 13:09:15,"Hai Kak Tino, makasih buat ulasannya ya Kak, wah semoga pengalaman menggunakan PLN Mobile selalu menyenangkan ya Kak. Ditunggu update info dan promo lainnya dari kami ya. Stay Healthy - JA",2025-09-12 08:45:23,5.2.75,pln mobil gas puol
4716ae3b-d656-481e-b697-f383c053bc40,Muhammad Hakim,https://play-lh.googleusercontent.com/a-/ALV-UjXBR-SNQ3HgGnkLSTwlzZ08PEsVhcMuqYwH3ZTsUnoXHoTIDsk,"memudahkan pengguna, juga dapat mengetahui sisa token tanpa harus melihat ke meteran 😁",5,0,5.2.75,2025-12-08 13:06:20,"Hai Kak Hakim, makasih ya utk review dan rating maksimal yg Kk berikan. PLN Mobile hadir untuk memberikan kemudahan bagi pelanggan dalam hal kelistrikan. PLN Mobile cocok banget nih buat direkomendasikan ke teman Kk kalo butuh yg praktis. Jangan lupa untuk cek selalu PLN Mobile ya, karena akan ada informasi & promo menarik. Tks. -FE",2025-12-09 02:20:09,5.2.75,memudahkan pengguna juga dapat mengetahui sisa token tanpa harus melihat ke meteran
01ba6bc8-e177-444a-b879-f53c9e816a79,Meisita Ramadani,https://play-lh.googleusercontent.com/a/ACg8ocLJFY8qXpYsDphyX7WN_i5bPCqfANUw0Htr2UZVzH8N2sV2ug=mo,"Aplikasinya mudah digunakan,bisa naik daya tanpa harus datang kekantor,apalagi banyak promonya",5,0,,2025-12-08 13:05:56,Terima kasih ya Kak Meisita udah kasih ulasan dan rating terbaik buat PLN Mobile. Mimin ikut senang kalo fitur-fitur yg ada di PLN Mobile udah bantu aktivitas listrik kamu. Semoga PLN Mobile tetap jadi pilihan utama Kk dalam memenuhi kebutuhan listriknya ya. Jangan lupa buat ajak teman dan sahabat untuk download PLN Mobile. Tks. -FE,2025-12-09 02:19:35,,aplikasinya mudah digunakan bisa naik daya tanpa harus datang kekantor apalagi banyak promonya
cf411732-7e2b-4415-9887-15daf39efac0,Aji Akbar,https://play-lh.googleusercontent.com/a/ACg8ocImasny29H8D81EzfkQXwID1Ca-ndrHuGt0E_Nv3Syx7CAF_c0=mo,sangat mudah dan membantu,5,0,,2025-12-08 13:05:55,"Wah, mimin seneng banget liat ulasan dari Kak Aji utk PLN Mobile. Terima kasih ya udah jadi bagian dari pelanggan digital kami. Mimin akan terus mengoptimalkan layanan yang cepat, praktis dan ramah pengguna. Tunggu apa lagi, yuk ajak kerabat dan keluarga buat gunain PLN Mobile. Semoga PLN Mobile terus kasih kenyamanan buat kamu ya. :) -FE",2025-12-09 02:16:15,,sangat mudah dan membantu
1ed33b0a-41a2-4f48-92de-1280bd8b3e17,Pashe Asa,https://play-lh.googleusercontent.com/a-/ALV-UjXo6AxG_LcRQLg-sc3XXhVHRpOApqlZuNSgZlzePwlUWzAM99c,respon cepat top lah pln mobile,5,0,,2025-12-08 13:00:15,"Senangnya kalo PLN Mobile udah bantu Kak Pashe, thanks ya udah akses layanan yang ada di PLN Mobile. PLN Mobile akan terus kasih kemudahan buat pelanggan dalam hal kelistrikan. Recommended banget nih buat teman dan keluarga kalo butuh yg cepat dan praktis. Semoga aktivitasnya dilancarkan ya. :) -FE",2025-12-09 02:15:29,,respon cepat top lah pln mobile
06f5a6a2-7a65-4f84-affb-3e9e2b24bb96,aan diamond,https://play-lh.googleusercontent.com/a/ACg8ocLQQIJbIZOg3zEX4PQkNCx8jngJpVwaVeO27A7Vp1-zc8yIaw=mo,oke... pelayanan bagus dan cepat,5,0,,2025-12-08 12:58:33,"Mimin seneng banget sama ulasan yang Kak Aan kasih, thanks ya udah setia dengan layanan PLN Mobile. Kepercayaan yang Kk berikan bantu kami untuk terus tingkatkan pelayanan kpd pelanggan. Semoga Kk terus mendapatkan kenyamanan saat menggunakan PLN Mobile ya. Have a nice day. :) -FE",2025-12-09 02:15:01,,oke pelayanan bagus dan cepat
1d05cd73-1e4e-458c-b17b-321529467461,Robet Imanuel,https://play-lh.googleusercontent.com/a/ACg8ocJ_9usvuFhPmjtMGcBeoK3GEow95jAH5SsQ2o7LuiOY1h85aw=mo,Laporan tidak harus ke 123. Lewat pln mobile juga respon cepat. Jos pokok e,5,0,,2025-12-08 12:58:20,"Makasih ya Kak Robet, mimin seneng banget liat Kk sudah pakai PLN Mobile. PLN Mobile siap jadi solusi yg tepat utk penuhi kebutuhan listrik pelanggan. Apk ini cocok buat kamu yg ga mau ribet. Dengan PLN Mobile, semua jadi satset. Yuk, ajak temen & sahabat Kk utk download PLN Mobile. :) -FE",2025-12-09 02:14:33,,laporan tidak harus ke 123 lewat pln mobile juga respon cepat jos pokok e
07d6576f-d313-48fa-9682-4fc1c2215948,Novita Rahayu,https://play-lh.googleusercontent.com/a/ACg8ocL5tzo0wKH097MH9bvtAtpkItdFQcZZgIVVWV4US90GDcmV0w=mo,"Sangat membantu kendala2 pada meteran rusak,cepet ditangani",5,0,5.2.75,2025-12-08 12:56:38,"Hai Kak Novita, thanks ya udah jadi pengguna layanan PLN Mobile. PLN Mobile akan trs kasih kenyamanan dan kemudahan buat pelanggan dlm bertransaksi. Kk ga perlu repot keluar rumah karena semua transaksi bisa dilakukan lewat virtual account & dompet digital yg ada. Yuk, rekomendasiin PLN Mobile ke teman & keluarga. :) -FE",2025-12-09 02:13:02,5.2.75,sangat membantu kendala2 pada meteran rusak cepet ditangani
c81b8e9a-06f8-4804-8f72-e204227af06a,Sivaur Gymnastiar,https://play-lh.googleusercontent.com/a-/ALV-UjVzGX7clRRlZcldHYFCEoVZv2fsSFQGhVEy185V4phhdwV1zbE,baik sekali,5,0,5.2.75,2025-12-08 12:56:28,"Halo Kak Sivaur, thanks ya buat penilaiannya. Mau pasang listrik sementara buat Pesta/Acara? Langsung ajah daftar di PLN Mobile melalui menu Pemasangan Sementara. Stay safe ya -DL",2025-11-25 05:03:27,5.2.75,baik sekali
3d201ce4-0e41-4d65-b879-5e4beb11c396,Nanang Subagio,https://play-lh.googleusercontent.com/a/ACg8ocLCba9L56Lqr6c1BpjdJ-hQddrRBxe4l7Vipe352bfPVfc6_g=mo,"Dengan adanya pln mobile,semua jdi mudah,tidak perlu jauh2 datang kekantor, apalagi jika terjadi lampu padam ,tinggal difoto lewat pln mobile petugas tk lama datang memperbaiki",5,0,,2025-12-08 12:53:55,"Halo Kak Nanang, ulasan yg Kk kasih bikin hari mimin jadi tambah semangat nih, makasih banyak ya Kak. PLN Mobile akan trs berikan kenyamanan buat pelanggan dlm bertransaksi. Kk ga perlu repot keluar rumah karena semua transaksi bs dilakukan lewat virtual account & dompet digital yg tersedia. Yuk, rekomendasiin PLN Mobile ke teman & keluarga. :) -FE",2025-12-09 02:12:41,,dengan adanya pln mobile semua jdi mudah tidak perlu jauh2 datang kekantor apalagi jika terjadi lampu padam tinggal difoto lewat pln mobile petugas tk lama datang memperbaiki
224f9bad-7323-4603-95c9-8df910413d19,Imam Santoso,https://play-lh.googleusercontent.com/a/ACg8ocI687_JbrjKugr8_f-9Hf7zS-W56bA6Kp7unc5HYbIWL9UhxA=mo,respon cepat tanggap. pertahankan selalu.,5,0,,2025-12-08 12:52:48,"Halo Kak Imam, terima kasih ya udah akses layanan PLN Mobile. PLN Mobile hadir utk pelanggan biar lebih hemat waktu dan tenaga. Semua kebutuhan listrik bisa terpenuhi via PLN Mobile kapan aja dlm waktu singkat. Yuk, ajak teman dan sahabat kamu utk jd pengguna setia PLN Mobile. Tks. -FE",2025-12-09 02:11:52,,respon cepat tanggap pertahankan selalu
1fa517ed-6bf9-4353-9efc-01b3fde6da1e,Erwin Kurnia Yunianto,https://play-lh.googleusercontent.com/a-/ALV-UjWvOeuT_WwcYJ0tEY-OINf6uBo6y-bLm2IJAvtlfbQeS4osG0xQ,bagus,5,0,5.2.75,2025-12-08 12:52:15,"Terima kasih ya Kak Erwin udah setia bareng PLN Mobile. Kamu adalah pelanggan yang luar biasa. PLN Mobile kasih solusi terbaik yang bisa bantu kamu kapan aja tanpa ribet. Yuk rekomendasiin teman dan sahabat kamu buat download PLN Mobile, ga akan nyesel deh. Semoga pengalaman pakai PLN Mobile makin menyenangkan ya. :) -FE",2025-12-09 02:11:26,5.2.75,bagus
a3bd7ac4-a923-47a4-bfc5-0f5d18a117a0,Faisal Fadillah,https://play-lh.googleusercontent.com/a/ACg8ocJh20rcyFlaTshXoLx3NZrWxNkVi8cMFC7HGRW8XU_IqvoFhA=mo,semakin mudah bertransaksi 👍 keren saya dukung terus 👌,5,0,,2025-12-08 12:50:49,"Mimin seneng banget sama ulasan yg Kak Faisal kasih, thanks ya. PLN Mobile jadi aplikasi yang hadirkan banyak solusi. Kalo mau beli token listrik, ga perlu lagi keluar rumah. Dengan PLN Mobile, semua jadi beres dlm waktu singkat. Yuk ajak keluarga kamu buat download PLN Mobile. :) -FE",2025-12-09 02:10:37,,semakin mudah bertransaksi keren saya dukung terus
63a07f10-c391-4083-bd86-14fbbfa2e341,Khansa Rachmania,https://play-lh.googleusercontent.com/a/ACg8ocIzQkIykk_RDAVibACD5HCIMOWDNYOgiluY1uaCFagZwAQDjHO1=mo,"Aplikasi ini sangat membantu dan memudahkan pelanggan perihal kelistrikan, respon yang cepat, fitur-fitur yang lengkap dan terbaru serta penggunaannya pun tidak dikenai biaya, menu nya lengkap dan mudah dipahami, penanganan gangguan kelistrikannya pun cepat. Terima kasih untuk PLN dan semoga selalu bisa memberikan pelayanan yang paling terbaik untuk semua masyarakat indonesia",5,0,5.2.75,2025-12-08 12:50:32,"Bisa aja nih Kak Khansa. Btw makasih ya Kak untuk feedbacknya. Ingin tau biaya Pasang Baru, klik ajah menu simulasi biaya di PLN Mobilemu, semua makin mudah. Salam sehat selalu. -FIF
",2025-11-26 03:01:54,5.2.75,aplikasi ini sangat membantu dan memudahkan pelanggan perihal kelistrikan respon yang cepat fitur fitur yang lengkap dan terbaru serta penggunaannya pun tidak dikenai biaya menu nya lengkap dan mudah dipahami penanganan gangguan kelistrikannya pun cepat terima kasih untuk pln dan semoga selalu bisa memberikan pelayanan yang paling terbaik untuk semua masyarakat indonesia
6560c30d-8358-4e6f-a3d0-b713b11cf272,Ikhwan Nalkirom,https://play-lh.googleusercontent.com/a/ACg8ocLhI48ley55u3EcY-0SEG8HxZF0k-z3JwnSNAaQtUzJWSWbRw=mo,"Mudah digunakan..jika ada trobel listrik,tinggal difoto ,petugas gercep g lama datang..",5,0,,2025-12-08 12:47:54,"Wah, mimin seneng banget sama ulasan yg Kak Ikhwan berikan, terima kasih ya. PLN Mobile jadi aplikasi yang memberikan banyak solusi. Kalo mau beli token listrik, ga perlu lagi keluar rumah. Dengan PLN Mobile, semua jadi beres dlm waktu singkat. Yuk ajak keluarga kamu buat download PLN Mobile. :) -FE",2025-12-09 02:10:04,,mudah digunakan jika ada trobel listrik tinggal difoto petugas gercep g lama datang
b1ab19d6-8bba-49b8-b996-ecb51b3653a5,Budi Santoso,https://play-lh.googleusercontent.com/a-/ALV-UjVqGQmJKEA2PpG4F9Swo4aFp6dXoo--XdcF8eYqEjmsLB0IBfuB,terbaik.,5,0,5.2.75,2025-12-08 12:42:39,"Hai Kak Budi, thx ya buat ulasan dan rating maksimal yang diberikan. Sekarang, atasi kendala listrik jd lebih gampang dgn PLN Mobile. Kk bs akses fitur-fitur yg ada di PLN Mobile hanya dgn satu kali klik. Yuk ajak orang-orang terdekat kamu utk download aplikasi PLN Mobile. Semoga pengalaman bersama PLN Mobile selalu menyenangkan ya. :) -FE",2025-12-09 02:09:05,5.2.75,terbaik
1f4301ff-a851-44c2-847d-755d34f0baf3,Ciciaa Aliataaa,https://play-lh.googleusercontent.com/a/ACg8ocJa62Pvdec68bnCtuHdx3SGuzl1UgeYj5IOIGfQNhKL-4RXZA=mo,Apliksi sangat membantu👍,5,0,,2025-12-08 12:42:11,"Selamat pagi Kak, makasih ya buat ulasan dan rating maksimal untuk PLN Mobile. Sekarang, atasi kendala listrik jd lebih gampang dgn PLN Mobile. Kk bs akses fitur-fitur yg ada di PLN Mobile dgn satu kali klik. Yuk, ajak orang-orang terdekat kamu utk download aplikasi PLN Mobile. Semoga pengalaman dgn PLN Mobile selalu menyenangkan. :) -FE",2025-12-09 02:08:06,,apliksi sangat membantu
e6f1fbf7-a4a8-46f7-8a82-5e00d8c9fe52,F izmi Channel,https://play-lh.googleusercontent.com/a/ACg8ocJMooVlFouSSO1xHp_Y5MOQ7LqnM6KfyoJP9su1LQ6RPfneCw=mo,"PLN Mobile menurut saya cukup membantu. Semua kebutuhan listrik bisa diurus dari aplikasi, jadi lebih cepat dan nggak ribet. Fitur-fiturnya juga gampang dimengerti.",5,0,,2025-12-08 12:41:57,"Terima kasih ya Kak Izmi udah jadi pengguna PLN Mobile. Mimin ikut senang kalau urusan listrik Kk jd praktis dengan adanya PLN Mobile. Semoga PLN Mobile terus jadi andalan Kk ya. Yuk, share pengalaman ini & ajak keluarga kamu buat download PLN Mobile. Tks. -FE",2025-12-09 02:06:22,,pln mobile menurut saya cukup membantu semua kebutuhan listrik bisa diurus dari aplikasi jadi lebih cepat dan nggak ribet fitur fiturnya juga gampang dimengerti
594ec6fe-4074-4807-9674-780414f276f6,Didin B bisri,https://play-lh.googleusercontent.com/a/ACg8ocLv_SLU0nHEBUsLGC549PLsoXFFVBaI0tYmSf40flUDZgQ5pg=mo,sangat membatu adanya aplikasi pln mobile sangat mudah bayar,5,0,5.2.75,2025-12-08 12:41:54,"Hi Kak Didin. Tengkyu ya Kak penilaiannya buat PLN Mobile. Ingin tau biaya Pasang Baru, klik ajah menu simulasi biaya di PLN Mobilemu, semua makin mudah. Stay Healthy.-CD
",2025-11-27 08:05:18,5.2.75,sangat membatu adanya aplikasi pln mobile sangat mudah bayar
8da65a81-db7b-48f4-b8d9-adaba03b4da4,Hanan Azka,https://play-lh.googleusercontent.com/a/ACg8ocL7XHvNdIN-CGwtupV_6GsmldJg4PzpUCFT3EvLuvtSsgVCBQ=mo,respon cepat,5,0,,2025-12-08 12:40:14,"Terima kasih buat ulasan dan rating sempurna nya ya, Kak Hanan. Yuk nikmati terus berbagai fitur yg ada di PLN Mobile. Kalo mau cek lokasi SPKLU terdekat, langsung aja buka PLN Mobile. Semoga pengalaman bersama PLN Mobile makin menyenangkan ya. :) -FE",2025-12-09 02:06:02,,respon cepat
893eda32-b2f9-4143-9908-8d0964105867,Badutmu Badutmu,https://play-lh.googleusercontent.com/a/ACg8ocKbEgrqAK8_lUbLyic_7TidlbhhouL2SFh6YtKvTClmV_-7-w=mo,semakin di depan...,5,0,,2025-12-08 12:40:02,"Bisa aja nih Kak. Btw makasih ya Kak untuk bintang 5 nya. Ayo ajak keluargamu download PLN Mobile. kamu bisa dapat informasi dan Promo PLN hanya dengan rebahan, loh! Stay safe ya -RA",2025-08-02 22:49:41,,semakin di depan
5f392c43-d27b-4d1b-8aca-01fe6f5344b5,SLAWEE 89,https://play-lh.googleusercontent.com/a-/ALV-UjUcJ-CJ3hUjAjxQLwl0Xk2mwwAD9gkQxM-UqrGlC_SYLpyBdFfX,jayaa,5,0,5.2.75,2025-12-08 12:39:22,"Hai Kakak, thanks ya buat penilaiannya, semoga semakin setia menggunakan PLN Mobile. Keluargamu males buat keluar rumah hanya untuk bayar tagihan listrik, kuy rekomendasiin buat gunain PLN Mobile. Stay safe ya -DL",2025-11-25 05:42:44,5.2.75,jayaa
a441b49f-ed13-4783-89c4-59c8bb08267f,Mukhlis Khkise,https://play-lh.googleusercontent.com/a/ACg8ocIqTL9aInMUFPb6Z8vf_iL_eMc4-KxVnEHS4KKSk9QvZjXLnA=mo,Respon sangat cepat.. mantap.,5,0,5.2.75,2025-12-08 12:38:37,"Hai Kak Mukhlis, mimin sangat menghargai apresiasi yg Kk berikan, terima kasih ya udah akses layanan PLN Mobile. PLN Mobile hadir utk pelanggan biar lebih hemat waktu dan tenaga. Semua kebutuhan listrik bisa terpenuhi via PLN Mobile kapan aja dlm waktu singkat. Yuk, ajak teman dan sahabat kamu utk jd pengguna setia PLN Mobile. Tks. -FE",2025-12-09 02:04:45,5.2.75,respon sangat cepat mantap
4d73230c-cc89-421a-805e-b09862a0157b,Riana Dewi,https://play-lh.googleusercontent.com/a/ACg8ocLbcI9mMT00-kkzuRBoWeiuQF7MTR1R2qot8ZeJ8XyyoDfC9Q=mo,"Mantap, aplikasi PLN mobile ini sangat membantu banget dalam pasang baru, cek tagihan dan beli token. Pembelian token jadi lebih mudah, dan gak ribet mantulll dehh",5,0,5.2.75,2025-12-08 12:36:40,"Halo Kak Riana, mimin sangat menghargai apresiasi yg Kk berikan, terima kasih ya udah akses layanan PLN Mobile. PLN Mobile hadir utk pelanggan biar lebih hemat waktu dan tenaga. Semua kebutuhan listrik bisa terpenuhi via PLN Mobile kapan aja dlm waktu singkat. Yuk, ajak teman dan sahabat kamu utk jd pengguna setia PLN Mobile. Tks. -FE",2025-12-09 02:04:32,5.2.75,mantap aplikasi pln mobile ini sangat membantu banget dalam pasang baru cek tagihan dan beli token pembelian token jadi lebih mudah dan gak ribet mantulll dehh
32f4ced3-2ae4-485e-9145-07838dde9e4d,Rilla Fauziyah,https://play-lh.googleusercontent.com/a/ACg8ocKXleczUkcrHbnDAA__pnng6Av9rg-ksGaAgGAxBHeco62iqQ=mo,"aplikasi berfungsi, petugas gercep",5,0,5.2.75,2025-12-08 12:34:45,"Terima kasih atas kepercayaan yg udah diberikan untuk PLN Mobile ya, Kak Rilla. PLN Mobile bisa jd solusi yg tepat utk penuhi kebutuhan listrik pelanggan. PLN Mobile cocok digunakan utk kamu yg ga mau ribet, karena gampang banget buat diakses. Yuk, ajak orang terdekat Kk buat download PLN Mobile & nikmati kemudahan dari apk ini. Tks. -FE",2025-12-09 02:04:10,5.2.75,aplikasi berfungsi petugas gercep
460f1457-fb51-42a4-8e74-e458a4400a7c,Fadli Riazon,https://play-lh.googleusercontent.com/a/ACg8ocJEjcX8CLw4A-2t-y6MSKARJjUL7CXqpy1pxPOGKIkPy016kw=mo,Aplikasinya memudahkan,5,0,,2025-12-08 12:33:42,"Terima kasih ya Kak Fadli udah berbagi pengalaman menggunakan PLN Mobile. Mimin ikut senang kalau urusan listrik Kk jd praktis dengan adanya PLN Mobile. Semoga PLN Mobile terus jadi andalan Kk ya. Yuk, share pengalaman ini & ajak bestie kamu buat download PLN Mobile. Have a nice day. :) -FE",2025-12-09 02:03:38,,aplikasinya memudahkan
c0ee1e53-da9d-4a74-9f4a-761c70cdfd3c,Mewi Bks,https://play-lh.googleusercontent.com/a/ACg8ocKq2czczOja9iSX63rKX1s3APltpDdyW3Kpk0mtGW4dnGwJMg=mo,dengan aplikasi PLN mobile ini segalanya mudah dan cepat,5,0,,2025-12-08 12:33:09,"Wah, mimin seneng banget deh Kk udah jadikan PLN Mobile sebagai pilihan, terima kasih ya Kak. Sebagai informasi, Kk bisa melakukan catat meter mandiri lewat fitur SwaCAM yg ada di PLN Mobile loh. Tunggu apa lagi, langsung aja ajak teman dan keluarga kamu buat download PLN Mobile. Have a great day. :) -FE",2025-12-09 02:03:10,,dengan aplikasi pln mobile ini segalanya mudah dan cepat
ffb4c99d-71e6-4692-8807-a7c45664cbda,katimin,https://play-lh.googleusercontent.com/a/ACg8ocLAHHhTpec_a2Y0dcyuM6wYjrj-hxdCaQmqU9OVX80YaFi5zg=mo,"Aplikasi PLN Mobile sangat membantu untuk berbagai kebutuhan listrik, mulai dari cek tagihan, pengaduan, hingga layanan swacam. Tampilan aplikasinya cukup jelas dan fitur-fiturnya mempermudah proses layanan tanpa harus datang ke kantor. Secara keseluruhan, aplikasi ini membuat layanan PLN lebih praktis dan efisien.",5,0,,2025-12-08 12:32:18,"Wah, mimin seneng bgt kalo PLN Mobile udah memudahkan aktivitas Kak Katimin, thanks ya udah pakai PLN Mobile. Layanan platform digital ini dirancang agar kebutuhan listrik pelanggan jd lebih mudah terpenuhi. Semua bisa beres hanya dlm genggaman, enak banget kan. Yuk, ajak sahabat dan keluarga kamu buat download PLN Mobile. :) -FE",2025-12-09 02:02:20,,aplikasi pln mobile sangat membantu untuk berbagai kebutuhan listrik mulai dari cek tagihan pengaduan hingga layanan swacam tampilan aplikasinya cukup jelas dan fitur fiturnya mempermudah proses layanan tanpa harus datang ke kantor secara keseluruhan aplikasi ini membuat layanan pln lebih praktis dan efisien
0eb45653-63bd-4042-acdc-807b5b30d000,Dirgantara Cs,https://play-lh.googleusercontent.com/a/ACg8ocIlRp-Qeda_FzSjW9tMfDM2VmYAHDq8cUPR2A-EtE5NU-65yQ=mo,🤘,5,0,5.2.75,2025-12-08 12:31:38,"Selamat pagi Kak, makasih ya untuk ulasan yang udah diberikan buat PLN Mobile. Dengan PLN Mobile, semua kebutuhan listrik jd makin praktis. PLN Mobile hadir utk pelanggan biar lebih hemat waktu dan tenaga. Yuk ajak teman, sahabat dan keluarga Kk buat download PLN Mobile. Have a nice day. :) -FE",2025-12-09 02:01:43,5.2.75,
5fa0a072-95ed-420a-9505-937071e38a23,oi jems,https://play-lh.googleusercontent.com/a/ACg8ocKOlltgOgjwxsPUFf5dwQUnYslW30z3WR8lP4J3JjrM9QBNEQ=mo,"aplikasi yang bagus, bisa bantu bayar listrik bulanan, dan kalau complain juga cepat responnya",5,0,,2025-12-08 12:27:36,"Hai Kak Jems. Sebelumnya mimin ingin berterima kasih pd Kk buat apresiasi yg diberikan. Jgn lupa di ajak jg kerabatnya buat pakai PLN Mobile ya Kak. PLN selalu hadirkan platform terbaik dgn menciptakan produk layanan yg handal, solutif & makin efisien serta trs melangkah maju dlm memberikan manfaat terutama di era digitalisasi. :) -MF",2025-12-08 12:36:36,,aplikasi yang bagus bisa bantu bayar listrik bulanan dan kalau complain juga cepat responnya
c98f1c9f-ec25-457c-8f68-67b53b7ee823,nay killa,https://play-lh.googleusercontent.com/a/ACg8ocI5Ss8mHE_IGQHX4nUR71Ovdyqb6AzJAcNRAfmO72VcOYcFmQ=mo,aplikasinya bagus dan membantu,5,0,,2025-12-08 12:26:40,"Yuhu Kak Killa, terima kasih sudah memberikan rating cantiknya untuk aplikasi PLN Mobile. Ayo ajak keluarga Kk juga buat download PLN Mobile dlm mengurus kebutuhan listrik rumah. Disana tentu Kk bisa juga dapat informasi & Promo PLN hanya dengan rebahan, loh. Have a nice day. :) -MF",2025-12-08 12:36:31,,aplikasinya bagus dan membantu
3181c2f4-00a1-4659-9d57-5020c118ae4c,Julia Masyitha,https://play-lh.googleusercontent.com/a-/ALV-UjVTOyNoZrCuQDvYNDUALE8EeL0T93kK-HHd0a4dJUMRwilHbgo,PLN Mobile Solusi terbaik ⭐⭐⭐⭐⭐,5,0,5.2.75,2025-12-08 12:26:31,"Halo Kak Julia. Wah senangnya dpt review positif dr Kk, thanks ya. Tentu PLN selalu hadirkan platform terbaik dgn menciptakan produk layanan yg handal, solutif & makin efisien serta trs melangkah maju dlm memberikan manfaat terutama di era digitalisasi. Kuy, diajak jg kerabatnya buat pakai PLN Mobile. Sehat selalu yah. :) -MF",2025-12-08 12:36:20,5.2.75,pln mobile solusi terbaik
8b1c795c-8136-4935-b120-94c5727b41a3,ten zy,https://play-lh.googleusercontent.com/a/ACg8ocK_0bN7IwciTzEXsDGltDBWqknjGaHIX1A4CHyb_c5EEbSTtQ=mo,aplikasinya sangat membantu buat bayar token,5,0,,2025-12-08 12:25:36,"Hai Kak, mimin ucapkan terima kasih buat rating terbaiknya. Pastinya PLN senantiasa memberikan layanan-layanan yg semakin inovatif, efektif serta solutif. Segera ajak kerabat serta keluarganya jg utk menggunakan PLN Mobile dlm mengurus segala kebutuhan listrik rumah. Sukses selalu Kak. :) -MF",2025-12-08 12:36:14,,aplikasinya sangat membantu buat bayar token
83b2b40e-0482-4c9d-a635-fc5ad189890c,Pariston Manuel Simbolon,https://play-lh.googleusercontent.com/a-/ALV-UjWWZjukIbL15OIpnMr3OMWfiqsSJsJi8x_LoKlpW7m7gflp5Y0x,Aplikasi yg sangat bermanfaat & mudah 👍👍,5,0,5.2.75,2025-12-08 12:22:06,"Halo Kak Pariston, wah mimin turut bersuka cita ya & thanks jg buat feedback, serta bintang 5 nya. Semoga pengalaman menggunakan layanan digital PLN ini senantiasa menyenangkan buat Kk & jg makin membantu pelanggan dgn maksimal dlm memenuhi kebutuhan kelistrikannya. Yuk, jgn lupa diajak temen2 Kk utk menggunakan PLN Mobile. Sukses selalu ya. :) -MF",2025-12-08 12:36:08,5.2.75,aplikasi yg sangat bermanfaat mudah
47de7bd1-1117-4304-856b-037388be90ce,Sobarudin Panji,https://play-lh.googleusercontent.com/a/ACg8ocKRJHfzm3tXkrWD3QzXzfBGPlo9jfH6lG1_QeqZGQIIzS4jmw=mo,"fitur semakin lengkap, untuk proses apapun sudah bisa. terbaik PLN mobile ini 👍👍",5,0,5.2.75,2025-12-08 12:19:53,"Halo Kak Sobarudin. Mimin seneng deh kalo Kakak suka sama aplikasi PLN Mobile. Nikmati jg fitur penyambungan baru & tambah dayanya ya kak, semua mudah dalam satu genggaman. Salam sehat selalu. -SF",2025-08-26 07:01:45,5.2.75,fitur semakin lengkap untuk proses apapun sudah bisa terbaik pln mobile ini
5d7ea734-1a6e-4731-b746-685e8ce71457,yusti Marzi,https://play-lh.googleusercontent.com/a/ACg8ocIaZyF2iU42NTyaW4nYA3nZca-5kBrUyfj7SlDXs7CTaI-1lA=mo,Semakin canggihnya era semakin simplenya untuk melakukan pekerjaan apalagi untuk melakukan pasang listrik ataupun tambah daya tanpa harus ke kantor. Pln terima kasih untuk pln mobilenya 🙂‍↕️,5,0,,2025-12-08 12:19:21,"Halo Kak Yusti, mimin seneng deh bila Kk sdh menjadi bagian dari PLN Mobile. Nikmati jg berbagai fitur yg ada ya Kak & pastinya semua makin praktis dalam satu genggaman aplikasi. Yuk, rekomendasikan ke temen & keluarga Kk buat menggunakan layanan digital PLN ini. Terima kasih jg buat bintang cantiknya ya Kak. Salam PLN Terbaik. :) -MF",2025-12-08 12:35:52,,semakin canggihnya era semakin simplenya untuk melakukan pekerjaan apalagi untuk melakukan pasang listrik ataupun tambah daya tanpa harus ke kantor pln terima kasih untuk pln mobilenya
d0855803-f9d5-406e-9c5c-056d45749072,Danoe Samsuli,https://play-lh.googleusercontent.com/a/ACg8ocKch4cAjQaqCRTLCc4OqPDxfnkW-xmPdgcOTdfJHiHCAW8j8w=mo,Terima kasih untuk pln mobile karena dengan aplikasinya sangat membantu sekali untuk costumer pln,5,0,,2025-12-08 12:17:03,"Hai Kak Danoe. Mimin seneng deh kalo Kakak suka, apalagi sdh terbantu dgn adanya aplikasi PLN Mobile. Yuk nikmati juga berbagai fitur yg tersedia di layanan digital PLN ini, karena semua semakin mudah dalam satu genggaman aplikasi. Praktis bangetkan. Yuk, di update jg ke versi terbaru PLN Mobile nya ya. Have a nice day Kak. :) -MF",2025-12-08 12:35:44,,terima kasih untuk pln mobile karena dengan aplikasinya sangat membantu sekali untuk costumer pln
2f21a7a5-0bce-4af8-a177-2ed532759764,Velent Vincent Stevanus Mokoginta,https://play-lh.googleusercontent.com/a-/ALV-UjUMDrIAHGnJ2MNW4p5X4KPH6WLZfKh0KVpfnB9rVCQdx-KkMp8,aplikasi yang sangat mudah digunakan pelanggan dalam berurusan dengan pln.,5,0,5.2.75,2025-12-08 12:16:56,"Halo Kak Velent, mimin ucapkan terima kasih jg ya buat rating cantiknya. Pastinya PLN berkomitmen serta konsisten utk selalu menghadirkan platform yg solutif dlm menjawab harapan2 pelanggan setia PLN Mobile. Yuk, segera rekomendasikan ke kerabat Kk buat pakai PLN Mobile utk mengurus keperluan listrik rumah. Salam PLN Terbaik. :) -MF",2025-12-08 12:35:41,5.2.75,aplikasi yang sangat mudah digunakan pelanggan dalam berurusan dengan pln
dc8d082e-75a1-45cc-93de-f498eaaa8ecd,Santo Yusup,https://play-lh.googleusercontent.com/a/ACg8ocK1VnTAB_HnEQaz_-EH8EBHjm3tjA4594Rewe2vR4TE9dQxwQ=mo,terimakasih PLN. Dengan aplikasi ini bisa mendapatkan banyak promo 🥰,5,0,,2025-12-08 12:16:55,"Hai Kak Santo. Mimin seneng deh kalo Kakak suka, apalagi sdh terbantu dgn adanya aplikasi PLN Mobile. Yuk nikmati juga berbagai fitur yg tersedia di layanan digital PLN ini, karena semua semakin mudah dalam satu genggaman aplikasi. Praktis bangetkan. Yuk, di ajak jg kerabat Kk buat pakai PLN Mobile ya. Have a nice day Kak. :) -MF",2025-12-08 12:35:20,,terimakasih pln dengan aplikasi ini bisa mendapatkan banyak promo
04f59771-7ac2-4540-b746-c5be32257e4b,Indah septia,https://play-lh.googleusercontent.com/a/ACg8ocKHHYBw0RxykheDtrgtrlqJIsJEizLvZ_tsC6IeUDfrVUlfzA=mo,"untung ada pln mobile saat gangguan bisa lapor dari pln mobile, gampang sat set petugas langsung datang",5,0,,2025-12-08 12:14:22,"Halo Kak Indah, terima kasih jg buat apresiasinya ya. Pastinya PLN berkomitmen serta konsisten utk selalu memberikan pelayanan yg responsif & profesional, karena itu sbg bentuk dedikasi menjaga kenyamanan Plgn sbg Prioritas. Yuk, rekomendasikan ke kerabat Kk buat pakai PLN Mobile. Sehat selalu Kak. :) -MF",2025-12-08 12:35:14,,untung ada pln mobile saat gangguan bisa lapor dari pln mobile gampang sat set petugas langsung datang
3a5faadb-4d61-428b-a559-363c6fd97a2e,Hanya Setia,https://play-lh.googleusercontent.com/a/ACg8ocIfH_FQxm5EG0NgUvqE4uoff_dEFrMm7TCgKpBPT3sulJq1Zg=mo,terimakasih dengan adanya pln mobile petugas cpat datang,5,0,5.2.75,2025-12-08 12:13:10,"Halo Kak, terima kasih atas ulasan yg diberikan. Pastinya PLN berkomitmen serta konsisten utk selalu memberikan pelayanan yg responsif & profesional, karena itu sbg bentuk dedikasi menjaga kenyamanan Plgn sbg Prioritas. Yuk, jgn lupa diajak langsung kerabatnya buat pakai PLN Mobile jg. Sehat selalu. :) -MF",2025-12-08 12:34:59,5.2.75,terimakasih dengan adanya pln mobile petugas cpat datang
5a8292cb-135f-4937-bfaf-46ce22abe2ac,Tifanny Pantow,https://play-lh.googleusercontent.com/a/ACg8ocK9Lkk7sJsiih3cj-pj6BRwQizwhsF2IxFjoIu5zsNKoqU7uQ=mo,aplikasi yang sangat praktis dan mudah digunakan bagi semua pelanggan pln,5,0,5.2.75,2025-12-08 12:11:01,"Hai Kak Tifanny, tks buat ulasan terbaiknya. PLN senantiasa hadirkan platform terbaik dgn menciptakan produk layanan yg handal, solutif & makin efisien serta trs melangkah maju dlm memberikan manfaat terutama di era digitalisasi. Yuk, langsung ajak kerabat & keluarga Kk buat pakai PLN Mobile. Sehat selalu Kak. :) -MF",2025-12-08 12:34:45,5.2.75,aplikasi yang sangat praktis dan mudah digunakan bagi semua pelanggan pln
a5ca6883-ccce-4831-94e3-ff595d1e0500,kalih tea,https://play-lh.googleusercontent.com/a/ACg8ocLQ1nl8QL16sIuZUlQUU2ZxuqDdxUZ4Clg2eJM5Sns81vR_jg=mo,"Saya sangat puas dengan adanya aplikasi pln mobile memudahkan pengaduan gangguan,dan transaksi",5,0,5.2.75,2025-12-08 12:09:47,"Hi Kak. Makasih yah buat bintangnya, semoga kamu selalu nyaman menggunakan PLN Mobile. Ingin tau biaya Pasang Baru, klik ajah menu simulasi biaya di PLN Mobilemu, semua makin mudah. Sukses buat Kakak yah. -LA",2025-08-24 19:29:51,5.2.75,saya sangat puas dengan adanya aplikasi pln mobile memudahkan pengaduan gangguan dan transaksi
acbb9c29-5cb1-4988-ba23-f401bbd9be2e,Ciska Iska,https://play-lh.googleusercontent.com/a/ACg8ocLbVn1aBq60LHbtoHbZ6-vNtrZAJIilBHHMNBLTsiiO_Wa_-g=mo,Aplikasi yang sangat membantu pelanggan 🥰,5,0,,2025-12-08 12:09:40,"Yuhu Kak Ciska, makasih buat ulasannya ya, wah semoga pengalaman menggunakan PLN Mobile selalu menyenangkan ya Kak. Kuyy, simak trs update info serta promo yg sdg berlangsung saat ini. Bila perlu diajak jg keluarga/teman/kerabat untuk mendownload PLN Mobile & nikmati kemudahannya. Salam sehat selalu. :) -MF",2025-12-08 12:34:30,,aplikasi yang sangat membantu pelanggan
084bc77c-a7d4-499a-95da-70e1b724b330,Dedih irsal,https://play-lh.googleusercontent.com/a-/ALV-UjXAhKIzaF5l7x45P_x8C7zMpXXU1tV9Yc99bEki5tv14f3Y_T5k,layanan baik dan respon cepat dan ramah ULP RAJAPOLAH,5,0,5.2.75,2025-12-08 12:09:40,"Halo Kak Dedih. Thanks yah buat bintang & juga apresiasinya, semoga Kk selalu nyaman serta makin setia dalam menggunakan layanan digital PLN. PLN Mobile anti ribet, yok diajak teman serta kerabatnya untuk download layanan digital PLN ini sekarang juga. Mimin tunggu ya Kak, sehat selalu. :) -MF",2025-12-08 12:34:22,5.2.75,layanan baik dan respon cepat dan ramah ulp rajapolah
6a67de46-935b-4d38-9ea0-4fe34cfbeb74,Pusdatin PB,https://play-lh.googleusercontent.com/a/ACg8ocKPQz9CrxuSDOImUaCN99jlu8ZFFxu8W_GzWqCVSwWvPJV9Er4=mo,"luar biasa, gercep saat d butuhkan d saat kendala",5,0,,2025-12-08 12:08:44,"Hai Kak, thanks buat rating terbaiknya. Tentu PLN senantiasa memberikan layanan-layanan yg semakin inovatif, efektif serta solutif. Yuk, diajak jg kerabat serta keluarganya utk menggunakan PLN Mobile dlm mengurus segala kebutuhan listrik rumah. Biar makin optimal, yuk perbaharui PLN Mobile nya ke versi terbaru Kak. Sukses selalu yah. :) -MF",2025-12-08 12:34:16,,luar biasa gercep saat d butuhkan d saat kendala
65f18e34-2751-4808-b967-3eaad7e6c2be,Eka wahyu Septia wardani,https://play-lh.googleusercontent.com/a/ACg8ocKnyPMZo2-zZvLLXAyotRm-caK7101MmbC5S3u2Y-Y_iIu_Tw=mo,PLN maju,5,0,5.2.75,2025-12-08 12:08:20,"Hai Kak Eka, thanks buat rating terbaiknya. Tentu PLN senantiasa memberikan layanan-layanan yg semakin inovatif, efektif serta solutif. Yuk, diajak jg kerabat serta keluarganya utk menggunakan PLN Mobile dlm mengurus segala kebutuhan listrik rumah. Yuk, ajak kerabat Kk buat pakai PLN Mobile jg. Sukses selalu yah. :) -MF",2025-12-08 12:34:11,5.2.75,pln maju
e5388b8e-6100-4557-8c9f-dbfb0dbb4aa0,Hasanah,https://play-lh.googleusercontent.com/a/ACg8ocJUzl7uKpofjFXk3cm-kKoQl7VU55zePZDuWSD4_LxrtQb0CA=mo,"terimakasih pln mobile sudah mempermudah saya untuk membeli token tanpa harus keluar rumah, apalagi pas hujan tinggal buka pln mobile dan transaksi token beres deh",5,0,,2025-12-08 12:07:12,"Hai Kak Hasanah. Wah senangnya dpt review positif dr Kk, thanks ya. Semoga Kk makin nyaman dlm menggunakan layanan digital PLN ini. Bila perlu info & bantuan mimin, Kk tinggal sampaikan melalui fitur Pengaduan yg sdh mimin sediakan di apk. Jgn lupa ajak kerabat & teman-teman Kk utk download PLN Mobile & nikmati kemudahannya ya. :) -MF\",2025-12-08 12:34:04,,terimakasih pln mobile sudah mempermudah saya untuk membeli token tanpa harus keluar rumah apalagi pas hujan tinggal buka pln mobile dan transaksi token beres deh
453f0744-f67e-4405-8b6d-2f99fbfc3c3b,Putra Phoenix,https://play-lh.googleusercontent.com/a-/ALV-UjW9uYNGAx8Sttufr2pOfye4JZ2-tKzQWqgl_InTSjt1irb03i1hjw,Laporan via apk sangat membantu,5,0,,2025-12-08 12:04:27,"Halo Kak Putra, mimin ucapkan terima kasih atas ulasan yg diberikan. Pastinya PLN berkomitmen serta konsisten utk selalu menghadirkan platform yg solutif, serta responsif dlm menjawab harapan2 pelanggan setia PLN Mobile. Yuk, segera diajak kerabatnya buat pakai PLN Mobile dlm mengurus keperluan listrik rumah. Salam PLN Terbaik. :) -MF",2025-12-08 12:33:56,,laporan via apk sangat membantu
516e2465-bb19-4527-b2af-52ac06fc0c24,Yusron,https://play-lh.googleusercontent.com/a/ACg8ocKGpHwzVTRtUXOe7CGUnW9SBF3HwYE3eSz0az3MrveUIWLacg=mo,Aplikasi membantu👍,5,0,,2025-12-08 12:03:57,"Halo Kak Yusron. Mimin seneng deh kalo Kakak suka sama aplikasi PLN Mobile. Yuk nikmati juga berbagai fitur yg tersedia di layanan digital PLN ini, karena semua semakin mudah dalam satu genggaman aplikasi. Praktis bangetkan. Sekalian ajak jg kerabatnya buat pakai PLN Mobile yah. Have a nice day Kak. :) -MF",2025-12-08 12:33:49,,aplikasi membantu
c511f8bb-8a5a-42a9-ad12-54dee9f9a38e,Safira90Alya Putri,https://play-lh.googleusercontent.com/a/ACg8ocIBLmeRipDSNzmgD5jsYa-ra87Y9iJfG4zUiRXA97lEqYq04g=mo,pelayanan baik,5,0,5.2.75,2025-12-08 12:02:54,"Kak Safira, admin ucapkan terima kasih atas ulasan yg diberikan. Pastinya PLN berkomitmen serta konsisten utk selalu memberikan pelayanan yg responsif & profesional, karena itu sbg bentuk dedikasi menjaga kenyamanan Plgn sbg Prioritas. Yuk, diajak kerabat & keluarga Kk utk menggunakan PLN Mobile dlm mengurus segala kebutuhan listrik rumah. :) -MF",2025-12-08 12:33:42,5.2.75,pelayanan baik
ae89f957-a79a-428f-9040-243c47add915,lilik setyawati,https://play-lh.googleusercontent.com/a/ACg8ocL1Cndqbx57rBUfrHE3-8j0XT3kokGeQtCTXImdq4A518hNNA=mo,fiturnya bagus dapat memudahkan pelanggan,5,0,5.2.75,2025-12-08 12:01:34,"Hai Kak Lilik, thanks ya buat bintang cantik & apresiasi yg diberikan terhadap layanan digital PLN. Di era perkembangan digital, pastinya PLN Mobile mimin hadirkan sbg platform dlm memenuhi semua keperluan listrik rumah agar makin mudah hanya dlm 1 genggaman apk. Yuk, diajak jg kerabatnya buat pakai PLN Mobile. Sukses selalu Kak. :) -MF",2025-12-08 12:33:30,5.2.75,fiturnya bagus dapat memudahkan pelanggan
9c7a32d8-6c1f-4a48-9290-59087b5677cc,Soetojo,https://play-lh.googleusercontent.com/a/ACg8ocJJ0TmSZIVZ9hTguqiQvkZEAgNjQwcMlwf3G02zMheeL1bW8g=mo,Aplikasi terbaik👍,5,0,,2025-12-08 12:01:11,"Hai Kak Soetojo, mimin ucapkan terima kasih jg atas apresiasi yg diberikan. Pastinya mimin berkomitmen serta konsisten utk selalu menghadirkan platform yg solutif dlm menjawab harapan2 pelanggan setia PLN Mobile. Yuk, langsung diajak kerabatnya buat pakai PLN Mobile dlm mengurus kebutuhan listrik rumah. Salam PLN Terbaik. :) -MF",2025-12-08 12:33:21,,aplikasi terbaik
9a22a39e-827d-4009-8c78-87df573d702e,Madha Firmansyah,https://play-lh.googleusercontent.com/a/ACg8ocIsTjFn1vDtuunfyqrZXZSj1XmkT3XwZSvq3DsUVc4V-w4xZQ=mo,sangat membantu info terbaru diskon di PLN. TERIMAKASIH PLN 🥰,5,0,,2025-12-08 12:00:48,"Halo Kak Madha, tks buat ulasan terbaiknya. Tentu PLN selalu hadirkan platform terbaik dgn menciptakan produk layanan yg handal, solutif & makin efisien serta trs melangkah maju dlm memberikan manfaat terutama di era digitalisasi. Jgn lupa ya Kak, diajak juga kerabat serta keluaganya utk menggunakan PLN Mobile. Have a nice day. :) -MF",2025-12-08 12:33:12,,sangat membantu info terbaru diskon di pln terimakasih pln
07e2650a-7647-47ca-a413-93f3704ba17b,Arif Irwansyah,https://play-lh.googleusercontent.com/a-/ALV-UjWFn8TmIFftEUj65XUpeTKRB_YX1QoDRFRZvxlGaru5cwhMTMMEjQ,mantull,5,0,5.2.75,2025-12-08 12:00:35,"Hai Kak Arif, thanks ya buat penilaiannya, semoga semakin setia menggunakan PLN Mobile. Keluargamu males buat keluar rumah hanya untuk bayar tagihan listrik, kuy rekomendasiin buat gunain PLN Mobile. Stay safe ya -DL",2025-11-25 05:40:59,5.2.75,mantull
eb113dcc-83e1-4579-91fe-b11956d01854,khairil anwar,https://play-lh.googleusercontent.com/a/ACg8ocKpklHf3qYeaKUhmaGIw8Q8AlhTV5v4Bvl6fMTO7eZ8B2M4XA=mo,aplikasi Sangat membantu,5,0,5.2.75,2025-12-08 11:56:57,"Hai Kak Khairil, terima kasih jg buat bintang cantiknya & mimin seneng deh kalo Kk sdh terbantu dgn adanya PLN Mobile. Nikmati jg berbagai fitur yg ada, pastinya semua makin praktis dalam satu genggaman aplikasi. Diajak jg ya temen & keluarga Kk buat menggunakan layanan digital PLN ini. Have a nice day. :) -MF",2025-12-08 12:33:05,5.2.75,aplikasi sangat membantu
2c06e341-6273-4ffc-a84b-538a77005d3a,rahmahdi husain,https://play-lh.googleusercontent.com/a-/ALV-UjWm8QKlT3ZwXOE8w70D_FHcIaphbh26tKpnrYhb-JY_XTSf3F4,nice,5,0,5.2.75,2025-12-08 11:56:18,"Hai Kk Rahmahdi. Mimin senang sekali dgn apresiasi yg Kk berikan, thanks ya. Mimin tdk akan pernah berhenti utk selalu memberikan yg terbaik buat Kk, terutama dlm melayani kebutuhan listrik seluruh pelanggan. Jgn lupa ajak kerabat2 Kk jg buat download & pakai PLN Mobile. Semoga pengalaman bersama layanan digital PLN ini semakin menyenangkan. :) -MF",2025-12-08 12:32:58,5.2.75,nice
a1ce9697-bbb7-4f87-a051-39451c03bdc8,Slamet Riyanto,https://play-lh.googleusercontent.com/a/ACg8ocLhYLnbRe7JfQcGnP1ZZ0qex8xrsDrammZDMhYqkTSjovdW=mo,terimakasih PLN mobile selalu memberikan kemudahan,5,0,5.2.75,2025-12-08 11:56:13,"Halo Kak, thx sdh mau sharing experience terbaiknya stlh menggunakan PLN Mobile. Ditunggu update info dan promo lainnya ya Kak, dapat dilihat di menu Promosi & Informasi. Sehat & sukses selalu. :) -IP",2025-10-30 02:49:19,5.2.75,terimakasih pln mobile selalu memberikan kemudahan
31057589-6138-46d1-924a-a40008c46698,Ardhy Natha,https://play-lh.googleusercontent.com/a-/ALV-UjV2xy7y34HYDboqmhRMDTHiCim0eW4j6s4dfvIY0y5sEaZ0Fgcx,jooss bin mantulll... semakin memudahkan yransaksi,5,0,,2025-12-08 11:54:40,"Halo Kak Ardhy, mimin ucapkan terima kasih atas ulasan yg diberikan. Pastinya PLN berkomitmen serta konsisten utk selalu menghadirkan platform yg solutif dlm menjawab harapan2 pelanggan setia PLN Mobile. Yuk, langsung ajak keluarganya untuk pakai PLN Mobile buat mengurus keperluan listrik rumah. Salam PLN Terbaik. :) -MF",2025-12-08 12:32:45,,jooss bin mantulll semakin memudahkan yransaksi
f55d334a-7a8c-4007-b18a-f94736d3e430,Mawar,https://play-lh.googleusercontent.com/a/ACg8ocLTSMFkNRabkEAteGWA96RSB_PtOoN__U8oBqbmnC3pXWa05w=mo,sangat bagus untuk pelanggan,5,0,,2025-12-08 11:49:09,"Thanks buat rating 5 nya, Kak Mawar. Ulasan yg Kk sampaikan, tentu akan jd semangat & motivasi mimin utk trs bergerak ke arah yg lbh baik, positif serta inovatif dlm menghadirkan platform digital yg bermanfaat supaya dirasakan semua kalangan. Yuk, rekomendasikan jg ke besti Kk utk menggunakan PLN Mobile dlm mengurus kebutuhan listriknya. :) -MF",2025-12-08 12:13:58,,sangat bagus untuk pelanggan
69cd3604-78b7-4509-a464-7c68f119a8f1,Redi Pga,https://play-lh.googleusercontent.com/a/ACg8ocK5wnEBJYU62Xiy4z0yKRoOlbUXuahI1WJk-XpI6_8N4XIo1g=mo,Aplikasi pln moblile Sangat membantu dan mempermuda pelanggan melakukan laporan atau keluhaan langsung ke PLN........,5,0,5.2.75,2025-12-08 11:48:27,"Hai Kak Redi, makasih ya buat rating 5 nya. Semoga PLN Mobile terus memberikan kenyamanan dan selalu jadi pilihan utama Kk ya. Yuk nikmati trs berbagai fitur yg ada di PLN Mobile. Salam sehat selalu. :) -FE",2025-12-08 01:49:57,5.2.75,aplikasi pln moblile sangat membantu dan mempermuda pelanggan melakukan laporan atau keluhaan langsung ke pln
21d4fb02-0d32-4515-8e0f-7f0da2f8e4aa,Yuli Rismawati,https://play-lh.googleusercontent.com/a/ACg8ocIB5_hjLPeCB3T9wPs1e5phvjjD7dbC_98tZoS9Hzcdaukh1g=mo,terimakasih,5,0,,2025-12-08 11:47:15,"Hai Kak Yuli, terima kasih buat bintang cantik & ulasan yg diberikan. Pastinya rasa senang Kk sdh merasa terbantu dgn adanya PLN Mobile ini, tentu jadi inspirasi & motivasi mimin utk trs bergerak ke arah yg lbh baik, positif serta dpt lebih inovatif dalam menghadirkan platform digital yg bermanfaat supaya dirasakan semua kalangan. Stay safe :) -MF",2025-12-08 12:13:50,,terimakasih
9b7258ba-ca64-4876-9b01-2d7787183591,Ryan Firmansyah,https://play-lh.googleusercontent.com/a-/ALV-UjXiJR5VjsXT7vKkcDpfJNASBNIOCO8gzRh2fG5Zw4rjwEPA4j0,terbaik dan sangant bermanfaat,5,0,5.2.75,2025-12-08 11:47:05,"Hai Kak Ryan, tks Kak penilaiannya, semoga semakin setia menggunakan PLN Mobile. Ayoo beli token melalui PLN Mobile, kini makin mudah dan terjangkau. Kakak bisa beli token mulai dari 5.000 Rupiah saja. Stay safe ya. -BR",2025-11-27 02:06:23,5.2.75,terbaik dan sangant bermanfaat
069dbfae-c88d-4480-a6af-db97d9b04a02,Rizal Wahyu,https://play-lh.googleusercontent.com/a-/ALV-UjUakts7ylq55drn8XK6aUs3FOzG8d628yl66XW74_Tdr48ykquX,makin gampang,5,0,5.2.75,2025-12-08 11:46:57,"Hai Kak Rizal, terima kasih sudah memberikan rating cantiknya untuk aplikasi PLN Mobile. Cuz rekomendasiin temanmu buat download PLN Mobile, gak nyesel deh. Have a nice day -DL",2025-11-25 04:24:05,5.2.75,makin gampang
5f484bfe-dc91-4a63-9c97-448e35b80e63,Alimuddin Udin,https://play-lh.googleusercontent.com/a/ACg8ocIywZazSwWS2Rdno7CLpQmD1amQKxxEYkdRvXFDYmPIRpCNsA=mo,sangat membantu,5,0,5.2.75,2025-12-08 11:44:52,"Yuhu Kak Alimuddin. Makasih yah buat rating cantiknya, semoga Kk senantiasa makin nyaman dalam menggunakan layanan digital PLN. PLN Mobile anti ribet, yok aja temen Kk untuk download sekarang juga. Mimin tunggu ya Kak, stay safe! :) -MF",2025-12-08 12:13:22,5.2.75,sangat membantu
8e235bcb-b272-4742-b8d4-fbbd8767f660,Achmad 06,https://play-lh.googleusercontent.com/a-/ALV-UjVmKzBv_whRep_c9KRGUU0vXqSW78eeIoBwwlsbIXyRdrCfi1iT,baguss,5,0,5.2.75,2025-12-08 11:43:30,"Hai Kak Achmad. Mimin seneng deh kalo Kakak suka sama aplikasi PLN Mobile. Yuk nikmati juga berbagai fitur yg tersedia di layanan digital PLN ini, karena semua semakin mudah dalam satu genggaman aplikasi. Praktis bangetkan. Have a nice day Kak. :) -MF",2025-12-08 12:13:14,5.2.75,baguss
6c291612-fd7f-4ba8-ac47-070ffcc6c829,Fila Setya handayani,https://play-lh.googleusercontent.com/a/ACg8ocLefsTxLECuJ9LBFrLfOWibAZwOYGu7R7CA4TyA3AZnJBBfwA=mo,PLN mobile aplikasinya lengkap👍,5,0,5.2.75,2025-12-08 11:42:54,"Yuhu Kak Fila. Mimin infokan jg nih, selain bayar tagihan tentu di PLN Mobile Kk bisa beli token, melihat riwayat tagihan & pemakaian listrik, pendaftaran pasang baru, tambah daya, pemasangan sementara & msh banyak fitur yg dpt Kk manfaatkan di platform digital PLN ini. Kuy, ajak kerabat Kk pakai PLN Mobile jg. Have a nice day. :) -MF",2025-12-08 12:12:50,5.2.75,pln mobile aplikasinya lengkap
b9ae5dbe-419b-4a05-a556-fc0c6c683d6f,Marlina Ismail,https://play-lh.googleusercontent.com/a/ACg8ocJ0BxqPpM0JXDsuyV5Pj5mKprvXh6i_ZXICD0bXqgBaZ9n8iA=mo,mantap,5,0,,2025-12-08 11:41:54,"Hai Kak Marlina, mimin ucapkan terima kasih buat rating terbaiknya ya. Tentu PLN senantiasa memberikan layanan-layanan yg semakin inovatif, efektif serta solutif. Kalau perlu diajak jg kerabat serta keluarganya yuk, utk menggunakan PLN Mobile dlm mengurus segala kebutuhan listrik rumah. Sehat selalu Kak. :) -MF",2025-12-08 12:12:44,,mantap
8a61babb-4493-4887-a998-d86388441fad,Sakinah Tumarwah,https://play-lh.googleusercontent.com/a/ACg8ocIFAaw1WsGZdiBFEH58wiV8cyKjAKR7PrHWL6vv3uNoXbqNnw=mo,sangat berguna untuk pelanggan,5,0,,2025-12-08 11:41:23,"Hai Kak Sakinah. Dengan adanya layanan digital PLN ini sbg wadah buat pelanggan dlm berinteraksi dgn PLN & jg bertransaksi dimanapun makin simple, serta terjangkau. Yuk, diingatkan jg besti & keluarga2 Kk utk menggunakan PLN Mobile terutama dlm mengurus kebutuhan listrik rumah hanya dlm 1 genggaman apk. Sukses selalu Kak. :) -MF",2025-12-08 12:12:27,,sangat berguna untuk pelanggan
9a7fac2a-943b-4aa5-8910-efa0d7e996ef,Gerry,https://play-lh.googleusercontent.com/a/ACg8ocKG8003Fl3ue0tFUqHYLzltz1T8eKrO_48NgUdMYfgMRlly2Q=mo,"Ini sangat simpel akses layanan PLN apapun bisa dari hp, sangat membantu sekali. Terima layanan PLN cepat respon.",5,0,,2025-12-08 11:41:14,"Mimin senang sekali dgn apresiasi yg Kk Gerry berikan, thanks ya. Mimin tdk akan pernah berhenti utk selalu memberikan yg terbaik buat Kk, terutama dlm melayani kebutuhan listrik seluruh pelanggan. Kuyy, jgn lupa ajak kerabat2 Kk utk pakai PLN Mobile. Semoga pengalaman bersama layanan digital PLN ini semakin menyenangkan. :) -MF",2025-12-08 12:12:22,,ini sangat simpel akses layanan pln apapun bisa dari hp sangat membantu sekali terima layanan pln cepat respon
f271bae7-ada3-4624-a0b0-595b92249b2f,Paidi Andri,https://play-lh.googleusercontent.com/a/ACg8ocJ-c5Kxq2BsnWW_pUFpt9XAVZK56aoBn09EH-fDjExcAq3A8A=mo,aplikasi pln mobile sangat membantu..,5,0,5.2.75,2025-12-08 11:40:40,"Makasih banyak ya Kak Paidi. Seneng banget kamu puas. Semua layanan listrik ada di genggaman. Karena teknologi itu hadir buat memudahkan, bukan bikin bingung. Yuk ajak orang terdekat kamu cobain PLN Mobile juga, biar semua bisa ngerasain gampangnya layanan listrik digital. Have a great day-SH
",2025-08-25 06:57:26,5.2.75,aplikasi pln mobile sangat membantu
7102a7ff-7be7-494c-8af3-7484456c2d80,Anisa Sakan,https://play-lh.googleusercontent.com/a/ACg8ocIqlelIkc0_pi5ONf-e1O2P9IdbiN-veWH6R44m-0o8vLqeog=mo,Dulu kalau beli token harus keluar rumah sekarang sudah bisa beli dari rumah dengan aplikasi pln mobile,5,0,,2025-12-08 11:40:35,"Yuhuu Kak Anisa, pastinya PLN Mobile anti ribet ya. Yok ajak temen & keluarganya Kk buat download sekarang juga, supaya bisa menimkati pengalaman yg Kk rasakan dlm menggunakan layanan digital PLN. Nikmati selalu berbagai Promo, serta Event menarik yg sdg berlangsung ya. Have a great day Kak. :) -MF",2025-12-08 12:12:16,,dulu kalau beli token harus keluar rumah sekarang sudah bisa beli dari rumah dengan aplikasi pln mobile
9947854a-03a9-41c1-a347-c09c349d0747,Bogi Bogi,https://play-lh.googleusercontent.com/a-/ALV-UjVZanXmLhs_0su_jYkmQUqBZP4MM-YVB0XYZrWFVHAjd2bgVhF4,pln mobile semuanya jadi lebih mudah,5,0,,2025-12-08 11:39:39,"Hai Kak Faldan, thanks buat rating cantik & ulasan terbaiknya. Tau ga sih, PLN Mobile skrg udh bs beli kebutuhan sehari-hari lho. Salah satunya, Kk bs beli token mulai dr 5.000 Rupiah saja. Yuk, diajak kerabatnya utk pakai PLN Mobile jg. Have a nice day Kak. :) -MF",2025-12-06 03:57:24,,pln mobile semuanya jadi lebih mudah
ffd9b21a-746a-43f2-8031-2f42398e9110,Risdi Anto,https://play-lh.googleusercontent.com/a/ACg8ocIpzjI0_VVKlj3CmreClolovsvNMECDo_bd7RkzKSJoc4N7=mo,pln mbobile sangat membantu dan memepermudah trimakasih,5,0,5.2.75,2025-12-08 11:38:42,"Halo Kak Risdi, senang mendengarnya & mimin ingin berterima kasih pd Kk buat apresiasi yg diberikan. Yuk, di rekomendasikan juga PLN Mobile nya ke besti, serta keluarga Kk dlm mengurus keperluan listrik rumah. PLN senantiasa berikan yg terbaik utk pelanggan. Sehat selalu. :) -MF",2025-12-08 12:12:07,5.2.75,pln mbobile sangat membantu dan memepermudah trimakasih
5bde6bd4-66e5-4ba1-85f8-7692dff1aaff,Rahmat Sifa'i,https://play-lh.googleusercontent.com/a-/ALV-UjUxU-KKtePapDT5gnkbMaLrBFs9RTACeDihBBNXdnj0Jpm8VRs,"Tolong tambah konversasi Note ditiap Laporan Misal Laporan pemadaman, Jadi regu yg ditugaskan bisa saling komunikasi atas Nomer Laporan tersebut dan lagi, Tolong ditertibkan tim teknisinya, kadang penanganan belum menyala tapi di sistem pelaporanya sidah diselesaikan, kadang juga dibatalkan",5,0,5.2.75,2025-12-08 11:38:37,"Halo Kk Rahmat, sebelumnya mimin ucapkan terima kasih & mimin terima atas segala feedback dari Kk. Hal ini jd acuan buat mimin utk trs meningkatkan kualitas pelayanan yg semakin responsif ke depannya dlm melayani kebutuhan pelanggan. Feel free Kk dpt sharing ke media layanan resmi PLN, mimin siap menerima saran yg membangun. Sehat selalu ya. :) -MF",2025-12-08 12:11:51,5.2.75,tolong tambah konversasi note ditiap laporan misal laporan pemadaman jadi regu yg ditugaskan bisa saling komunikasi atas nomer laporan tersebut dan lagi tolong ditertibkan tim teknisinya kadang penanganan belum menyala tapi di sistem pelaporanya sidah diselesaikan kadang juga dibatalkan
e9e44877-c5f3-4adb-bc6b-ddf84ac458c2,Nurul Alifiah,https://play-lh.googleusercontent.com/a/ACg8ocK3-ZjlBehLQJvwXqgf9bQ9Zv6OoD-WZsQVyLyc0I1T19DLvw=mo,mantap sekali pln mobile,5,0,,2025-12-08 11:38:07,"Yuhu Kak Nurul, mimin seneng deh kalo Kk sdh terbantu dgn adanya PLN Mobile. Nikmati jg berbagai fitur yg ada, pastinya semua makin praktis dalam satu genggaman aplikasi. Yuk, diajak juga ya temen & keluarga Kk buat menggunakan layanan digital PLN ini. Have a nice day. :) -MF",2025-12-08 12:11:19,,mantap sekali pln mobile
ff19f5f7-8967-4d72-89aa-ddea8a5a675a,Gatot Supriyanto,https://play-lh.googleusercontent.com/a/ACg8ocIqwKKNBJ6pHFjK0LnN2XuQrTCJMxQ_5jyi8W8z5hWaUKAR9Q=mo,"Aplikasi yg sangat mudah, dan recomended. Dalam hal kelistrikan PLN",5,0,,2025-12-08 11:34:54,"Hai Kak Gatot. Mimin senantiasa berupaya hadirkan fitur yg makin sempurna dlm memenuhi kebutuhan kelistrikan pelanggan. Mimin jg akan selalu berinovasi ke depannya demi menciptakan kualitas fitur layanan yg efektif, agar PLN Mobile ttp jd platform yg unggul. Yuk, di ajak keluarga Kk utk menggunakan PLN Mobile. Stay healthy Kak. :) -MF",2025-12-08 12:11:05,,aplikasi yg sangat mudah dan recomended dalam hal kelistrikan pln
378daef4-6d28-4015-87d8-846960a33159,BGPUT CHANNEL,https://play-lh.googleusercontent.com/a-/ALV-UjVcq0XB2UHsg2FGk3mdYfNdBarIxLVTu916HmotiNlR3VQFB8s,sangat membantu terkait masalah per listrikan👍,5,0,,2025-12-08 11:33:57,"Yuhu Kak. Thanks yah buat bintang cantik & juga apresiasinya, semoga Kk selalu nyaman serta makin setia dalam menggunakan PLN Mobile. PLN Mobile anti ribet, yok diajak teman serta kerabatnya untuk download layanan digital PLN ini sekarang juga. Mimin tunggu ya Kak, sehat selalu. :) -MF",2025-12-08 12:10:52,,sangat membantu terkait masalah per listrikan
7b12a692-2aec-4f10-a730-3b369f1e4b1a,Thomsha Thomsha,https://play-lh.googleusercontent.com/a/ACg8ocLQ1NrqUU-rtPhjbcjxg1iBhzz73JxWgUQ-wBYBwhVU5pysvA=mo,pln mobile sangat banyak membantu dan memudakan,5,0,5.2.75,2025-12-08 11:32:52,"Siap Kak Thomsha, maaciiw ya udah puas gunakan PLN Mobile. FYI nih kak, di PLN Mobile banyak banget promonya lho, Kakak bisa share ke Temen dan Keluarga ya kak. semoga infonya membantu -KP",2025-08-22 02:35:51,5.2.75,pln mobile sangat banyak membantu dan memudakan
72acd8f5-c0ae-4fd0-a23d-1038212b48a6,Ahmad faozi,https://play-lh.googleusercontent.com/a/ACg8ocJMzZwcUn74RwTA4qzNoai3L4Lksss86c7-G87Yv37QDzu_NQ=mo,Ni kebenaran bgt yaaa bisa pake apknya komplit deh soal listrik,5,0,,2025-12-08 11:32:51,"Kak Ahmad, thx ya buat bintang cantik & apresiasi yg diberikan terhadap layanan digital PLN. Di era perkembangan digital, pastinya PLN Mobile mimin hadirkan sbg platform dlm memenuhi semua keperluan listrik rumah agar makin mudah hanya dlm 1 genggaman apk. Fyi nih, di PLN Mobile selalu ada Event & Promo yg menarik. Jgn sampai kelewatan yah. :) -MF",2025-12-08 12:10:45,,ni kebenaran bgt yaaa bisa pake apknya komplit deh soal listrik
01b5ad99-2630-4708-b187-462fc35db799,Agus 220,https://play-lh.googleusercontent.com/a-/ALV-UjWh9ikQOIJ4-2x-dTK5bR33NmCD9tMVphiu3z8p94GcSQ2dvx7H,aplikasi pln mobile sangat mudah dan cepat..,5,0,5.2.75,2025-12-08 11:32:13,"Hi Kak Agus, bisa aja nih Kak. Btw makasih ya Kak untuk feedbacknya. Jika butuh riwayat pemakaian kWh, ga perlu khawatir, tersedia loh di PLN Mobile. Tks Kk. -HJ
",2025-09-18 08:07:41,5.2.75,aplikasi pln mobile sangat mudah dan cepat
05fbc517-3d8d-4388-94d7-044005a55b6a,DIDI DARMADI,https://play-lh.googleusercontent.com/a/ACg8ocKTPO4CjbUPxBrKiNyHPrRWuCBI5fhKjjOPdrawjBvg3N3g8A=mo,LPN Mobile sangat membantu,5,0,5.2.75,2025-12-08 11:31:51,"Terima kasih Kak, ulasannya bikin kami senyum. PLN Mobile hadir agar kamu bebas atur listrik dengan nyaman dan aman. Yuk rekomendasikan ke kerabat dan keluarga Kk utk download PLN Mobile. :) -IP",2025-10-16 09:16:42,5.2.75,lpn mobile sangat membantu
5b9497e0-5c23-4ee5-8d43-b36a1a7b2448,Shani Shani,https://play-lh.googleusercontent.com/a/ACg8ocJlcjJbKXx6iBt8aBKqeip2Dnzx-byYGb1pU3cHWGzGC5f__g=mo,Pln mobile sangat membantu.,5,0,,2025-12-08 11:29:24,"Halo Kak Shani. Mimin seneng deh kalo Kakak, suka sama aplikasi PLN Mobile. Pln Mobile anti ribet. yok aja temenmu tuk download sekarang juga. Trims ya Kak -HS",2024-07-31 16:28:44,,pln mobile sangat membantu
9553b2cb-b67f-45ae-a858-b54d5769916a,Like Yusni,https://play-lh.googleusercontent.com/a/ACg8ocKUZzf5Kco3O1cHb0xexRgZmHOp5dTfj7SHUX2NW8Shkpl-cw=mo,Terbaik membantu pelaporan kendala kWh meter listrik,5,0,,2025-12-08 11:26:43,"Yuhu Kak Yusni. Mimin seneng deh kalo Kakak suka sama aplikasi PLN Mobile. Yuk nikmati juga berbagai fitur yg tersedia di layanan digital PLN ini, karena semua semakin mudah dalam satu genggaman aplikasi. Praktis bangetkan. Ajak juga kerabatnya yuk, buat gunakan PLN Mobile dlm mengurus kebutuhan listrik rumah. Have a nice day Kak. :) -MF",2025-12-08 12:10:40,,terbaik membantu pelaporan kendala kwh meter listrik
3bcaeaba-5f29-40d6-bbad-6e10c43a2eaf,Meica,https://play-lh.googleusercontent.com/a/ACg8ocJuAHsGbQ_mJb-J9_uusf-1ARbwdU-M0_PdiJlniMdgtcNa=mo,"Sangat memudahkan kami sebagai konsumen, fiturnya lengkap dan terkahir ada kendala cukup lapor dari aplikasi langsung ditanggapi dengan cepat.",5,0,,2025-12-08 11:25:33,"Hai Kak Meica, terima kasih jg buat rating terbaiknya. Tentu PLN senantiasa memberikan layanan-layanan yg semakin inovatif, efektif serta solutif. Jgn lupa ya Kak diajak jg kerabat serta keluarganya utk menggunakan PLN Mobile dlm mengurus segala kebutuhan listrik rumahnya ya. Sehat selalu Kak. :) -MF",2025-12-08 12:10:32,,sangat memudahkan kami sebagai konsumen fiturnya lengkap dan terkahir ada kendala cukup lapor dari aplikasi langsung ditanggapi dengan cepat
07e83196-e054-4429-8c8c-0829cdb1e43b,Anjas Wisnu,https://play-lh.googleusercontent.com/a/ACg8ocIQ09MEisRXSmxrjfbGvxUBwDBI8vbOm9goL-XbyJrwwRQQ4g=mo,Selalu pakai aplikasi ini apapun keluhannya. Fast respons dan selalu terupdate. Terima kasih PLN.,5,0,,2025-12-08 11:25:30,"Hai Kak Wisnu. Mimin seneng deh kalo Kakak suka sama aplikasi PLN Mobile. Yuk nikmati juga berbagai fitur yg tersedia di layanan digital PLN ini, karena semua semakin mudah dalam satu genggaman aplikasi. Praktis bangetkan. Jgn lupa diajak jg kerabatnya buat pakai PLN Mobile yah. Have a nice day Kak. :) -MF",2025-12-08 12:10:21,,selalu pakai aplikasi ini apapun keluhannya fast respons dan selalu terupdate terima kasih pln
cf7f7a9e-a361-4228-b6f0-95e50c3cbdf8,Hafidz Wardana,https://play-lh.googleusercontent.com/a/ACg8ocKkZNl9HSPFWGhY-hfWCbOJSdx-IdcUcrzSIv4ImjaCz3an0w=mo,terima kasih berkat aplikasi PLN mobile semua makin mudah,5,0,5.2.75,2025-12-08 11:25:06,"Hai Kak Hafidz, terima kasih Kakak sudah memberikan rating cantiknya untuk aplikasi PLN Mobile. Ayo ajak keluargamu download PLN Mobile. Kamu bisa dapat informasi dan Promo PLN hanya dengan rebahan, loh. Thanks- JA",2025-09-12 09:27:31,5.2.75,terima kasih berkat aplikasi pln mobile semua makin mudah
794859b5-86f5-4372-a470-2d8348ee566b,Yetifebri Sulfiana,https://play-lh.googleusercontent.com/a/ACg8ocJhK9p8zYPYUBrxnHK5Ah_a8Xmy8bxaeyTj0py6zVZ4bxII0w=mo,layanan cepat petugas ramah,5,0,,2025-12-08 11:24:32,"Kak Yetifebri, sebelumnya mimin ingin berterima kasih pd Kk buat apresiasi yg diberikan. Jgn lupa di perbaharui aplikasi PLN Mobile nya biar makin optimal ya Kak. PLN selalu hadirkan platform terbaik dgn menciptakan produk layanan yg handal, solutif & makin efisien serta trs melangkah maju dlm memberikan manfaat terutama di era digitalisasi. :) -MF",2025-12-08 12:09:56,,layanan cepat petugas ramah
40108780-279c-434c-8c37-51d3d327eb83,Hengky Winarto,https://play-lh.googleusercontent.com/a/ACg8ocLg3XdtSENB_ArB1JCG_gF4G4bz3VpxgGUNv7WFZytbijnF=mo,Aplikasi yang sangat bagus. Fitur lengkap .,5,0,,2025-12-08 11:24:03,"Hai Kak Hengky. Sebelumnya mimin ingin berterima kasih pd Kk buat apresiasi yg diberikan. Jgn lupa di ajak jg kerabatnya buat pakai PLN Mobile ya Kak. PLN selalu hadirkan platform terbaik dgn menciptakan produk layanan yg handal, solutif & makin efisien serta trs melangkah maju dlm memberikan manfaat terutama di era digitalisasi. :) -MF",2025-12-08 12:09:39,,aplikasi yang sangat bagus fitur lengkap
dc8e7b2d-9a7c-41e4-91a2-6af8516ec866,Oblek Akbar,https://play-lh.googleusercontent.com/a/ACg8ocL7sX-NXIpMtIVULy8rFsoC_VSZ1ctFMt1qdoxIXYSpn7e1bQ=mo,Penggunaan aplikasi mudah untk pelanggan,5,0,,2025-12-08 11:23:31,"Yuhu Kak Akbar, terima kasih sudah memberikan rating cantiknya untuk aplikasi PLN Mobile. Ayo ajak keluarga Kk juga buat download PLN Mobile dlm mengurus kebutuhan listrik rumah. Disana tentu Kk bisa juga dapat informasi & Promo PLN hanya dengan rebahan, loh. Have a nice day. :) -MF",2025-12-08 12:09:32,,penggunaan aplikasi mudah untk pelanggan
634d1ed9-93b0-41c9-9317-67cfca97a56c,Ashari Isha Iid,https://play-lh.googleusercontent.com/a-/ALV-UjUOT6mF3kdJnwHbA4gKG_f8tmozBc4TmhvIIZYGPeiRGXo1vHc,trimakasi atas pelayanan kami sangat puas,5,0,5.2.75,2025-12-08 11:22:10,"Halo Kak Ashari. Wah senangnya dpt review positif dr Kk, thanks ya. Tentu PLN selalu hadirkan platform terbaik dgn menciptakan produk layanan yg handal, solutif & makin efisien serta trs melangkah maju dlm memberikan manfaat terutama di era digitalisasi. Kuy, diajak jg kerabatnya buat pakai PLN Mobile. Sehat selalu yah. :) -MF",2025-12-08 12:09:25,5.2.75,trimakasi atas pelayanan kami sangat puas
63dcbfea-7923-4182-83cc-ba618c9e7c3c,Efendi Hermawan,https://play-lh.googleusercontent.com/a/ACg8ocKd3NbqdHdvLJHjDRrgCmk3BiNtXxvoJi_3rSWaQvvcgYN2OQ=mo,Sangat membantu,5,0,,2025-12-08 11:21:58,"Hai Kak Efendi, mimin ucapkan terima kasih buat rating terbaiknya. Pastinya PLN senantiasa memberikan layanan-layanan yg semakin inovatif, efektif serta solutif. Segera ajak kerabat serta keluarganya jg utk menggunakan PLN Mobile dlm mengurus segala kebutuhan listrik rumah. Sukses selalu Kak. :) -MF",2025-12-08 12:09:20,,sangat membantu
fc7d914e-a605-40d9-86a3-75cd800501ff,Budi Purnomo,https://play-lh.googleusercontent.com/a/ACg8ocIp-YNWw6dMb_wbsDrKymaCKh3eL0L_RVj2UQI5HKpCsC3eYA=mo,pln respon cepat,5,0,5.2.75,2025-12-08 11:21:57,Wah keren banget ulasan dari Kak Budi tentang pengalaman menggunakan PLN Mobile. Mimin seneng PLN Mobile bisa memberikan kemudahan dan kenyamanan bagi pelanggan. Pelayanan terbaik bikin hidup jadi lebih ringan utk dijalani. Yuk ajak orang terdekat mu untuk download PLN Mobile dan nikmati kemudahannya. Tks. -FE,2025-12-02 05:47:03,5.2.75,pln respon cepat
73f68b42-2e3c-498c-81b3-628bb2ee8e9a,yuli Anto,https://play-lh.googleusercontent.com/a-/ALV-UjUZPeV2MJXTwKagXbO9jRJxmycW14lah0yFSdNn55S-mbobTt5D,BAIK,5,0,5.2.75,2025-12-08 11:21:21,"Hallo Kak Anto, wah mimin turut bersuka cita ya & thanks jg buat feedback, serta bintang 5 nya. Semoga pengalaman menggunakan layanan digital PLN ini senantiasa menyenangkan buat Kk & jg makin membantu pelanggan dgn maksimal dlm memenuhi kebutuhan kelistrikannya. Yuk, jgn lupa diajak temen2 Kk utk menggunakan PLN Mobile. Sukses selalu ya. :) -MF",2025-12-08 12:09:12,5.2.75,baik
e006989e-7d5f-4df2-a0fa-a25714d8f1b8,nurfadilanasir 1227,https://play-lh.googleusercontent.com/a/ACg8ocLqFYnVF1-xna3XIC5lNuH-kaQKJrYqGgaHCGUultlaJHR_4w=mo,"aplikasi ini bagus, fitur fiturnya lengkap sehingga membantu segala macam yg berkaitan dengan listrik",5,0,5.2.75,2025-12-08 11:20:14,"Halo Kak Nurfa, mimin seneng deh bila Kk sdh menjadi bagian dari PLN Mobile. Nikmati jg berbagai fitur yg ada ya Kak & pastinya semua makin praktis dalam satu genggaman aplikasi. Yuk, rekomendasikan ke temen & keluarga Kk buat menggunakan layanan digital PLN ini. Terima kasih jg buat bintang cantiknya ya Kak. Salam PLN Terbaik. :) -MF",2025-12-08 12:09:01,5.2.75,aplikasi ini bagus fitur fiturnya lengkap sehingga membantu segala macam yg berkaitan dengan listrik
45ca3740-e4e9-448c-ba43-6400fdfd0a37,Arina Setiawati,https://play-lh.googleusercontent.com/a/ACg8ocLHF0BqEo2BewEUkD0ORfmC4ETje_nUXzCQutRQkq0LYrxyoLv3=mo,"Terimakasih PLN mobile, mau beli toke pulsa jadi nggak ribet, PLN Mobile memang terbaik",5,0,5.2.75,2025-12-08 11:17:13,"Terima kasih banyak, Kak Ayu. PLN Mobile bukan sekadar aplikasi, tapi teman setia urusan listrik kamu ya. Yuk rekomendasikan ke kerabat dan keluarga Kk utk download PLN Mobile. :) -IP",2025-08-27 14:29:13,5.2.75,terimakasih pln mobile mau beli toke pulsa jadi nggak ribet pln mobile memang terbaik
8dc1a345-3baf-441e-832b-036a942eebca,Adham Bagus,https://play-lh.googleusercontent.com/a/ACg8ocLzHlZhB8fH_81of7qO6isbYhCWKGq2iaJcK_aiXJmjQJCXVA=mo,Baik,5,0,,2025-12-08 11:16:43,"Halo Kak Adham, mimin ucapkan terima kasih jg ya buat rating cantiknya. Pastinya PLN berkomitmen serta konsisten utk selalu menghadirkan platform yg solutif dlm menjawab harapan2 pelanggan setia PLN Mobile. Yuk, segera rekomendasikan ke kerabat Kk buat pakai PLN Mobile utk mengurus keperluan listrik rumah. Salam PLN Terbaik. :) -MF",2025-12-08 12:08:54,,baik
8d0b5206-1a3f-455b-aad5-a986f11c449e,Putra prayoga,https://play-lh.googleusercontent.com/a/ACg8ocImfseC9Z5XjKqzyNpjvgnZZur7pTiZziGAF1BI1z9oS1cxyg=mo,"Aplikasinya bagus, beli pulsa di aplikasi ini biaya adminnya kecil.",5,0,,2025-12-08 11:16:37,"Hai Kak Putra. Mimin seneng deh kalo Kakak suka, apalagi sdh terbantu dgn adanya aplikasi PLN Mobile. Yuk nikmati juga berbagai fitur yg tersedia di layanan digital PLN ini, karena semua semakin mudah dalam satu genggaman aplikasi. Praktis bangetkan. Yuk, di update jg ke versi terbaru PLN Mobile nya ya. Have a nice day Kak. :) -MF",2025-12-08 12:08:43,,aplikasinya bagus beli pulsa di aplikasi ini biaya adminnya kecil
7662feeb-5e15-4ff3-9ea8-c689c8d418ed,Eka Yandra,https://play-lh.googleusercontent.com/a/ACg8ocJvEi2NTK7VmjmJwf2_MJA8M7Zz3J1bjKHA0SNeJjg4tjV5aQ=mo,banyak promo naik daya diskon 50%,5,0,5.2.75,2025-12-08 11:16:10,"Hai Kak Eka. Mimin seneng deh kalo Kakak suka, apalagi sdh terbantu dgn adanya aplikasi PLN Mobile. Yuk nikmati juga berbagai fitur yg tersedia di layanan digital PLN ini, karena semua semakin mudah dalam satu genggaman aplikasi. Praktis bangetkan. Yuk, di ajak jg kerabat Kk buat pakai PLN Mobile ya. Have a nice day Kak. :) -MF",2025-12-08 12:08:28,5.2.75,banyak promo naik daya diskon 50
57312905-40c6-44e1-88cd-51203024cd98,Pain Dik,https://play-lh.googleusercontent.com/a-/ALV-UjVhFX9bQDgb9clF_NWgHZKCwVOJtACqlS4Vxojy1CORmz4i-3ps,cukup membantu dan bagus,5,0,,2025-12-08 11:15:14,"Yuhu Kak Pain. Thanks yah buat bintang cantik & juga apresiasinya, semoga Kk selalu nyaman serta makin setia dalam menggunakan PLN Mobile. PLN Mobile anti ribet, yok rekomendasikan ke teman serta kerabatnya untuk download layanan digital PLN ini sekarang juga. Mimin tunggu ya Kak, sehat selalu. :) -MF",2025-12-08 12:08:15,,cukup membantu dan bagus
25305027-bacf-4044-bbe1-f822b3080006,Lailatul Mufarricha,https://play-lh.googleusercontent.com/a/ACg8ocL5dFo3LyGOc5cbVsTn92XXebTRVSG0li2J-8rIYpTGG98iLA=mo,PLN mobiel yang sangat membantu.,5,0,5.2.75,2025-12-08 11:14:19,"Hai Kak Lailatul, tks buat ulasan terbaiknya. PLN senantiasa hadirkan platform terbaik dgn menciptakan produk layanan yg handal, solutif & makin efisien serta trs melangkah maju dlm memberikan manfaat terutama di era digitalisasi. Yuk, langsung ajak kerabat & keluarga Kk buat pakai PLN Mobile. Sehat selalu Kak. :) -MF",2025-12-08 12:08:09,5.2.75,pln mobiel yang sangat membantu
72328d62-d3c2-4721-8a5f-2bc2b5ab212c,Nayatika Dhiyas,https://play-lh.googleusercontent.com/a-/ALV-UjVnytBGWwkKJaS_1qCnFlp3y78jcE7QhAuLOhKHRi1PnrKkxIU,layanan cepat 🙏,5,0,5.2.75,2025-12-08 11:14:03,"Halo Kak Nayatika, terima kasih atas ulasan yg diberikan. Pastinya PLN berkomitmen serta konsisten utk selalu memberikan pelayanan yg responsif & profesional, karena itu sbg bentuk dedikasi menjaga kenyamanan Plgn sbg Prioritas. Yuk, jgn lupa diajak langsung kerabatnya buat pakai PLN Mobile jg. Sehat selalu. :) -MF",2025-12-08 12:08:01,5.2.75,layanan cepat
7bdbe9a5-0d1f-4276-8c83-3e635e8acdc6,Zakky abdullah,https://play-lh.googleusercontent.com/a/ACg8ocInwqiTAHp8IpXa4UQVPplNe890OVn4f3oVSVNeKmYO9jB-XA=mo,Pelaporan di aplikasi cepat di tanggapi mantap,5,0,,2025-12-08 11:13:25,"Halo Kak Zakky, terima kasih atas ulasan yg diberikan. Pastinya PLN berkomitmen serta konsisten utk selalu memberikan pelayanan yg responsif & profesional, karena itu sbg bentuk dedikasi menjaga kenyamanan Plgn sbg Prioritas. Yuk, segera ajak kerabatnya buat pakai PLN Mobile jg yah. Sehat selalu Kak. :) -MF",2025-12-08 12:07:53,,pelaporan di aplikasi cepat di tanggapi mantap
eb950365-7999-481e-a060-3a54da894c70,Erlin Oktaviana,https://play-lh.googleusercontent.com/a/ACg8ocJEVdhuowSZrGcKpVy-1dlwYai1m5I96dj1ptL4-Apaw3n3dA=mo,Bagus,5,0,,2025-12-08 11:12:57,"Hai Kak Erlin, thanks buat ulasan terbaiknya. Tentu PLN selalu hadirkan platform terbaik dgn menciptakan produk layanan yg handal, solutif & makin efisien serta trs melangkah maju dlm memberikan manfaat terutama di era digitalisasi. Yuk, rekomendasikan & ajak keluarga Kk jg buat pakai PLN Mobile. Sukses selalu yah. :) -MF",2025-12-08 12:07:46,,bagus
103280a3-2f5d-4e3c-86bd-885dd9c765d6,Sarifudin Halim,https://play-lh.googleusercontent.com/a/ACg8ocKruAddyhhscpKSDAjV0RjacIHSLXjhJn55lphQAv-3KMnqmQ=mo,aplikasi yang membantu sekali dalam hal pelaporana listrik....,5,0,,2025-12-08 11:12:28,"Yuhu Kak Sarifudin, makasih buat ulasannya ya, wah semoga pengalaman menggunakan PLN Mobile selalu menyenangkan ya Kak. Kuyy, simak trs update info serta promo yg sdg berlangsung saat ini. Bila perlu diajak jg keluarga/teman/kerabat untuk mendownload PLN Mobile & nikmati kemudahannya. Salam sehat selalu. :) -MF",2025-12-08 12:07:41,,aplikasi yang membantu sekali dalam hal pelaporana listrik
7eeb81b2-0ef9-4b37-ad19-ffa6bc85cc28,Susanti Susanti,https://play-lh.googleusercontent.com/a/ACg8ocIkS4wwlP-8aByquzlpNir5oCG3KilM7ojYckRG2oEQKGvo=mo,pln mobile mantap dan sangat mudah untuk pengaduan kelistrikn.. mantaaaappppp..........,5,0,5.2.75,2025-12-08 11:12:18,"Kak Susanti, makasih ya udah kasih kepercayaan terhadap PLN Mobile. Di era modern ini, layanan platform digital sudah menjadi pilihan terbaik atasi permasalahan yg ada. Yuk, langsung aja rekomendasiin PLN Mobile ke orang-orang terdekat Kk. Tks. -FE",2025-12-04 03:01:02,5.2.75,pln mobile mantap dan sangat mudah untuk pengaduan kelistrikn mantaaaappppp
ff4b70f7-67e9-4e76-8b9c-2d0659a6f6b3,Nico Herlis,https://play-lh.googleusercontent.com/a/ACg8ocKFAHpg6N08zhU5A4EaiifX2bKAdDKvhrgxzW7J7CeAjGR_jJQZ=mo,proses pasang baru cepat dan transparan,5,0,5.2.75,2025-12-08 11:12:06,"Halo Kak Nico. Thanks yah buat bintang & juga apresiasinya, semoga Kk selalu nyaman serta makin setia dalam menggunakan layanan digital PLN. PLN Mobile anti ribet, yok diajak teman serta kerabatnya untuk download layanan digital PLN ini sekarang juga. Mimin tunggu ya Kak, sehat selalu. :) -MF",2025-12-08 12:07:31,5.2.75,proses pasang baru cepat dan transparan
ad6727fc-1e96-4989-ab4a-4f0caaa19899,davin 9417,https://play-lh.googleusercontent.com/a/ACg8ocLEyVKL2AnZzAE0L6-gwv3aHmF6zEzPvcoO-JdBx9ZHd5M-Dg=mo,maturnuwun pak pln,5,0,5.2.75,2025-12-08 11:09:40,"Bisa aja nih Kak Davin. Btw makasih ya Kak untuk feedbacknya. Manfaatkan fitur SwaCAM untuk melakukan Catat meter mandiri ya Kak. Mimin tunggu ya Kak, stay safe! -IF
",2025-09-23 04:34:03,5.2.75,maturnuwun pak pln
e8147148-af97-4518-abde-00d093f2df99,chairudin rudi,https://play-lh.googleusercontent.com/a-/ALV-UjX1z0vBvNDrzMi4d-5TFXLqFCLM_SbyNkgIDDKPhzMG8uVA39Q,lelet laporan dari 15.40 statusnya pereguan jan 17.00 sampe jam 18.00 gk ada penanganan,1,0,5.2.75,2025-12-08 11:09:07,"Mimin mohon maaf bila ada keluhan Kk yg msh blm mendapatkan penanganan. Menindaklanjuti aduan Kk Rudi, segera infokan langsung ke CS mimin melalui fitur Live Chat, supaya dimaksimalkan penanganannya. Ulasan yg Kk sampaikan akan jd noted terhadap peningkatan layanan agar bs lbh responsif lg dlm memberikan penanganan terhadap keluhan Plgn. Tks :) -MF",2025-12-08 11:25:11,5.2.75,lelet laporan dari 15 40 statusnya pereguan jan 17 00 sampe jam 18 00 gk ada penanganan
9035523b-e477-4b45-8975-b21144b93322,Zahwa Zahwa Aisyah,https://play-lh.googleusercontent.com/a/ACg8ocItznBith7KUelPFrXqJaDfkYW6Sev1TiqyZHmZwy3FZ8EaOw=mo,sangat bermanfaat,5,0,5.2.75,2025-12-08 11:08:59,"Hai Kak Zahwa, thanks buat rating terbaiknya. Tentu PLN senantiasa memberikan layanan-layanan yg semakin inovatif, efektif serta solutif. Yuk, diajak jg kerabat serta keluarganya utk menggunakan PLN Mobile dlm mengurus segala kebutuhan listrik rumah. Biar makin optimal, yuk perbaharui PLN Mobile nya ke versi terbaru Kak. Sukses selalu yah. :) -MF",2025-12-08 12:07:23,5.2.75,sangat bermanfaat
34fa4a73-b9e8-483e-8d9e-e3ac01aac8f3,Jakfar Sidiq,https://play-lh.googleusercontent.com/a/ACg8ocJ1LGjvlnDC_jE7c4wvL9GeWU26L8AMz3c_JGj2MIAlfNwN6Q=mo,pembayaran listrik semakin mudah semenjak saya menggunakan aplikasi ini.,5,0,5.2.75,2025-12-08 11:08:54,"Yuhu Kaka Jakfar. Tks penilaiannya, semoga semakin setia menggunakan PLN Mobile. Keluargamu males buat keluar rumah hanya untuk bayar tagihan listrik, kuy rekomendasiin buat gunain PLN Mobile. Salam sehat selalu. -CM
",2025-09-19 04:56:46,5.2.75,pembayaran listrik semakin mudah semenjak saya menggunakan aplikasi ini
b5574b13-5120-45f9-9c68-ba0f6e6fe512,Ahmad Saiful saiful,https://play-lh.googleusercontent.com/a/ACg8ocJGv1mb6lnoarmUVHCBcMT3-ldqOe0zjoAL_UjhZrpYIp1sKg=mo,membantu sekali pembayaran listrik menjadi lebih mudah dan cepat,5,0,,2025-12-08 11:08:45,"Hai Kak Ahmad, thanks buat rating terbaiknya. Tentu PLN senantiasa memberikan layanan-layanan yg semakin inovatif, efektif serta solutif. Yuk, diajak jg kerabat serta keluarganya utk menggunakan PLN Mobile dlm mengurus segala kebutuhan listrik rumah. Yuk, ajak kerabat Kk buat pakai PLN Mobile jg. Sukses selalu yah. :) -MF",2025-12-08 12:07:18,,membantu sekali pembayaran listrik menjadi lebih mudah dan cepat
23222168-4db5-4079-ae2f-9a474cfaf9f6,SRI REJEKI,https://play-lh.googleusercontent.com/a/ACg8ocLMS4SiHPfh_GzuUGL65ejo8A10DeAiDPLtoQmp0Sa2PbX3Fg=mo,semakin update pln mobile,5,0,5.2.75,2025-12-08 11:07:47,"Hi Kak Sri, makasih yah buat bintangnya. PLN Mobile kini hadir dengan tampilan baru yang lebih simple & user-friendly! Navigasi lebih mudah, tampilan lebih modern, dan pengalaman lebih nyaman. Yuk, update aplikasinya & rasakan perbedaannya! Stay healthy -DL",2025-11-25 05:39:48,5.2.75,semakin update pln mobile
91aa5feb-e057-4038-af92-0cb4c2adaabe,Sazliana Riduanty,https://play-lh.googleusercontent.com/a/ACg8ocJyK5Bk1gFDZlaCAJheTK_Ui7vitfmkvLKxpi5pW6DjqSfJJw=mo,memudahkan segala urusan,5,0,5.2.75,2025-12-08 11:07:10,"Hai Kak Sazliana. Wah senangnya dpt review positif dr Kk, thanks ya. Semoga Kk makin nyaman dlm menggunakan layanan digital PLN ini. Bila perlu info & bantuan mimin, Kk tinggal sampaikan melalui fitur Pengaduan yg sdh mimin sediakan di apk. Jgn lupa ajak kerabat & teman-teman Kk utk download PLN Mobile & nikmati kemudahannya ya. :) -MF",2025-12-08 12:07:09,5.2.75,memudahkan segala urusan
47541da1-d1e4-4fd8-abc5-4a47c2119d1a,Fatah075 Fatah,https://play-lh.googleusercontent.com/a-/ALV-UjUxHGq8LhvzZ0M7w8CJmtk-Ju6MGQwGyEqTHRrpCPZbYwWIKgA,sangat membantuuuu👍🏻,5,0,,2025-12-08 11:04:50,"Halo Kak Fatah, mimin ucapkan terima kasih atas ulasan yg diberikan. Pastinya PLN berkomitmen serta konsisten utk selalu menghadirkan platform yg solutif, serta responsif dlm menjawab harapan2 pelanggan setia PLN Mobile. Yuk, segera diajak kerabatnya buat pakai PLN Mobile dlm mengurus keperluan listrik rumah. Salam PLN Terbaik. :) -MF",2025-12-08 12:06:50,,sangat membantuuuu
8e033b35-d77f-4ef7-8019-b845ff67e441,Idn 104,https://play-lh.googleusercontent.com/a/ACg8ocJFsaSDNJc1XNkXIOK1PCZsVaTmqTpk1A0Zs5yOTII2gfqMTg=mo,pln terbaik,5,0,,2025-12-08 11:02:10,"Hai Kak, thanks ya buat bintang cantik & apresiasi yg diberikan terhadap layanan digital PLN. Di era perkembangan digital, pastinya PLN Mobile mimin hadirkan sbg platform dlm memenuhi semua keperluan listrik rumah agar makin mudah hanya dlm 1 genggaman apk. Yuk, diajak jg kerabatnya buat pakai PLN Mobile. Sukses selalu Kak. :) -MF",2025-12-08 12:06:36,,pln terbaik
8a99458b-771c-4da1-bc97-be9216debdcf,Moriina Momo,https://play-lh.googleusercontent.com/a/ACg8ocLtF65xH1U7PXx-ZpluzwF46u2T3n2d7y1_KKOhrHksdf-O-pk=mo,"Alhamdulillah Maslaah teratasi ,staff PLN gercep datang ke lokasi menangani Msalah , makasi bnyk",5,0,5.2.75,2025-12-08 11:01:43,"Hai Kak Morina, mimin ucapkan terima kasih jg atas apresiasi yg diberikan. Pastinya mimin berkomitmen serta konsisten utk selalu menghadirkan platform yg solutif dlm menjawab harapan2 pelanggan setia PLN Mobile. Yuk, langsung diajak kerabatnya buat pakai PLN Mobile dlm mengurus kebutuhan listrik rumah. Salam PLN Terbaik. :) -MF",2025-12-08 12:06:25,5.2.75,alhamdulillah maslaah teratasi staff pln gercep datang ke lokasi menangani msalah makasi bnyk
d2babb84-ca82-4aed-938c-8747ef89d713,Idn 103,https://play-lh.googleusercontent.com/a/ACg8ocJbAwIfkSaspp6utUYlOb8aOwxCiPveYIEU2z29v3ROOgV7lw=mo,goodjob pln,5,0,,2025-12-08 11:01:12,"Halo Kak, tks buat ulasan terbaiknya. Tentu PLN selalu hadirkan platform terbaik dgn menciptakan produk layanan yg handal, solutif & makin efisien serta trs melangkah maju dlm memberikan manfaat terutama di era digitalisasi. Jgn lupa ya Kak, diajak juga kerabat serta keluaganya utk menggunakan PLN Mobile. Have a nice day. :) -MF",2025-12-08 12:06:17,,goodjob pln
63c378a1-792c-468c-a062-b021ad27a1ce,Sung Kang,https://play-lh.googleusercontent.com/a/ACg8ocIINCNUu_tFJAtknxyWRW2SdsDrfK8KL96LuDxkwv3hDFq9MQ=mo,panggah oke,5,0,5.2.75,2025-12-08 10:59:34,"Hai Kak Sung, terima kasih jg buat bintang cantiknya & mimin seneng deh kalo Kk sdh terbantu dgn adanya PLN Mobile. Nikmati jg berbagai fitur yg ada, pastinya semua makin praktis dalam satu genggaman aplikasi. Diajak jg ya temen & keluarga Kk buat menggunakan layanan digital PLN ini. Have a nice day. :) -MF",2025-12-08 12:06:14,5.2.75,panggah oke
1fdae93a-00ee-4291-a7a7-b4d5d74eb1aa,MAHMUD ALATAS Alatas,https://play-lh.googleusercontent.com/a/ACg8ocLsC2oniCMTyUNqZfk3bPKhImmM1vaIpQszDfiKFjmkI35aMg=mo,"dg aplikasi ini kita bisa lbih mudah dalam pengaduan gangguan dan lain nya, sperti ubah tarif daya dan pasang baru.",5,0,,2025-12-08 10:55:40,"Wah, seneng banget liat review yg Kak Fahmi sharing, terima kasih banyak ya Kak. Yuk, share pengalaman dgn PLN Mobile ke teman & keluarga terdekat. Fiturnya yang beragam dan mudah diakses, membuat aplikasi ini cocok untuk digunakan siapa aja yang ingin aktivitasnya jd lebih praktis. Tks. -FE",2025-12-08 01:50:52,,dg aplikasi ini kita bisa lbih mudah dalam pengaduan gangguan dan lain nya sperti ubah tarif daya dan pasang baru
d81506e4-68b7-49d8-bc3d-651f17113311,Ad Lena,https://play-lh.googleusercontent.com/a/ACg8ocIrLDmqjs635epzqevGMwankkNmWeBvidBFNsoFB_JcfbA_4A=mo,Sangat membantu sekali,5,0,,2025-12-08 10:53:01,"Hai Kak Lena. Mimin senang sekali dgn apresiasi yg Kk berikan, thanks ya. Mimin tdk akan pernah berhenti utk selalu memberikan yg terbaik buat Kk, terutama dlm melayani kebutuhan listrik seluruh pelanggan. Kuyy, ajak jg keluarganya utk pakai PLN Mobile Kak. Semoga pengalaman bersama layanan digital PLN ini semakin menyenangkan. :) -MF",2025-12-08 11:53:17,,sangat membantu sekali
728ab0f7-acad-4874-b73e-a487221eca08,Fatahillah,https://play-lh.googleusercontent.com/a-/ALV-UjVS_qTnprAqKTPLWWieOlQNy_q-aI26n1cueAHtD0fwqaHnLYOS,👍,5,0,5.2.75,2025-12-08 10:52:22,"Hai Kak Fatahillah, terima kasih sudah memberikan rating cantiknya untuk aplikasi PLN Mobile. Cuz rekomendasiin temanmu buat download PLN Mobile, gak nyesel deh. Have a nice day -DL",2025-11-25 05:40:39,5.2.75,
36533575-5fc2-475d-8ca4-d91f4f5648b8,Fani Arindra,https://play-lh.googleusercontent.com/a/ACg8ocJG3XhaEH5ni_81EjwslUPcITd25hqg9R1rp1hv-wEqMuhokw=mo,aplikasi sangat membantu,5,0,5.2.75,2025-12-08 10:51:10,"Halo Kak Fani, mimin ucapkan terima kasih atas ulasan yg diberikan. Pastinya PLN berkomitmen serta konsisten utk selalu menghadirkan platform yg solutif dlm menjawab harapan2 pelanggan setia PLN Mobile. Yuk, langsung ajak keluarganya untuk pakai PLN Mobile buat mengurus keperluan listrik rumah. Salam PLN Terbaik. :) -MF",2025-12-08 11:53:09,5.2.75,aplikasi sangat membantu
587362d9-08bb-4ee9-8fcb-12898a98068f,Siniwi Giovani,https://play-lh.googleusercontent.com/a/ACg8ocKwG-9zWxgFU3aeVNezpXGRDBq_tw-6yjjGIQbtfZyIw5aOCA=mo,sangat berfaedah sekali,5,0,5.2.75,2025-12-08 10:51:09,"Hai Kak Giovani, terima kasih jg buat bintang 5 nya ya. Tentu PLN selalu hadirkan platform terbaik dgn menciptakan produk layanan yg handal, solutif & makin efisien serta trs melangkah maju dlm memberikan manfaat terutama di era digitalisasi. Semoga pengalaman menggunakan PLN Mobile selalu menyenangkan ya Kak. Sehat selalu. :) -MF",2025-12-08 11:53:03,5.2.75,sangat berfaedah sekali
2d511a19-5f41-40d8-b580-aa192c922142,Rani Widia Ningsih,https://play-lh.googleusercontent.com/a/ACg8ocKR_GCqfGowwErrdQWoR4V1Q5Ns1fALf9G0VuDemdbrCiNcDw=mo,pelayanannya sangat cepat,5,0,5.2.68,2025-12-08 10:49:52,"Halo Kak Rani. Tentu PLN trs berinovasi & bersinergi dlm menghadirkan layanan, serta platform terbaik dgn fitur yg semakin user friendly dlm menjawab harapan2 seluruh pelanggan. Kuy, jgn lupa diajak kerabat Kk utk menggunakan PLN Mobile. Terima kasih juga buat bintang 5 nya ya Kak. Have a nice day. :) -MF",2025-12-08 11:52:53,5.2.68,pelayanannya sangat cepat
f2532459-def3-4b84-9e45-95c363f0d8c8,Suroso Suroso,https://play-lh.googleusercontent.com/a/ACg8ocKILkJYH1A5tEsZPCnCWkP-vdVZhrM7biwDKRjjuLEOWZ34MQ=mo,semakin mudah cepat,5,0,5.2.75,2025-12-08 10:49:31,"Hai Kak Suroso, makasih ya udah suka & puas menggunakan PLN Mobile. Buruan ajak besti kamu download PLN Mobile ya, lagi banyak promo tambah daya looh. Have a great day -JA",2025-09-12 09:29:47,5.2.75,semakin mudah cepat
80dc8df2-8400-4215-af6d-d68532895a63,Nsrmhulis,https://play-lh.googleusercontent.com/a/ACg8ocKyiWSKX4LGnRmrutIZaFQrkl7DZB6CBtOU6IYey9HTEYn16w=mo,terbaik,5,0,5.2.75,2025-12-08 10:49:21,"Hai Kk Mhulis, tentu PLN Mobile mimin hadirkan demi menjawab harapan & memenuhi kebutuhan listrik Plgn. Hal ini diharapkan supaya Plgn & khususnya Kk jg memiliki kanal yg lbh cepat dlm berinteraksi dgn PLN dimanapun, serta makin mudah hanya dlm 1 genggaman. Yuk, ajak bestinya jg buat menggunakan layanan digital PLN. Tks, sukses selalu Kak. :) -MF",2025-12-08 11:52:46,5.2.75,terbaik
558e5d98-ca8c-4d0d-bfb1-ca5344b6ef30,Samat Setiawan,https://play-lh.googleusercontent.com/a-/ALV-UjVFiJM0McCGvearh14W9mI3kQ9ca4Jazqa4rAgPux8KFFDsINvY,"Sangat bermanfaat dan berguna dalam berbagai transaksi 🙏🏻 Terimakasih PLN mobile,",5,0,5.2.75,2025-12-08 10:49:07,Hai Kak Samat. Terima kasih kembali mimin seneng deh kalo Kaka suka sama aplikasi PLN Mobile. Undang dan dapatkan kupon undian berhadiah setiap mengajak temanmu bergabung dengan kode referallmu ya. Have a nice day -NA,2025-08-25 06:32:49,5.2.75,sangat bermanfaat dan berguna dalam berbagai transaksi terimakasih pln mobile
d6be26d6-d431-4fc9-9240-bc8a6c70df36,Moh Abibi,https://play-lh.googleusercontent.com/a/ACg8ocI4iYKRYT3-ZxRIP1Xqi5f8H7oVK0g-3wwtkTCcAKDiOMwbOw=mo,fitur2nya makin baik,5,0,,2025-12-08 10:46:46,"Halo Kak Abibi, mimin seneng deh kalo Kk sdh terbantu dgn adanya PLN Mobile. Nikmati jg berbagai fitur yg ada ya Kak & pastinya semua makin praktis dalam satu genggaman aplikasi. Yuk, rekomendasikan ke temen & keluarga Kk buat menggunakan layanan digital PLN ini. Terima kasih jg buat bintang cantiknya ya Kak. Salam PLN Terbaik. :) -MF",2025-12-08 11:52:19,,fitur2nya makin baik
8a1ae02d-a64c-430a-aced-47ac502c10e5,Oom,https://play-lh.googleusercontent.com/a/ACg8ocKx-3YiL6P2ymw1nlcO19DD_Od63RzDW4JglCsNznV8sRSS-Q=mo,pelayanannya cepat,5,0,,2025-12-08 10:45:10,"Hai Kak, makasih buat bintang 5 nya ya & admin senang mendengar apresiasi yg Kk berikan. Semoga dgn adanya layanan digital PLN ini bisa meningkatkan kemudahan melayani pelanggan hanya dalam satu genggaman apk. Buruan ajak kerabatnya jg untuk download PLN Mobile dalam mengurus kebutuhan listriknya ya. Sukses buat Kk Oom & sehat selalu yah. :) -MF",2025-12-08 11:52:10,,pelayanannya cepat
842b6b21-195b-4f58-bae6-126fcbf1c971,Sulistyo Rini,https://play-lh.googleusercontent.com/a/ACg8ocISGeAz0ZgB-NahpMTl9kas598PN-R3Pv8xOEi9d8mJmEyBIQ=mo,pln mobile memudahkan segala pengaduan dan penangan gangguan,5,0,5.2.75,2025-12-08 10:44:56,"Kak Sulistyo, terima kasih atas apresiasinya utk layanan digital PLN. Pastinya mimin berkomitmen serta konsisten utk selalu menghadirkan platform yg solutif & efektif dlm menjawab harapan2 pelanggan setia PLN Mobile. Jgn lupa rekomendasikan jg ke keluarga Kk utk menggunakan PLN Mobile dlm mengurus keperluan listrik rumah. Salam PLN Terbaik. :) -MF",2025-12-08 11:52:03,5.2.75,pln mobile memudahkan segala pengaduan dan penangan gangguan
ff2f894f-68c8-4ba6-b2f8-6179da3f171d,Khoirul A,https://play-lh.googleusercontent.com/a/ACg8ocK075VrayaCto9EYQut9EbWMplPwCt3h4VoS8AmaEGXnnvXbA=mo,Adanya pln mobile jadi mudah untuk lapor pas ada masalah dan bisa juga bayar/beli token lewat sini juga 👍,5,0,,2025-12-08 10:44:29,"Halo Kak Khoirul. Dengan adanya layanan digital PLN ini sbg wadah buat pelanggan dlm berinteraksi dgn PLN & jg bertransaksi dimanapun makin simple, serta terjangkau. Yuk, diingatkan jg kerabat & keluarga Kk utk menggunakan PLN Mobile terutama dlm mengurus kebutuhan listrik rumah hanya dlm 1 genggaman apk. Thanks, sukses selalu ya Kak. :) -MF",2025-12-08 11:51:55,,adanya pln mobile jadi mudah untuk lapor pas ada masalah dan bisa juga bayar beli token lewat sini juga
9130ee58-3144-4771-90b5-2f3dcb7ee72f,PLN Inspeksi,https://play-lh.googleusercontent.com/a/ACg8ocIDv6w39Nb34_OAEdmddoYGY8hNVuAOWWh_RG1g9XRH4jMaLg=mo,Sangat memudahkan segala urusan kelistrikan tampa harus kekantor,5,0,5.2.75,2025-12-08 10:44:22,"Yuhu Kak, mimin ucapkan terima kasih buat rating terbaiknya ya. Pastinya PLN senantiasa memberikan layanan-layanan yg semakin inovatif, efektif serta solutif. Kalau perlu diajak jg kerabat serta keluarganya yuk, utk menggunakan PLN Mobile dlm mengurus segala kebutuhan listrik rumah. Sukses selalu Kak. :) -MF",2025-12-08 11:51:47,5.2.75,sangat memudahkan segala urusan kelistrikan tampa harus kekantor
ddf0a800-9203-457f-81f1-804182de0faf,Rajawali Putra,https://play-lh.googleusercontent.com/a/ACg8ocIx3Zjz7O1KNiVJcqQ3xsr4qDFoPwhIFMLWxakqMYey6dI8mA=mo,pln mobile memang ok,5,0,5.2.75,2025-12-08 10:42:50,"Hallo Kak Putra, wah mimin turut bersuka cita ya & thanks jg buat feedback, serta bintang 5 nya. Kuyy, diajak juga besti Kk buat tambah daya di aplikasi PLN Mobile. Dipantau jg bila ada Promo yg menarik pd menu Event, serta Promosi & Informasi di beranda PLN Mobile. Semoga pengalaman bersama layanan digital PLN ini selalu menyenangkan ya. :) -MF",2025-12-08 11:51:29,5.2.75,pln mobile memang ok
dd60fde2-6016-46e1-8a1b-e999d8c5bcbc,Sugengrianto Rianto,https://play-lh.googleusercontent.com/a-/ALV-UjVYEStH01IYwaBnH00dMCM_AxeuFM_PVE8bwxlTVYBCWC-jAcM,semakin mudah dengan PLN MOBILE... Mantab 👍👍👍,5,0,5.2.75,2025-12-08 10:42:07,"Makasih ya Kak Sugengrianto, reviewnya keren bgt. Kami seneng bisa bantu kebutuhan listrik Kk. PLN Mobile dibuat agar semua urusan listrik bisa selesai di genggaman. Dukungan Kk penting bgt buat kami utk trs berkembang. Share ya ke org terdekat biar sama-sama nikmati kemudahan. Thanks. -SH
",2025-08-25 07:39:38,5.2.75,semakin mudah dengan pln mobile mantab
39bec8e1-584c-4e86-b531-3ccadef02d97,Edy Kuswoyo,https://play-lh.googleusercontent.com/a-/ALV-UjVbOEbRwlxWS8I0x0eNDmHZhykj68A1i1nIOLn82ADmQtHRLog,siiip tepat cepat.efisien,5,0,,2025-12-08 10:41:41,"Halo Kak Edy, mimin berterimakasih jg atas rating terbaiknya buat PLN Mobile ya. Semoga pengalaman menggunakan layanan digital PLN ini senantiasa menyenangkan buat Kk & jg makin membantu pelanggan dgn maksimal dlm memenuhi kebutuhan kelistrikannya. Yuk, jgn lupa diajak temen2 Kk utk menggunakan PLN Mobile. Sukses selalu ya. :) -MF",2025-12-08 11:51:20,,siiip tepat cepat efisien
80a02756-a5ca-4699-bcc9-66255bb9b951,Pudoli Donal,https://play-lh.googleusercontent.com/a-/ALV-UjVhEaZm_n3Qm8UoEdBYGju8GDLYz1hFtc_KjTTOzWyqATrB6w,PLN mobile ok,5,0,5.2.75,2025-12-08 10:41:31,"Wah, mimin seneng bgt kalo PLN Mobile udah membantu Kak Pudoli, makasih ya Kak udh akses layanan yg ada di PLN Mobile. Platform digital ini dirancang agar kebutuhan listrik pelanggan jd lebih mudah terpenuhi. Yuk, ajak teman-teman kamu buat download PLN Mobile. Tks. -FE",2025-12-03 03:17:59,5.2.75,pln mobile ok
9e4fed24-84ca-4f4c-b23c-c37c79ff0540,Pos Arjosari,https://play-lh.googleusercontent.com/a/ACg8ocLGWxgtFjFklPQ5chSayfw5NnD3tnwOJZdgFLixTL2qIqwP4w=mo,sangat puas,5,0,5.2.75,2025-12-08 10:40:52,"Hallo Kak Arjosari, tks Kak penilaiannya, semoga semakin setia menggunakan PLN Mobile. Bajunya warna Polkadod, merah warna celananya. Cakep.. Hey Kakak jangan lupa saranin download, ke temen temen dan sadayana ya. Stay safe ya. -BR",2025-04-10 09:05:46,5.2.75,sangat puas
7495d968-b820-46d8-a9c8-f53b48348acc,Sutris Pletok91,https://play-lh.googleusercontent.com/a/ACg8ocJ0zPdzFLyPv_dimE9KCXotEiWHPuDMjA5D8gJDUfNJo5qlPA=mo,sangat puas,5,0,5.2.75,2025-12-08 10:39:18,"Hai Kak Sutris, thanks ya buat penilaiannya, cus rekomendasi ke tmn2 kmu juga ya Kak buat gunain PLN Mobile. Stay safe - JA",2025-09-12 09:23:01,5.2.75,sangat puas
4fbc1f2b-e5bb-4e3e-afff-6f7173ccf9e2,Rakman Suharsih,https://play-lh.googleusercontent.com/a/ACg8ocLlfeYGOfPc5BSoewg-B6gtkI-FEoJtxWSiNuLLLwH4qyys4w=mo,pln mantapp..,5,0,5.2.75,2025-12-08 10:37:33,"Halo Kak Rakman, makasih buat ulasannya ya, wah semoga pengalaman menggunakan PLN Mobile selalu menyenangkan ya Kak. Ditunggu update info dan promo lainnya nanti ya. Ayo ajak keluarga/teman/kerabat untuk mendownload PLN Mobile dan nikmati kemudahannya. Salam sehat selalu. :) -MF",2025-12-08 11:51:13,5.2.75,pln mantapp
91860452-bf78-47da-ac2b-543e32cfa238,Priyono Yono123,https://play-lh.googleusercontent.com/a-/ALV-UjXWKfzPObiIvrFlL1u-NkvZZiYxwerbgADyQ-yWBL0KTabnPR39,PLN mobile memang mantap👍,5,0,5.2.75,2025-12-08 10:36:47,"Kak Priyono, thanks buat ulasan terbaiknya. Tentu PLN selalu hadirkan platform terbaik dgn menciptakan produk layanan yg handal, solutif & makin efisien serta trs melangkah maju dlm memberikan manfaat terutama di era digitalisasi. Yuk, diajak kerabatnya untuk menggunakan PLN Mobile dlm mengurus kebutuhan listrik rumah. Sehat selalu. :) -MF",2025-12-08 11:51:01,5.2.75,pln mobile memang mantap
769896b0-fe5c-46d9-bb84-f93bddd51893,Suprayitno Prayit,https://play-lh.googleusercontent.com/a-/ALV-UjW5Rpaccgo4gUzEEE5wt2a2lzhZlYrwg4uKjQt59VqFfFtgMsk,urusan listrik jadi mudah,5,0,5.2.75,2025-12-08 10:33:44,"Tks Kak Suprayitno udh setia sama PLN Mobile. Fitur2 di dalamnya hadir buat satu tujuan, bikin semua serba cepat dan mudah. Kami percaya, kemudahan kecil bisa bawa kebahagiaan besar. Dan Kk udah jdi bagian dari perjalanan itu. Gak seru kalau nikmatin kemudahan sendirian. Ajak yg tersayang cobain PLN Mobile juga ya, lagi ada banyak kejutan seru. -SH",2025-12-08 11:40:33,5.2.75,urusan listrik jadi mudah
f7e17110-67dc-4837-9815-a0c27c98509f,Heru Iswoyo,https://play-lh.googleusercontent.com/a/ACg8ocKa88nzAdPXk4w_mZfUJE8_aS9jSUoySlYRFwhVBX-f_plwzw=mo,andaikan rating bisa lebih dari 6👍 gaass terus,5,0,,2025-12-08 10:32:41,"Hello Kak Heru. Tks Kak penilaiannya, Kami akan terus berusaha memberikan yg terbaik. Ga perlu repot jauh-jauh utk beli token doang, bisa melalui aplikasi PLN Mobile brodi. Sukses buat Kakak yah -CM
",2025-09-19 05:08:14,,andaikan rating bisa lebih dari 6 gaass terus
69c55032-7abb-45fe-bae3-36533d9899fe,Leo Sinaga,https://play-lh.googleusercontent.com/a/ACg8ocJYEk4wLlVg02bQsZiIDvHwQvzk8q2ax2j-tPmn6pUBzY1m_w=mo,"Sangat membantu,laporan cepat ditanggapi. Joss",5,0,5.2.75,2025-12-08 10:31:59,"Terima kasih banyak atas ulasannya Kak. Kami hadirkan PLN Mobile supaya kamu gak perlu ribet lagi. Semua ada dalam satu genggaman. Kadang yang kita butuhin cuma solusi simpel, tapi ngaruh ke seluruh hari. Gak seru kalau nikmatin kemudahan sendirian. Ajak yang tersayang cobain PLN Mobile juga ya. Lagi ada banyak kejutan seru. Thanks. :) -SH
",2025-12-08 11:40:08,5.2.75,sangat membantu laporan cepat ditanggapi joss
683ea17f-3bac-49a4-a584-f4d8abf94018,devin devin,https://play-lh.googleusercontent.com/a/ACg8ocIp4bY6gV0-QZJnDJquKQWShkf1SrYdTRCfwpZIMTsjFeJ74w=mo,terimakasih pln pelayanan semakin cepatt👍👍,5,0,,2025-12-08 10:31:17,"Makasih Kak Devin udah kasih review positif. PLN Mobile memang dirancang biar semua urusan listrik bisa beres tanpa stres. Dari beli token sampai lapor gangguan, tinggal klik aja. Karena kenyamanan itu bukan soal mewah, tapi soal kemudahan yang nyata. Yuk ajak orang tersayang download juga. Bareng-bareng nikmatin hidup yang lebih praktis. :) -SH
",2025-12-08 11:40:04,,terimakasih pln pelayanan semakin cepatt
5c3aba8d-84c0-4f23-a7dc-8102c9108009,Kodok Pln,https://play-lh.googleusercontent.com/a/ACg8ocLzoNd9CRvNRhqT2mymzNS6pt-7mdi6_VXE493ObpfJLEcGIg=mo,terima kasih Yantek Borobudur.. selalu sigap,5,0,5.2.75,2025-12-08 10:28:53,"Makasih banget Kak atas bintangnya. Dukungan kayak gini bikin kami makin semangat ningkatin layanan. PLN Mobile hadir buat kasih solusi dari genggaman. Setiap bintang darimu, jadi cahaya buat kami terus berinovasi. Yuk ajak orang tersayang download juga. Bareng-bareng nikmatin hidup yang lebih praktis. Thanks. -SH
",2025-12-08 11:39:52,5.2.75,terima kasih yantek borobudur selalu sigap
acc5a550-87e0-4453-90c4-3aa41ba3e94d,Frengky Setyawan,https://play-lh.googleusercontent.com/a/ACg8ocLQoUlbj_IQja8LDZC76qVAxiSB-Gj0U9K3ai8AGEfxmgJsxw=mo,pln jos jisss,5,0,5.2.75,2025-12-08 10:26:55,"Terima kasih ya Kak Frengky atas feedback positif dan rating supernya. Senang banget PLN Mobile bisa jadi andalan buat urusan listrik Kakak. Semua bisa dilakukan dengan cepat dan praktis. Yuk terus dukung kami dan ajak juga teman/keluarga pakai PLN Mobile. Sama-sama nikmatin layanan sat set. -SH
",2025-12-08 11:39:33,5.2.75,pln jos jisss
f556b656-a880-478a-8e43-5ef845719820,ramdhani puji,https://play-lh.googleusercontent.com/a/ACg8ocK8PmxQtcY_x-_cfMqg0wjnkBcB6_pgnlV9HEl6OcaBEcJRVw=mo,mudah dan sangat membantu,5,0,,2025-12-08 10:25:48,"Makasih Kak Ramdhani udah support PLN Mobile. Ulasannya bikin hati kami hangat. Kami terus semangat kasih layanan terbaik. Yuk sebarkan kemudahan ini ke keluarga & sahabat juga, biar semuanya bisa nikmatin layanan sat set tanpa ribet. Have a wonderful day. -SH
",2025-12-08 11:39:28,,mudah dan sangat membantu
ad294a11-6e5b-473f-8e43-d390b8b80d31,Linda Imbar,https://play-lh.googleusercontent.com/a/ACg8ocLVDVcNHpeMvO74XyEkkI56RTq2xufBpDjMoFrEW_j_OR2vIw=mo,aplikasi bagus banget,5,0,5.2.75,2025-12-08 10:24:35,"Terima kasih banyak atas apresiasinya Kak Linda. PLN Mobile akan terus berkembang biar makin nyaman digunakan. Semoga kemudahan yang dirasakan juga bisa dirasain orang-orang terdekat Kk. Cus ajak mereka pakai juga, biar hidup makin ringan. -SH
",2025-12-08 11:39:18,5.2.75,aplikasi bagus banget
dee603a4-9c53-4865-acb2-c0b415b4f41c,harry,https://play-lh.googleusercontent.com/a/ACg8ocJCayhPuOFypCWpTddFbMDi9hqyBu9UPRtLVd0R70aNKEp8XA=mo,semakin mudah dengan pln mobile...,5,0,5.2.75,2025-12-08 10:24:24,"Hai Kak Harry, makasih penilaiannya. Pas banget nih, PLN Mobile hadir buat kamu yang ga perlu repot lapor masalah kelistrikan. Tks Kak :) -SU
",2025-09-16 02:42:12,5.2.75,semakin mudah dengan pln mobile
639b154c-9a8e-43a1-9235-8922a7b1ef4d,Idin Rosidin,https://play-lh.googleusercontent.com/a-/ALV-UjVwAb5wvWGgJwDuSaxZY2e9b66fb-79mP2zuYgEW-KDGNnIASo,pln mobile .... topppp...mantap...,5,0,5.2.75,2025-12-08 10:22:48,"Thank you Kak Idin. Ulasan dan bintangnya bikin hari kami cerah. Senang banget aplikasi PLN Mobile bisa jadi teman setia buat urusan listrik. Yuk bareng-bareng nikmatin kemudahan ini, ajak keluarga dan teman download juga ya. Stay happy and healthy. -SH
",2025-12-08 11:38:27,5.2.75,pln mobile topppp mantap
37a0029f-1156-40d3-96ac-6040d7387cf5,sukarjan sukarmun,https://play-lh.googleusercontent.com/a-/ALV-UjVBY0vAvi5TtcdiZgp2D8F9fwIoCF29XVINqlWAbXpLt55THUQ,semakin mudah dengan adanya PLN mobile PLN mobile semakin keren,5,0,5.2.75,2025-12-08 10:20:34,"Hallo Kak Sukarjan, Makasih yaa buat review & rating bintang 5 nya Mimin senang banget. Santuy besti, di aplikasi PLN Mobile kamu juga bisa beli produk yg kamu mau di menu Marketplace lo. Stay Healthy - RA
",2025-08-28 15:17:46,5.2.75,semakin mudah dengan adanya pln mobile pln mobile semakin keren
39d9e3aa-981e-4cbe-9c79-55098f9d98b6,Darwin Nasution,https://play-lh.googleusercontent.com/a/ACg8ocJ3q9GJ1ibACXL6uGoUrFLH5LV2GdtsCi3ZgW4JILfcMn2TYg=mo,PLN ok,5,0,5.2.75,2025-12-08 10:19:24,"Wah makasih Kak Darwin, rating dan ulasannya bikin kami tambah semangat nih. Kami senang PLN Mobile bisa bantu urusan listrik jadi makin praktis. Karena hidup udah cukup ribet, urusan listrik jangan ikut ribet dong. Share juga ke sahabat dan keluarga ya. -SH
",2025-12-08 11:38:18,5.2.75,pln ok
3a2b2bd5-7754-4bad-a6f7-7adef2fede4b,Siti Annisah,https://play-lh.googleusercontent.com/a/ACg8ocLyQnmAu2mECtVX38RU9BMbBn0FiqUeoJOA3gR8WC3EykYFHA=mo,aplikasi ini sangat membantu saya pengaduan listrik,5,0,5.2.75,2025-12-08 10:18:08,"Makasih banyak ya Kak atas rating dan ulasannya yang kece. Dukungan Kakak bikin kami makin semangat kasih layanan terbaik lewat PLN Mobile. Mulai dari cek tagihan, beli token, sampai pengaduan jadi gampang banget. Share juga ke bestie ya, biar hidup makin praktis bareng. Sehat selalu. -SH
",2025-12-08 11:38:04,5.2.75,aplikasi ini sangat membantu saya pengaduan listrik
6cd87417-5b7a-4f6d-9d37-9c70deff2678,Slamet Riadi,https://play-lh.googleusercontent.com/a/ACg8ocK4XVhDgBRrNFO8UIhIy_N3r0bEvjyze0_ZmSok1vIwrfA6Kw=mo,pln pct semakin 👍👍,5,0,5.2.75,2025-12-08 10:16:34,"Wah, makasih banyak Kak Slamet. Ulasannya keren dan ratingnya mantap. PLN Mobile bakal terus upgrade fitur biar makin bantu kamu dalam urusan listrik. Info tagihan? Gampang. Mau tambah daya? Bisa. Jangan lupa ajak keluarga & sahabat pakai juga ya. Biar semua makin praktis. Stay happy and healthy. -SH
",2025-12-08 11:38:01,5.2.75,pln pct semakin
55ee376d-9a89-457e-b6d2-8d039942239c,Arif Hidayat,https://play-lh.googleusercontent.com/a-/ALV-UjW4VeefHSP-0nOf1xA_XvyB0RsxB2tGb-Dl29pdXhAhMxb2_h2KdQ,"Aplikasi yang sangat bagus, banyak fitur yang sangat membantu baik untuk pembayaran tagihan,beli token,pengaduan gangguan kelistrikan,pengajuan pasang baru dan lain sebagainya.",5,0,5.2.75,2025-12-08 10:15:17,"Hallo Kak Arif, Terima kasih sudah memberikan rating cantiknya untuk aplikasi PLN Mobile. Ayo manfaatkan fitur tambah daya pada PLN Mobile, Kamu bisa nih ubah daya pakai PLN Mobile. Praktis bangetkan, stay safe ya - DR",2024-02-19 20:54:23,5.2.75,aplikasi yang sangat bagus banyak fitur yang sangat membantu baik untuk pembayaran tagihan beli token pengaduan gangguan kelistrikan pengajuan pasang baru dan lain sebagainya
7dcf9c29-799b-4f4f-b234-3205821ae0ce,Udi Setiawan,https://play-lh.googleusercontent.com/a/ACg8ocLTVqGao3hALNAq9gs6YVvNntUlI2z8r9pyeBMuGHgdtlF6vg=mo,ok,5,0,5.2.75,2025-12-08 10:15:03,"Halo Kak Udi. Makasih buat ulasannya ya, wah semoga pengalaman menggunakan PLN Mobile selalu menyenangkan ya Kak. Ayo ajak keluarga/teman/kerabat untuk mendownload PLN Mobile dan nikmati kemudahannya. Have a great day -KL",2025-09-11 09:11:18,5.2.75,ok
9949138b-3deb-4942-8fb9-46e6f13dd847,Wawan Nofrianto,https://play-lh.googleusercontent.com/a/ACg8ocJed0fxTSV2j1XLJtNLyfpuwhXZkuVd6PT6tnBhVkTqB9N8IA=mo,"sungguh sangat bahagia sekali dengan PLN MOBILE pasang baru bisa dari rumah, cuma andalin PLN mobile doang, mantap",5,0,5.2.75,2025-12-08 10:14:19,"Makasih banyak ya Kak Wawan buat rating terbaik yg udah diberikan. Kini, transaksi yg dilakukan lewat PLN Mobile jadi gampang banget, apa lagi dengan metode pembayaran yg beragam dan pastinya aman digunakan. Jadi, ga perlu khawatir buat rekomendasiin PLN Mobile ke keluarga dan kerabat Kk ya. Tks. -FE",2025-12-03 04:38:28,5.2.75,sungguh sangat bahagia sekali dengan pln mobile pasang baru bisa dari rumah cuma andalin pln mobile doang mantap
f942dc2f-d4e5-4996-ad05-e244a83086fe,Yunita Takaeb,https://play-lh.googleusercontent.com/a-/ALV-UjXTJsEmaASCNDTb0CIMVlZxnF81S3YTCCDJeoFgtSqncZRbGY4,aplikasi sangat membantu,5,0,5.2.75,2025-12-08 10:12:22,"Kak Yunita, makasih banyak udah kasih rating keren & review yang menyenangkan. Dukungan kayak gini jadi semangat kami untuk terus kasih layanan terbaik lewat PLN Mobile. Biar tambah seru, yuk ajak teman dan keluarga coba juga. Hidup lebih mudah, semua bisa dari genggaman. Sehat selalu ya. -SH
",2025-12-08 11:37:53,5.2.75,aplikasi sangat membantu
b976ac24-ff3f-4735-a805-45a6515698d3,Arsyfa _salsabilla_effendi,https://play-lh.googleusercontent.com/a-/ALV-UjXjcjOxDrai16ebW8JEgYlK-2vXO6M_8NC-CcrNUTsILnR1mDNP,Bagus ini Aplikasi..👌,5,0,5.2.75,2025-12-08 10:09:18,Makasih buat penilaiannya. Semoga PLN Mobile bisa meningkatkan kemudahan dalam melayani pelanggan PLN. Mau pasang listrik sementara buat Pesta? Langsung ajah daftar di PLN Mobile. -Stay safe ya. -ME,2025-09-07 06:12:52,5.2.75,bagus ini aplikasi
6f60d880-84fb-4e73-8d69-f3088c157a71,Yaser Nule,https://play-lh.googleusercontent.com/a/ACg8ocI9cNH1lgWQMyCZqEA1P_TPFK8ravcdKrVyu5jrkUKNHvv0Tg=mo,Terimakasih atas pelayanan petugas MCB on atas pemasangan kWh meteran baru dan kami pelanggan sangat puas dgn kinerja petugas,5,0,5.2.75,2025-12-08 10:08:32,"Makasih banyak ya Kak, udah kasih ulasan positif buat PLN Mobile. Seneng banget rasanya kamu ngerasa terbantu. Semua makin gampang, tinggal satu sentuhan di genggaman. Karena kadang, hal besar dimulai dari kemudahan kecil yang bikin nyaman. Share ke bestie kamu juga dong. Biar sama-sama gampangin hidup. Sehat terus yaa. -SH
",2025-12-08 11:37:31,5.2.75,terimakasih atas pelayanan petugas mcb on atas pemasangan kwh meteran baru dan kami pelanggan sangat puas dgn kinerja petugas
d6b15c7d-266d-4b30-889a-4c5ef04a5f87,Riki Maenaki,https://play-lh.googleusercontent.com/a/ACg8ocLC0nMEUFuveg4mOpdd-7QIGTZN8h8TcAMF4tjXN7O86HovUQ=mo,Aplikasinya sangat membantu.pelayanan cepat. Terima kasih bantuannya pln,5,0,5.2.75,2025-12-08 10:07:08,"Kak Riki, terima kasih utk rating terbaik dan feedback yg udah diberikan ya. Semoga dengan adanya PLN Mobile, aktivitas Kk jadi lebih cepat dan praktis. Jangan ragu buat ajak teman-teman dan sahabat Kk untuk download PLN Mobile dan rasakan kemudahannya bersama. Tks. -FE",2025-12-03 03:47:59,5.2.75,aplikasinya sangat membantu pelayanan cepat terima kasih bantuannya pln
18cd6a7c-cb34-42b6-86ed-ed7d8da436be,suanto 29,https://play-lh.googleusercontent.com/a/ACg8ocK1rXqFp-Vbl11SkOvRoI7_2Pl0ivbE_O02juhVsh9PoWIzug=mo,pelayan baik,5,0,5.2.75,2025-12-08 10:07:03,"Makasih banget ya Kak suanto. Kami seneng PLN Mobile bisa jadi sahabat andalan buat urusan listrik. Semoga makin praktis dan memudahkan terus ya. Jangan lupa share pengalaman ini ke temen atau keluarga, biar mereka juga ikutan. SatSet bareng PLN Mobile. Have a nice day. -SH
",2025-12-08 11:37:27,5.2.75,pelayan baik
c08091ad-15b3-4e0d-a678-d191792062e5,Dina Ananda,https://play-lh.googleusercontent.com/a/ACg8ocK6BqCFEKGjmLzj6NvbPGX46m6FE_YKeSTJY2c13nst14CMGQ=mo,aplikasi yg sangat membantu,5,0,5.2.75,2025-12-08 10:05:21,"Halo Kak Dina, makasih banyak atas feedback nya. Kami happy banget tau PLN Mobile bisa jadi solusi praktis buat keseharian Kakak. Yuk terus manfaatkan fiturnya, dan kalau oke, bolehlah direkomendasikan ke orang terdekat. Semoga selalu dimudahkan urusannya. Have a nice day. -SH
",2025-12-08 11:37:07,5.2.75,aplikasi yg sangat membantu
26e70399-5336-433f-ab19-bb51a754af99,Ogix Ogix,https://play-lh.googleusercontent.com/a/ACg8ocKgKt_9hG5BmAbqzimFJh9fnINoW8v-VfiphkF6qagcV6Q7Ag=mo,Trimakasih pln mobel,5,0,5.2.75,2025-12-08 10:02:18,"Terima kasih ya Kak udah kasih rating terbaik buat PLN Mobile. Senang bisa bantu Kakak lewat fitur-fitur praktisnya. Semoga makin bermanfaat ke depannya. Saat kamu puas, kami pun lega. Saat kamu senyum, semangat kami menyala. Kemudahan yang dirasakan hari ini adalah hasil dari niat tulus memberi pelayanan. Have a nice day. -SH
",2025-12-08 11:36:28,5.2.75,trimakasih pln mobel
4cda932d-25ea-4728-97af-042688bc3d7b,Bagus Basyori,https://play-lh.googleusercontent.com/a/ACg8ocKwV3xnBudZwawlf5o16rOckocEraB-DYTadNDXdLb7zUONOA=mo,Terbaik,5,0,5.2.75,2025-12-08 09:57:52,"Hai Kak Bagus, terima kasih sudah memberikan rating cantiknya untuk aplikasi PLN Mobile. Cuz rekomendasiin temanmu buat download PLN Mobile, gak nyesel deh. Have a nice day -DL",2025-11-25 05:42:16,5.2.75,terbaik
ccc07c6b-1395-415c-8ca5-844ab5f1f270,Velisita Beo Gae,https://play-lh.googleusercontent.com/a/ACg8ocLfM7RPZ4Um6dLUa6uTpPdFJ07XmiMJ2AIhihqr8SPP-OEQuQ=mo,terimahkasih ukt aplikasinya sdh membantu dlm mengatasi listrik rusak,5,0,5.2.75,2025-12-08 09:56:29,"Makasih ya Kak, dukungan Kk bikin kami makin semangat. Senang tau PLN Mobile bisa bantu urusan listrik Kk dgn mudah. Kami bakal trs upgrade fitur agar makin mantap. Jangan lupa kasih tahu teman juga ya. PLN Mobile, solusi kelistrikan keluarga Indonesia. :) -SH
",2025-12-08 11:36:19,5.2.75,terimahkasih ukt aplikasinya sdh membantu dlm mengatasi listrik rusak
2e582c53-5b28-46c7-ba8d-0d6f2882712b,YORDI PRAKOSO,https://play-lh.googleusercontent.com/a-/ALV-UjVkzyXnouWFsp72vDOqedac6ij2Tr-XIx2KxTjh-tyxweCYPWIX,laporan keluhan cepat ditangani.,5,0,5.2.75,2025-12-08 09:55:20,"Halo Kak Yordi, makasih ya ats reviewnya. PLN Mobile hadir utk ringankan urusan pelanggan. Dr beli token, ubah daya, smpai buat pengaduan, semua bisa sat set. Support Kk bikin kami makin semangat berinovasi. Yuk ajak orang terdekat pakai jg biar makin nyaman. :) -SH
",2025-12-08 11:36:07,5.2.75,laporan keluhan cepat ditangani
42fdf391-7d12-41a0-8734-69010b877e29,Dodi Dodoy,https://play-lh.googleusercontent.com/a-/ALV-UjU57pg-Cff0NGFNMDHgqBn0dBqXBxZnoZmHA4YdRLDO091AE0Iy,terimakasih pln atas pelayanan cepat tanggap & aplikasi yg beri kemudahan utk pelanggan,5,0,5.2.75,2025-12-08 09:54:55,"Tks ya Kak Dodi ats ulasan positifnya. Kami seneng bgt tahu PLN Mobile bisa bantu keseharian Kk. Semua fitur kami hadirkan utk mudahkan urusan listrik. Mhn dukungan & saran Kk utk kami terus berkembang. Yuk share pengalaman ini ke bestie. PLN Mobile makin sat set. Tks. -SH
",2025-12-08 11:35:59,5.2.75,terimakasih pln atas pelayanan cepat tanggap aplikasi yg beri kemudahan utk pelanggan
ca353a61-7d7e-4250-b756-6a83b1d9961e,Siti Aisyah,https://play-lh.googleusercontent.com/a/ACg8ocJ5HtGOoEYFbSomsmimzcVENQCZkWz8oJ9Or2aWoNj7FVdlyA=mo,aplikasi ini sangat membantu,5,0,5.2.75,2025-12-08 09:54:16,"Makasih ya Kak Siti, reviewnya keren bgt. Kami seneng bisa bantu kebutuhan listrik Kk. PLN Mobile dibuat agar semua urusan listrik bisa selesai di genggaman. Dukungan Kk penting bgt buat kami utk trs berkembang. Share ya ke org terdekat biar sama-sama nikmati kemudahan. Thanks. -SH
",2025-12-08 11:35:15,5.2.75,aplikasi ini sangat membantu
c839fbf7-e6da-4b66-83d2-48b7a85d868c,Tristiar Tris,https://play-lh.googleusercontent.com/a/ACg8ocI6YmxSNiD4XJWAyeV0MopurPrZC0qG69UzpTvtL-5oIPWjaw=mo,petugas baik dan sangat ramah,5,0,5.2.75,2025-12-08 09:53:14,"Hai Kak Tristiar, makasih bgt udh berbagi pengalaman. Seneng rasanya tau PLN Mobile bantu Kk dlm hal listrik. Dari bayar tagihan, cek info, smpai aduan, semua sat set. Kami siap terus kembangin fitur supaya lbh mantap. Yuk bantu viralkan biar makin bnyk yg terbantu. Sehat & bahagia slalu. :) -SH
",2025-12-08 11:35:08,5.2.75,petugas baik dan sangat ramah
0c29ffd0-f461-4b6b-8f1c-a004578699f2,Loni Tatilu,https://play-lh.googleusercontent.com/a/ACg8ocJumLCAmSl8gzurVne11cF4obcQp9AU6MEdjzUNZslt-ldD4A=mo,sangat membantu,5,0,,2025-12-08 09:53:09,"Thanks Kak Loni atas review manisnya. Kami bangga PLN Mobile bisa kasih manfaat real buat Kk. Semua fitur disusun supaya praktis & ramah pengguna. Kami siap dengerin masukan lainnya juga ya. Yuk bareng teman, nikmati pengalaman mudah lewat PLN Mobile. Sukses & sehat slalu ya Kak. :) -SH
",2025-12-08 11:35:01,,sangat membantu
0bd828af-0ba7-48aa-bd82-12b375d2ae54,TAMBAN SALAI,https://play-lh.googleusercontent.com/a/ACg8ocLJYgNJpU_QB9D2qq3MjIZuxsnAhfeFmW_pK10k2wYqh01GnA=mo,Sangat memudah bertransaksi di PLN mobile,5,0,5.2.75,2025-12-08 09:52:25,"Hai Kakak, thanks atas penilaiannya, semoga semakin setia menggunakan PLN Mobile. Ayo ajak keluarga/teman/kerabat untuk mendownload PLN Mobile dan nikmati kemudahannya. Have a great day -VG
",2025-08-07 08:36:38,5.2.75,sangat memudah bertransaksi di pln mobile
e63e2a69-1be0-459a-b727-caafb2d3ef4e,Feri whayudi Feri,https://play-lh.googleusercontent.com/a/ACg8ocKal8thtdakVf8QBtgtP6kDYPoKUUEA1nXzXZByuJs8QCj54Q=mo,sangat bagus sekali 🙏👍,5,0,5.2.75,2025-12-08 09:52:23,"Makasih banyak atas apresiasinya, Kak Feri whayudi. Mimin senang bisa menyapa Kakak lewat ulasan ini. Jangan lupa, bayar listriknya via PLN Mobile aja ya, lebih praktis dan aman pastinya Semoga harinya selalu menyenangkan. :) -AL
",2025-11-24 14:50:05,5.2.75,sangat bagus sekali
abe7406a-cd67-4c02-a313-b021c4cfd9b2,Rahma Sinta,https://play-lh.googleusercontent.com/a-/ALV-UjXsM8gT6DityI5JcrujiQIDpBy7RBrX2y2W4bhSF0tl-qpxkHA,"pln mobile sangat membantu sekali dalam berbagai hal,pembelian token dan membuat laporan pengaduan ..",5,0,5.2.75,2025-12-08 09:52:19,"Hi Kak Rahma, Makasih buat penilaiannya. Semoga PLN Mobile bisa meningkatkan kemudahan dalam melayani pelanggan PLN. FYI nih Kak, di PLN Mobile banyak banget promonya lho, Kakak bisa share ke Temen dan Keluarga ya. Salam PLN Terbaik. -NZ
",2025-03-09 07:54:02,5.2.75,pln mobile sangat membantu sekali dalam berbagai hal pembelian token dan membuat laporan pengaduan
3f1c8476-2d94-442d-92d0-8ac6844ba560,udo risky,https://play-lh.googleusercontent.com/a/ACg8ocKEby7qHhnfhyaaEbDn_wA6W9cEscpJuOTUjqk9FKNZ8r9S=mo,terimah kasih layanan PLN mobile atas infor masih dalam ke listrik kan,5,0,5.2.75,2025-12-08 09:50:58,"Hai Kak Risky, mimin ucapkan terima kasih buat rating terbaiknya. Tentu PLN senantiasa memberikan layanan-layanan yg semakin efektif, solutif & responsif. Yuk, jgn lupa diajak jg kerabat serta keluarganya utk menggunakan PLN Mobile segala kebutuhan listrik rumah. Have a nice day Kak. :) -MF",2025-12-08 11:37:05,5.2.75,terimah kasih layanan pln mobile atas infor masih dalam ke listrik kan
43f4bea0-416a-4c4a-84af-2b337a24e0a4,Miftakhul huda,https://play-lh.googleusercontent.com/a-/ALV-UjWWEJa5_JhQ7xKTuoBL80_T0KhJSZfSGL-2HSXBfNt3SWXjH54AHw,"Aplikasi ini sangat memanjakan pelanggan, dapat diakses 24 jam & pelanggan langsung mendapatkan pelayanan yang akan dipantau langsung pelayanannya oleh PLN.",5,0,5.2.75,2025-12-08 09:50:54,"Hai Kak Miftakhul, makasih ya udah suka & puas menggunakan PLN Mobile. Buruan ajak besti kamu download PLN Mobile ya, lagi banyak promo tambah daya looh. Have a great day -JA",2025-09-12 09:34:34,5.2.75,aplikasi ini sangat memanjakan pelanggan dapat diakses 24 jam pelanggan langsung mendapatkan pelayanan yang akan dipantau langsung pelayanannya oleh pln
682b5fe3-fc44-4f83-a892-a7ce9944cd5e,Vera Rombot,https://play-lh.googleusercontent.com/a-/ALV-UjV5oFBWngYfRCY0wm9cJJBnyl5GyCid3IruzaKAUM6XykVaJ9E,sangat membantu,5,0,,2025-12-08 09:50:08,"Hai Kak Vera. Mimin seneng deh kalo Kakak sdh terbantu sama aplikasi PLN Mobile. Yuk nikmati juga berbagai fitur yg tersedia di layanan digital PLN ini, karena semua semakin mudah dalam satu genggaman aplikasi. Praktis bangetkan. Kuyy, diajak jg kerabatnya buat pakai PLN Mobile. Have a nice day Kak. :) -MF",2025-12-08 11:36:50,,sangat membantu
f1a85c8a-b88f-4796-afeb-87926e54f065,Nur Fajar Hidayat,https://play-lh.googleusercontent.com/a/ACg8ocJzxiG6I16jLJMNVG4aktdOMiY-75LF2r16h8lxm1xV60grUA=mo,pln ok,5,0,5.2.75,2025-12-08 09:45:50,"Halo Kak Nur, makasih yaa Kak buat review & rating bintang 5 nya Mimin senang banget. Cus rekomendasi ke tmn2 kmu juga ya Kak buat gunain PLN Mobile. Have a nice day - JA",2025-09-12 09:32:29,5.2.75,pln ok
7c2d7ef0-7ee8-4426-91b2-2725f400dd2f,Dheny Satria,https://play-lh.googleusercontent.com/a/ACg8ocLwjk7jImWlxAe0p0k6mOJtFXtwK_-42PNCqgYRPx7Y6LcJDA=mo,aplikasi yang sangat membantu,5,0,5.2.26,2025-12-08 09:45:34,"Makasih banyak ya, Kak Dheny Satria. Seneng deh PLN Mobile bisa bantu aktivitas Kakak. Semua layanan penting PLN sekarang ada di genggaman, bisa diakses kapan aja. Praktis, informatif, dan pastinya recommended. Yuk ajakin temen dan kerabat Kk utk install PLN Mobile. :) -AL
",2025-09-26 07:21:54,5.2.26,aplikasi yang sangat membantu
548b594d-e982-4187-a63e-5fc6c091e269,yulinardo hamerry,https://play-lh.googleusercontent.com/a-/ALV-UjW2BzD8LmBZ5KP_v5KD6tJOMUzuPdeAh1CKztE-tyzQOZXkUjk,pembayaran tagihan listrik dan pembelian token jadi lebih mudah,5,0,5.2.75,2025-12-08 09:45:28,"
Halo Kak Yulinardo. Waah makasih ya buat feedback dan bintang 5 nya. Ayo ajak keluarga/teman/kerabat untuk mendownload PLN Mobile dan nikmati kemudahannya. Have a nice day. -AZ
",2025-09-06 16:01:44,5.2.75,pembayaran tagihan listrik dan pembelian token jadi lebih mudah
aa7187b3-cce0-4801-93ba-ffd0f8ea9c74,Dani Lah,https://play-lh.googleusercontent.com/a-/ALV-UjVbuuKqPz4ZgHXrWFcd8hdtxHG5d8KhvTjG-BAi7qjvw7fu4EiwYQ,mantap,5,0,,2025-12-08 09:44:41,"Halo, tentu PLN Mobile admin hadirkan demi menjawab harapan & memenuhi kebutuhan listrik Plgn. Hal ini diharapkan supaya Plgn & khususnya Kk jg memiliki kanal yg lbh cepat dlm berinteraksi dgn PLN dimanapun, serta makin mudah hanya dlm 1 genggaman. Kuy, ajak bestinya jg buat menggunakan layanan digital PLN. Thx, sukses selalu Kak Dani. :) -MF",2025-12-08 11:35:56,,mantap
489e4208-0a74-4448-8161-988f38b21dbf,eko purnomo,https://play-lh.googleusercontent.com/a-/ALV-UjWbbKs_718aH0n3gqiK6N6mA1rTYhQ0exH-96GzptBVjM7zJDW7,pelayanan sangat cepat banyak promonya,5,0,5.2.75,2025-12-08 09:43:27,"Yuhu Kak Eko, wah makasih ya buat feedback & bintang 5 nya. Pastinya PLN senantiasa memberikan layanan-layanan yg semakin inovatif, efektif serta solutif. Kalau perlu diajak jg kerabat serta keluarganya yuk, utk menggunakan PLN Mobile dlm mengurus segala kebutuhan listrik rumah. Sukses selalu Kak. :) -MF",2025-12-08 11:35:29,5.2.75,pelayanan sangat cepat banyak promonya
3457d69b-1e36-4bea-8ae6-ce51b5757156,Smaut Gilbarta,https://play-lh.googleusercontent.com/a/ACg8ocLvx4PbaM4YIsjSnSRtC7zu8ilkN8wWfJGevqaoYXTD3dgyAA=mo,Dengan adanya aplikasi pln mobile semua makin mudah dalam pelayanan listrik pln mobile terbaik,5,0,5.2.75,2025-12-08 09:43:04,"Halo Kak Gilbarta, mimin ucapkan terima kasih atas ulasan yg diberikan. Pastinya PLN berkomitmen serta konsisten utk selalu menghadirkan platform yg solutif dlm menjawab harapan2 pelanggan setia PLN Mobile. Yuk, ajak juga keluarga Kk buat pakai PLN Mobile dlm mengurus kebutuhan listrik rumahnya. Salam PLN Terbaik. :) -MF",2025-12-08 11:35:23,5.2.75,dengan adanya aplikasi pln mobile semua makin mudah dalam pelayanan listrik pln mobile terbaik
28547d3f-193f-4392-88e5-a47bbd26c712,wiyanti,https://play-lh.googleusercontent.com/a/ACg8ocIpMru-bykbmRzKislDR5Ma1C9BdLuySnwR1cXgnbDH2Eseqg=mo,aplikasi nya sangat memudahkan saya daftar tambah daya,5,0,,2025-12-08 09:41:34,"Hai Kak Wiyanti. Thanks yah buat bintang cantik & juga apresiasinya, semoga Kk selalu nyaman serta makin setia dalam menggunakan PLN Mobile. PLN Mobile anti ribet, yok diajak teman serta kerabatnya untuk download layanan digital PLN ini sekarang juga. Mimin tunggu ya Kak, sehat selalu. :) -MF",2025-12-08 11:35:08,,aplikasi nya sangat memudahkan saya daftar tambah daya
6156a9ee-ec9b-4da8-9245-a3fcfd3d8790,Alvin Novian,https://play-lh.googleusercontent.com/a-/ALV-UjV7gWYXa3Dvz0AHle8qs-JGKa5Fie1errgZwHVtTMm1tb3a2nb-,aplikasi membantu👍,5,0,5.2.75,2025-12-08 09:41:27,"Yuhu, Mimin seneng deh kalo Kak Alvin suka sama aplikasi PLN Mobile. Gak perlu repot jauh-jauh utk beli token doang, bisa melalui aplikasi PLN Mobile loh. Trims ya Kak! -DL",2025-11-25 05:39:09,5.2.75,aplikasi membantu
773aecd5-3d6b-46fb-9e75-85e00cf16baa,Widodo Widodo,https://play-lh.googleusercontent.com/a/ACg8ocLNeaudlVRts1mgCZJSUDYf3UPJ1b5GV44PD3AvRAE8h4JulQ=mo,terimakasih tim yantek atas pelayanan yang sangat baik dan cepat,5,0,5.2.75,2025-12-08 09:41:09,"Senangnya kalo PLN Mobile udah bantu aktivitas Kak Widodo, terima kasih ya Kak. PLN Mobile akan terus kasih kemudahan buat pelanggan dalam hal kelistrikan. Recommended banget nih buat teman dan sahabat Kk kalo butuh yg cepat dan praktis. :) -FE",2025-12-03 02:55:39,5.2.75,terimakasih tim yantek atas pelayanan yang sangat baik dan cepat
74068be4-6c57-48f8-b802-bad6a03cd70c,Krisma Hendra Adi Nugroho,https://play-lh.googleusercontent.com/a/ACg8ocLf0hkHLbl67J_LG9iy-2NiOPk2dQCyFoNvas6txECEExf_TA=mo,the best,5,0,5.2.75,2025-12-08 09:40:28,"Hai Kak Krisma, thanks buat rating cantik & ulasan terbaiknya. Tau ga sih, PLN Mobile skrg udh bs beli kebutuhan sehari-hari lho. Salah satunya, Kk bs beli token mulai dr 5.000 Rupiah saja. Yuk, diajak kerabatnya utk pakai PLN Mobile jg. Have a nice day Kak. :) -MF",2025-12-08 11:35:00,5.2.75,the best
dafa9046-81b9-4e0b-a6f4-ed31c9f78ccf,Indah cahtunnisa,https://play-lh.googleusercontent.com/a/ACg8ocICJk8NFCSoZ4ey0viZm3fUrvecceqkZOuvwFZkmf1_p4Gu1g=mo,aplikasinya sangat membantu sekali,5,0,,2025-12-08 09:40:14,"Yuhu Kak Indah, mimin seneng deh kalo Kk sdh terbantu dgn adanya PLN Mobile. Nikmati jg berbagai fitur yg ada, pastinya semua makin praktis dalam satu genggaman aplikasi. Yuk, diajak juga ya temen & keluarga Kk buat menggunakan layanan digital PLN ini. Have a nice day. :) -MF",2025-12-08 11:34:53,,aplikasinya sangat membantu sekali
f08d375f-10df-42b4-83e6-495a05c5f7fd,Nailah Ilah,https://play-lh.googleusercontent.com/a/ACg8ocLRIOHLsjJh7YIpuakxoy0YXp0WQU3Sembsz_rsulEXSBeW3g=mo,PLN mobile membantu pendaftaran pemasangan listrik baru,4,0,5.2.75,2025-12-08 09:38:15,"Kk Nailah, tks buat ulasan terbaiknya. Tentu PLN selalu hadirkan platform terbaik dgn menciptakan produk layanan yg handal, solutif & makin efisien serta trs melangkah maju dlm memberikan manfaat terutama di era digitalisasi. Jk ada yg perlu mimin tindak lanjuti, Kk tinggal manfaatkan selalu fitur Pengaduan apk. Ditunggu bintang 5 nya jg ya. :) -MF",2025-12-08 09:54:37,5.2.75,pln mobile membantu pendaftaran pemasangan listrik baru
3f7c9244-b66c-4b29-baa1-62c3b649b075,Joni Wowor,https://play-lh.googleusercontent.com/a/ACg8ocJAwukoXaimYk0xwIJRjqLGoiHLlBX9IoBL0IBsrcYZ7NzBMA=mo,"Dengan pln mobile sangat memudahkan untuk mengadu gangguan, Perubahan daya mks",5,0,5.2.75,2025-12-08 09:36:24,"Halo, PLN Mobile pastinya admin hadirkan demi menjawab harapan & memenuhi kebutuhan listrik Plgn. Hal ini diharapkan supaya Plgn & khususnya Kk jg memiliki kanal yg lbh cepat dlm berinteraksi dgn PLN dimanapun, serta makin mudah hanya dlm 1 genggaman. Kuy, ajak bestinya jg buat menggunakan layanan digital PLN. Thanks, sukses selalu Kak Joni. :) -MF",2025-12-08 11:34:33,5.2.75,dengan pln mobile sangat memudahkan untuk mengadu gangguan perubahan daya mks
a1843933-175c-400f-830d-12ec466b935e,Adhye Chicozz,https://play-lh.googleusercontent.com/a-/ALV-UjXIUMzwXCuomMuYIQPq3gr9Ub8hKLJuz7i2eSPlvsi4ylSQkqw,"respon baik dari pihak PLN, yang langsung turun kelapangan..",5,0,,2025-12-08 09:34:54,"Kak Adhye, thx ya buat bintang cantik & apresiasi yg diberikan terhadap layanan digital PLN. Di era perkembangan digital, pastinya PLN Mobile mimin hadirkan sbg platform dlm memenuhi semua keperluan listrik rumah agar makin mudah hanya dlm 1 genggaman apk. Fyi nih, di PLN Mobile selalu ada Event & Promo yg menarik. Jgn sampai kelewatan yah. :) -MF",2025-12-08 11:34:21,,respon baik dari pihak pln yang langsung turun kelapangan
d10bade1-91bf-424c-a870-b3b44f27381e,Villi Soriton,https://play-lh.googleusercontent.com/a/ACg8ocIKsP0MJ9mo5OmxRuuQcgwC4HoAwe-zCpe8xdboRH9z07D_sg=mo,pelayanan terbaik,5,0,,2025-12-08 09:34:00,"Hai Kak Villi, thanks rating 5 nya buat layanan digital PLN ini ya. Di era perkembangan digital, pastinya PLN Mobile mimin hadirkan utk trs menjadi platform yg unggul dlm memenuhi, serta melayani keperluan listrik pelanggan. Jgn lupa ya Kak, diajak juga kerabat serta keluaganya utk menggunakan PLN Mobile. Have a nice day Kak. :) -MF",2025-12-08 11:33:59,,pelayanan terbaik
3b935c4e-bb46-4aef-8a28-bef98ed081e7,henry ardi,https://play-lh.googleusercontent.com/a/ACg8ocICyuonu7OZXFdCL0hLk3PvGHqT8WvRHeDAlwDNLWb1q5G-0w=mo,aplikasi joss. sangat membantu,5,0,5.2.75,2025-12-08 09:32:35,"Hai Kak Henry. Mimin seneng deh kalo Kakak suka sama aplikasi PLN Mobile. Yuk nikmati juga berbagai fitur yg tersedia di layanan digital PLN ini, karena semua semakin mudah dalam satu genggaman aplikasi. Praktis bangetkan. Jgn lupa diajak jg kerabatnya buat pakai PLN Mobile yah. Have a nice day Kak. :) -MF",2025-12-08 11:33:50,5.2.75,aplikasi joss sangat membantu
004b1c3c-5c80-4b23-b067-e204bf07a6a6,Mas Fadli,https://play-lh.googleusercontent.com/a-/ALV-UjUfZ9DcQFXoQCGVvrGIaVwTJ3XT1-XrnWXH9Tv7OXMALp8cmNoe,PLN mobile joss,5,0,,2025-12-08 09:27:39,"Halo Kak Fadli, mimin ucapkan terima kasih jg ya buat rating cantiknya. Pastinya PLN berkomitmen serta konsisten utk selalu menghadirkan platform yg solutif dlm menjawab harapan2 pelanggan setia PLN Mobile. Yuk, segera rekomendasikan ke kerabat Kk buat pakai PLN Mobile utk mengurus keperluan listrik rumah. Salam PLN Terbaik. :) -MF",2025-12-08 11:32:47,,pln mobile joss
98968829-1646-4a9c-b00d-990bc8077e64,Mr nggaa,https://play-lh.googleusercontent.com/a-/ALV-UjVuggU8Yy2T68M8cLkiH4T9XVQhzNwYBeQa0rPru-YNVezwsJem,"bagus sekali pelayanannya ramah, cepat respon dan informasi lengkap.. pengaduan gangguan ditanggapi dengan cepat garcep",5,0,5.2.75,2025-12-08 09:26:01,"Hi Kakak. Tks ya Kak atas feedback dan supportnya. Kami akan terus berusaha memberikan yg terbaik. Ayoo beli token melalui PLN Mobile, kini makin mudah dan terjangkau. Kakak bisa beli token mulai dari 5.000 Rupiah saja. Stay safe ya -VC
",2025-11-26 05:06:12,5.2.75,bagus sekali pelayanannya ramah cepat respon dan informasi lengkap pengaduan gangguan ditanggapi dengan cepat garcep
60b6dceb-d049-41b1-9c49-955a99e1714e,Sumar Adi,https://play-lh.googleusercontent.com/a/ACg8ocKhHME3mZ7fjw1fEMhSz5srqQnWZ6IiggqSksVW_N_rMK3qpg=mo,sangat membantu,5,0,5.2.75,2025-12-08 09:23:59,"Yuhu Kak Sumar, makasih buat ulasannya ya, wah semoga pengalaman menggunakan PLN Mobile selalu menyenangkan ya Kak. Kuyy, simak trs update info serta promo yg sdg berlangsung saat ini. Bila perlu diajak jg keluarga/teman/kerabat untuk mendownload PLN Mobile & nikmati kemudahannya. Salam sehat selalu. :) -MF",2025-12-08 11:31:52,5.2.75,sangat membantu
38947a74-bbb9-46dd-beee-b8ec4741e848,Maryam Ningsi Lestari,https://play-lh.googleusercontent.com/a/ACg8ocIw8OXMr9OlbdTf0TvNA7A2KhvsUlX7se-KXSi_Fz5BsVawhw=mo,Fitur pada aplikasinya sngt membantu untuk pembayaran listrik,5,0,5.2.75,2025-12-08 09:23:55,"Halo Kak Maryam. Thanks yah buat bintang & juga apresiasinya, semoga Kk selalu nyaman serta makin setia dalam menggunakan layanan digital PLN. PLN Mobile anti ribet, yok diajak teman serta kerabatnya untuk download layanan digital PLN ini sekarang juga. Mimin tunggu ya Kak, sehat selalu. :) -MF",2025-12-08 11:31:42,5.2.75,fitur pada aplikasinya sngt membantu untuk pembayaran listrik
beafc20e-4923-4a00-bcb2-054195ae4ae1,Kristian Misa,https://play-lh.googleusercontent.com/a/ACg8ocKBXunQh9qq0wyhg1WfDgyr2698oX3tLeoicMaE1QIS9N4YqA=mo,"Beli token biaya admin murah, transaksi cepat aplikasi kekinian.",5,0,5.2.75,2025-12-08 09:23:34,"Hai Kak Kristian, thanks buat rating terbaiknya. Tentu PLN senantiasa memberikan layanan-layanan yg semakin inovatif, efektif serta solutif. Yuk, diajak jg kerabat serta keluarganya utk menggunakan PLN Mobile dlm mengurus segala kebutuhan listrik rumah. Yuk, ajak kerabat Kk buat pakai PLN Mobile jg. Sukses selalu yah. :) -MF",2025-12-08 11:31:33,5.2.75,beli token biaya admin murah transaksi cepat aplikasi kekinian
8ec1e282-fd10-42d9-b2aa-f7a76ef58243,Rahmat Nirwansyah Rahmat,https://play-lh.googleusercontent.com/a/ACg8ocJJzK7ILHDx4GC79884N9fidCDj6Zr_tzF9opmivLvynr9TTQ=mo,PLN selalu membahagiakan pelanggannya seluruh Indonesia,5,0,,2025-12-08 09:21:18,"Hai Kak Rahmat, thanks ya buat penilaiannya, cus rekomendasi ke tmn2 kmu juga ya Kak buat gunain PLN Mobile. Stay safe - JA",2025-08-27 17:10:21,,pln selalu membahagiakan pelanggannya seluruh indonesia
be8fb724-7d64-4c91-9138-bc7bb22fbb98,Ahmad Ahmad Ahmad,https://play-lh.googleusercontent.com/a/ACg8ocLqZC6MD1Jqxua2UebwbczzRoLDpyKLC2VrqmWSUe_YNDrYVg=mo,jos👍🏽,5,0,5.2.75,2025-12-08 09:19:14,"Halo Kak Ahmad. Mimin seneng deh kalo Kakak suka sama aplikasi PLN Mobile. Yuk nikmati juga berbagai fitur yg tersedia di layanan digital PLN ini, karena semua semakin mudah dalam satu genggaman aplikasi. Praktis bangetkan. Sekalian ajak jg kerabatnya buat pakai PLN Mobile yah. Have a nice day Kak. :) -MF",2025-12-08 11:30:52,5.2.75,jos
06cc5f9f-78c4-4c43-9d31-4ec773617f0e,Nazwa Inayah,https://play-lh.googleusercontent.com/a-/ALV-UjUY9QPc75MqfYlqycCzn5r04axVIu29CDA9mUSlleumbFXqVEe_,adanya pelayanan aplikasi mobile PLN menjadi lebih mudah,5,0,,2025-12-08 09:19:01,"Hai Kak Nazwa, thanks ya buat bintang cantik & apresiasi yg diberikan terhadap layanan digital PLN. Di era perkembangan digital, pastinya PLN Mobile mimin hadirkan sbg platform dlm memenuhi semua keperluan listrik rumah agar makin mudah hanya dlm 1 genggaman apk. Yuk, diajak jg kerabatnya buat pakai PLN Mobile. Sukses selalu Kak. :) -MF",2025-12-08 11:30:33,,adanya pelayanan aplikasi mobile pln menjadi lebih mudah
391d4eaf-2705-4fb4-a5f4-b9ea07e9c41b,jerry satria,https://play-lh.googleusercontent.com/a-/ALV-UjWzQfIxEusK041SOHArPo0O8Y5r1-89xbn3wtHwV-Ew6XHRSNY,Mantap sekali. Sangat membantu Aplikasinya sehingga kita tidak perlu datang lagi ke kantor PLN terdekat,5,0,5.2.75,2025-12-08 09:18:52,"Thanks Kak Jerry buat review dan bintangnya, semoga Kakak selalu suka menggunakan PLN Mobile. Ayo ajak keluarga/teman/kerabat untuk mendownload PLN Mobile dan nikmati kemudahannya. Salam PLN Terbaik. -DV",2024-09-18 04:05:17,5.2.75,mantap sekali sangat membantu aplikasinya sehingga kita tidak perlu datang lagi ke kantor pln terdekat
ff2c586d-ef7c-4071-9040-d3239b6128bb,Eloua Laagus,https://play-lh.googleusercontent.com/a/ACg8ocKidMnKcbwuv5bd9Bb64YSoBFdI_24kOOYOFWFN0bZ8zRt0Qg=mo,"Petugasnya PLN cepat, tanggap dan ramah. sangat safety dan membantu penanganan laporan dengan cepat",5,0,5.2.75,2025-12-08 09:16:53,"Hai Kak Eloua, mimin ucapkan terima kasih jg atas apresiasi yg diberikan. Pastinya mimin berkomitmen serta konsisten utk selalu menghadirkan platform yg solutif dlm menjawab harapan2 pelanggan setia PLN Mobile. Yuk, langsung diajak kerabatnya buat pakai PLN Mobile dlm mengurus kebutuhan listrik rumah. Salam PLN Terbaik. :) -MF",2025-12-08 11:30:25,5.2.75,petugasnya pln cepat tanggap dan ramah sangat safety dan membantu penanganan laporan dengan cepat
021e4bae-9c7d-4408-9a59-0bb2b15f32f8,Rudi Saprudin,https://play-lh.googleusercontent.com/a/ACg8ocKlWW86Yl-bazVOBaVfd1NENR5DB8ej1-Jya2F_r7AYYzjlfw=mo,aplikasi ini membantu saya proses bayar rekening,5,0,5.2.75,2025-12-08 09:15:12,"Hai Kak Rudi, terima kasih jg buat bintang cantiknya & mimin seneng deh kalo Kk sdh terbantu dgn adanya PLN Mobile. Nikmati jg berbagai fitur yg ada, pastinya semua makin praktis dalam satu genggaman aplikasi. Diajak jg ya temen & keluarga Kk buat menggunakan layanan digital PLN ini. Have a nice day. :) -MF",2025-12-08 10:03:26,5.2.75,aplikasi ini membantu saya proses bayar rekening
772144c2-cde6-458e-829f-942bdc52c895,Syahbudin 98,https://play-lh.googleusercontent.com/a/ACg8ocIZwcmdYTtjGkyiIfTIKyidh4w3Uv-nveIlfIXrcknLD2SHyw=mo,Aplikasi sangat membantu dan pelayanan sangat bagus. Terimakasih,5,0,5.2.75,2025-12-08 09:14:52,"Hi Kak Syahbudin , Makasih yah buat bintangnya, semoga kamu selalu nyaman menggunakan PLN Mobile. Stay safe ya. -MH",2023-08-03 00:41:40,5.2.75,aplikasi sangat membantu dan pelayanan sangat bagus terimakasih
80c5f812-d229-44d6-9123-a3bc0ff12677,Dabi Dede,https://play-lh.googleusercontent.com/a/ACg8ocL1ObcyrxkH7ZYL53ESZRFExXmgh8bZn5zEQuLiWHEkIrrGYw=mo,aplikasi PLN mobile sangat mempermudah kita dalam membuat laporan gangguan kelistrikan..,5,0,,2025-12-08 09:14:18,"Hai Kak Dabi. Mimin senang sekali dgn apresiasi yg Kk berikan, thanks ya. Mimin tdk akan pernah berhenti utk selalu memberikan yg terbaik buat Kk, terutama dlm melayani kebutuhan listrik seluruh pelanggan. Kuyy, ajak jg keluarganya utk pakai PLN Mobile Kak. Semoga pengalaman bersama layanan digital PLN ini semakin menyenangkan. :) -MF",2025-12-08 10:03:14,,aplikasi pln mobile sangat mempermudah kita dalam membuat laporan gangguan kelistrikan
b35d473c-a73e-443a-9039-03c604d8b246,Grecialine Arellabiaf,https://play-lh.googleusercontent.com/a/ACg8ocI0HoWalDDRGAWYQ0XVUbbtyNY32M225EQvBhVx4-mgZUS-GA=mo,dgn pLn mobile semua laporan semakin mudah dan cepat,5,0,5.2.75,2025-12-08 09:14:15,"Halo Kak Grecialine, mimin ucapkan terima kasih atas ulasan yg diberikan. Pastinya PLN berkomitmen serta konsisten utk selalu menghadirkan platform yg solutif dlm menjawab harapan2 pelanggan setia PLN Mobile. Yuk, langsung ajak keluarganya untuk pakai PLN Mobile buat mengurus keperluan listrik rumah. Salam PLN Terbaik. :) -MF",2025-12-08 10:03:08,5.2.75,dgn pln mobile semua laporan semakin mudah dan cepat
537cab68-26d9-40b0-879c-70a277a14aa9,Dahlan Abi,https://play-lh.googleusercontent.com/a-/ALV-UjWk3SLTJXJjCDf5D870U0b55ZXoqbyhNmUaxkdFnsP606xzwnmz,"Tampilan aplikasinya unik,sangat mudah di pahami dan di gunakan.terima kasih pln mobile",5,0,5.2.75,2025-12-08 09:12:21,"Halo Kak Dahlan, tks buat ulasan terbaiknya. Tentu PLN selalu hadirkan platform terbaik dgn menciptakan produk layanan yg handal, solutif & makin efisien serta trs melangkah maju dlm memberikan manfaat terutama di era digitalisasi. Jgn lupa ya Kak, diajak juga kerabat serta keluaganya utk menggunakan PLN Mobile. Have a nice day. :) -MF",2025-12-08 09:22:23,5.2.75,tampilan aplikasinya unik sangat mudah di pahami dan di gunakan terima kasih pln mobile
f0e77664-a070-4f35-942f-4fb479517387,Engkus Kuswaji,https://play-lh.googleusercontent.com/a/ACg8ocJBsh3BE7-_9P-1XEDKANVwxaS_jp1vLcZuxTVGbZp6UA3-3w=mo,PLN Mobil sangat pembantu pelanggan setia PLN. makasih PLN,5,0,5.2.75,2025-12-08 09:11:32,"Halo Kak Engkus, penilaiannya telah kami terima dan makasih atas dukungannya ya. Pln Mobile anti ribet. yok aja temenmu tuk download sekarang juga. Salam sehat selalu -TR
",2025-08-24 10:18:51,5.2.75,pln mobil sangat pembantu pelanggan setia pln makasih pln
3c70da1d-3228-4b48-84d0-b6497dfd73ff,Margono Indra,https://play-lh.googleusercontent.com/a/ACg8ocIfSGMnzcRfWA5rZQIouB8i_532hBIGwgPWWiJnsx0RnkUphw=mo,makin mudah bertransaksi,5,0,5.2.75,2025-12-08 09:10:50,"Hai Kak Indra. Mimin senang sekali dgn apresiasi yg Kk berikan, thanks ya. Mimin tdk akan pernah berhenti utk selalu memberikan yg terbaik buat Kk, terutama dlm melayani kebutuhan listrik seluruh pelanggan. Jgn lupa ajak kerabat2 Kk jg buat download & pakai PLN Mobile. Semoga pengalaman bersama layanan digital PLN ini semakin menyenangkan. :) -MF",2025-12-08 09:22:06,5.2.75,makin mudah bertransaksi
478dd620-5ef6-42cf-a972-10c251d9e7db,Hera Heriani,https://play-lh.googleusercontent.com/a/ACg8ocIhhUeT1RyMZVSL33SO2BYtXzk1TTi4ag8LbStl_5gOdVdk0g=mo,PLN MOBILE memudahkan semua transaksi. PLN jaya,5,0,5.2.75,2025-12-08 09:10:40,"Hai Kak Hera, terima kasih sudah memberikan rating cantiknya untuk aplikasi PLN Mobile. Ayoo Beli token melalui PLN Mobile, kini makin mudah dan terjangkau. kakak bisa beli token mulai dari 5.000 Rupiah saja. Have a great day. -RZ
",2025-09-02 14:21:17,5.2.75,pln mobile memudahkan semua transaksi pln jaya
60167511-2411-4337-b987-296c4d536e60,aris keren,https://play-lh.googleusercontent.com/a-/ALV-UjV6tyekWI7NvsAYkXysw917Z2UQsi1tsR03VWse5RIwh5N611h7,layanan gercep mantap.. 👍,5,0,5.2.75,2025-12-08 09:09:59,"Halo Kak Aris, terima kasih jg buat bintang 5 nya ya. Tentu PLN selalu hadirkan platform terbaik dgn menciptakan produk layanan yg handal, solutif & makin efisien serta trs melangkah maju dlm memberikan manfaat terutama di era digitalisasi. Semoga pengalaman menggunakan PLN Mobile selalu menyenangkan ya Kak. Sehat selalu. :) -MF",2025-12-08 09:21:45,5.2.75,layanan gercep mantap
355fbcfd-cb45-45a5-b859-5f71547fdcec,soypudin,https://play-lh.googleusercontent.com/a/ACg8ocLKzeah6qQxjLQxqrBoGgEp6aZbhVtvq0olPJAj_NxIyWCStg=mo,"Aplikasinya makin bagus aja, Sekarang kalau mau buat laporan keluhan gampang banget, dan yang pasti lebih simpel dan bisa pantau progressnya. Aplikasinya sudah makin banyak fiturnya. Semoga akan semakin banyak tambahan fitur yang bisa mempermudah pelanggan. Sukses terus untuk PLN mantap untuk Aplikasinya.",5,0,,2025-12-08 09:07:00,"Terima kasih Kak, ulasannya bikin kami senyum. PLN Mobile hadir agar kamu bebas atur listrik dengan nyaman dan aman. Yuk rekomendasikan ke kerabat dan keluarga Kk utk download PLN Mobile. :) -AL
",2025-11-06 11:52:56,,aplikasinya makin bagus aja sekarang kalau mau buat laporan keluhan gampang banget dan yang pasti lebih simpel dan bisa pantau progressnya aplikasinya sudah makin banyak fiturnya semoga akan semakin banyak tambahan fitur yang bisa mempermudah pelanggan sukses terus untuk pln mantap untuk aplikasinya
e57d0fe5-db7d-4410-b654-afaf1f557141,Hadi Hadi00,https://play-lh.googleusercontent.com/a/ACg8ocJ5maLYBHW5HtReo4sVjWcr-veP5YifNVIGFky-WPIIMb7Btg=mo,jossss 👍👍👍👍👍👍,5,0,,2025-12-08 09:06:51,"Wah, ulasannya bikin kami semangat, Kak. PLN Mobile emang hadir buat bantu kamu lebih hemat waktu dan tenaga. Serba fleksibel dan bisa diandalkan. Rekomendasiin ke temen dan kerabat Kk utk install PLN Mobile yuk. :) -IP",2025-12-01 09:53:40,,jossss
6f06ace9-ee47-4bb9-a368-bac7028a41b7,Arsya Alghiffary Nugraha,https://play-lh.googleusercontent.com/a/ACg8ocJ6zsWOq08NDms9I89EA2q2cb3-nEPe7WVv46I8az4f334U=mo,PLN mobil memudahkan pelanggan bayar listrik,5,0,5.2.75,2025-12-08 09:05:01,"Terima kasih banyak atas apresiasinya Kak Arsya. PLN Mobile akan terus berkembang biar makin nyaman digunakan. Semoga kemudahan yang dirasakan juga bisa dirasain orang-orang terdekat Kk. Cus ajak mereka pakai juga, biar hidup makin ringan. -SH
",2025-08-21 08:01:14,5.2.75,pln mobil memudahkan pelanggan bayar listrik
a747e24f-832a-4b45-9065-2dbe9dfc38a7,Yola erawan,https://play-lh.googleusercontent.com/a/ACg8ocJgxb1fAQ4p-6CiYR17ySwnGUIpsyjryPRfqOgMfXWo80CR7g=mo,tks pln mobile sehingga mempermuda dlm mengetahui inpormasi kelistrikan pln mobile terbaik,5,0,5.2.75,2025-12-08 09:04:10,"Hai Kak , Tks yaw udah kasih bintang 5. Ga usah risau, di aplikasi PLN Mobile bayar tagihan kini bisa sambil rebahan. Tks Kk' :) -KP",2025-08-13 01:26:24,5.2.75,tks pln mobile sehingga mempermuda dlm mengetahui inpormasi kelistrikan pln mobile terbaik
f4757675-091c-4ef6-aa0b-f67ad6d0579e,Patah Sayap Rooster,https://play-lh.googleusercontent.com/a/ACg8ocKUxkhdGd0hvhaw2vHKNTNavoPX56VkzIR9WOxvxwvRsLE9Eg=mo,terimakasih pln udah sangat membatu.,5,0,,2025-12-08 09:03:37,"Halo Kaka. Waah makasih ya Kak buat feedback dan bintang 5 nya. Ingin tau biaya Pasang Baru, klik ajah menu simulasi biaya di PLN Mobilemu, semua makin mudah. Stay safe ya -IA
",2025-09-06 09:54:45,,terimakasih pln udah sangat membatu
4a31afae-1669-42b5-8ab1-df1a891ca4b3,Saiful Arif,https://play-lh.googleusercontent.com/a/ACg8ocKDi4fzUJBKdXGszKYAEtu6poJTJ-XII6IY0BuA21Ccx4aRIw=mo,sippp,5,0,,2025-12-08 09:03:07,"Halo Kak Saiful Arif. Tks ya Kak penilaiannya, semoga semakin setia menggunakan PLN Mobile. Kamu bisa urus perihal kelistrikan lewat smartphone-mu, dari mana saja dan kapan saja via aplikasi PLN Mobile. Salam sehat selalu -AL
",2025-12-08 09:21:26,,sippp
2155f2b4-073b-487d-b843-d0d1d16369c1,Abdul Rohman,https://play-lh.googleusercontent.com/a/ACg8ocK6lFvPueVlNjWa7DBpQEQVXIELHGdaOe4MZrtnYC0oDWlQug=mo,Pln mobile sangat membantu & cepat. 👍👍👍,5,0,5.2.75,2025-12-08 09:02:30,"Makasih banyak, Kak Abdul Rohman. Seneng deh PLN Mobile bisa bantu aktivitas Kakak. Semua layanan penting PLN sekarang ada di genggaman, bisa diakses kapan aja. Praktis, informatif, dan pastinya recommended. Yuk ajakin temen dan kerabat Kk utk install PLN Mobile. :) -AL
",2025-12-08 09:21:33,5.2.75,pln mobile sangat membantu cepat
22db9e05-75ea-4480-bae7-39601adc35c3,Ali Zaenal Abidin,https://play-lh.googleusercontent.com/a-/ALV-UjXX1HulPULll3nC3Y1FhCo9iAg1jyJPQ4hupkReVjDrGVNvovPg,"Aplikasi sangat membantu, Dengan PLN Mobile seluruh masalah listrik bisa diatasi, bisa melakukan pembayaran listrik serta melakukan komplen apabila mati lampu dan responnya sangat cepat, yuk segara download pln mobile, nikmati manfaatnya. terus berkembang pln mobile",5,0,5.2.75,2025-12-08 09:01:16,"Siap Kak Ali, thanks ya atas feedback dan supportnya. Kami akan terus berusaha memberikan yang terbaik. Ditunggu update info dan promo lainnya nanti, dapat dilihat di menu Promosi & Informasi. Tks - HW",2025-09-05 18:33:20,5.2.75,aplikasi sangat membantu dengan pln mobile seluruh masalah listrik bisa diatasi bisa melakukan pembayaran listrik serta melakukan komplen apabila mati lampu dan responnya sangat cepat yuk segara download pln mobile nikmati manfaatnya terus berkembang pln mobile
3007b166-7cf7-4320-b08a-c4f6f21d89f3,Alvian Trans,https://play-lh.googleusercontent.com/a/ACg8ocIXeozLQwPrn7o4-IQvyjAsztmqvBUuwOtpbQ1Hw7dN2NDLrw=mo,"Bagus aplikasinya, gak perlu ke kantor lagi untuk lapor pengaduan dan bisa dilihat tindak lanjutnya, bisa untuk ngecas Mobil listrik di SPKLU PLN seluruh indonesia",5,0,5.2.75,2025-12-08 09:00:31,"Makasih ya Kak Alvian udah download dan gunakan layanan yang ada di PLN Mobile. PLN Mobile hadirkan fitur-fitur kekinian yg gampang banget buat diakses. Ga cuma itu, di PLN Mobile juga ada informasi dan promo menarik loh. Kuy ajak bestie kamu untuk download PLN Mobile. Tks. -FE",2025-12-04 02:39:14,5.2.75,bagus aplikasinya gak perlu ke kantor lagi untuk lapor pengaduan dan bisa dilihat tindak lanjutnya bisa untuk ngecas mobil listrik di spklu pln seluruh indonesia
0f507f04-3b86-47d0-ac2b-49ff49554b3c,Ivan Muhammad,https://play-lh.googleusercontent.com/a/ACg8ocKpH72tO_yH9fC2K-zPHs4y0yPVA6asA6lNrNMrPoIqh2ledA=mo,pasang baru tambah daya bisa langsung pakai PLN mobile Terimakasih PLN sudah mempermudah banyak orang 🙏,5,0,5.2.75,2025-12-08 08:59:41,"Hai Kak Ivan, terima kasih Kakak sudah memberikan rating cantiknya untuk aplikasi PLN Mobile. Ayo ajak keluargamu download PLN Mobile. Kamu bisa dapat informasi dan Promo PLN hanya dengan rebahan, loh. Thanks- JA",2025-08-13 12:55:39,5.2.75,pasang baru tambah daya bisa langsung pakai pln mobile terimakasih pln sudah mempermudah banyak orang
5b0f4add-40f7-44df-941d-9f8e28e7a665,yulia gusti,https://play-lh.googleusercontent.com/a/ACg8ocJfhkMfOeWnKWvpgcAhpPY31R4g-h-8idAu68l4eiZ8tzKjCA=mo,pelayanan cepatndan sangat membantu,5,0,5.2.75,2025-12-08 08:58:55,"Halo Kak yulia gusti. Tengku ya Kak penilaiannya buat PLN Mobile. Ditunggu update info dan promo lainnya ya Kak, dapat dilihat di menu Promosi & Informasi. Trims -AL
",2025-12-08 09:21:56,5.2.75,pelayanan cepatndan sangat membantu
e1ef7615-c4f8-43f4-aaf8-1b4f9afde9e3,Tomi Rolando,https://play-lh.googleusercontent.com/a/ACg8ocLvJx7X88ZdD7zByRijvXrug5iK4RaIsI7AiESbPcgU-Cphxg=mo,respon yang baik dan pelayanan yang ramah,5,0,5.2.75,2025-12-08 08:57:51,"Wah, makasih banyak Kak Tomi Rolando. Senang banget bisa bantu dan bikin Kakak puas sama layanan kami. Ditunggu kedatangan atau laporannya lagi kalau ada yang perlu dibantu ya. Happy nice day. :) -AL
",2025-12-08 09:22:04,5.2.75,respon yang baik dan pelayanan yang ramah
2e2d00ad-3d4f-4ef5-85b2-82c5c407d978,Kepala Dusun,https://play-lh.googleusercontent.com/a/ACg8ocLYJdKipi-eJNTBd1lw5nf8y-uPNM5UDNa2rqDJ2r5v7xZ_rg=mo,aplikasi pln bisa lapor gangguan,5,0,,2025-12-08 08:57:47,"Terima kasih atas ulasan positif dan kepercayaan yang telah diberikan ya Kak. Kami berkomitmen untuk terus meningkatkan kualitas pelayanan agar selalu dapat memenuhi kebutuhan masyarakat dengan cepat dan ramah. :) -AL
",2025-12-08 09:22:22,,aplikasi pln bisa lapor gangguan
103653f3-0f07-4cd1-8439-5e11d336f6c2,M.agus Ardani,https://play-lh.googleusercontent.com/a/ACg8ocKL4dc3rPB-rIZlYtoZvhSGgTVCZ0GBIv1_fOwy7uLFmdlEiA=mo,"allo ..gaees ada yg suka curi²hatiku nih.. pln mobile dong.apkny praktis bngt,keren👍 bayar listrik makin mudah deh tinggal rebahan dirumah aja bisa. recomended bngtt!Yuk dowload",5,0,5.2.75,2025-12-08 08:57:34,Hallo Kak Agus. Makasih buat penilaiannya. Semoga PLN Mobile bisa meningkatkan kemudahan dalam melayani pelanggan PLN. Ayo ajak keluarga/teman/kerabat untuk mendownload PLN Mobile dan nikmati kemudahannya. Stay safe ya. -MS,2025-09-07 04:27:00,5.2.75,allo gaees ada yg suka curi hatiku nih pln mobile dong apkny praktis bngt keren bayar listrik makin mudah deh tinggal rebahan dirumah aja bisa recomended bngtt yuk dowload
e9274720-b7d2-4da1-b98a-10165044df68,Tarmizi Tamrin,https://play-lh.googleusercontent.com/a-/ALV-UjWF72Q_GsXuKH04p2nagLrpPotMCmuE_h5QGwcBorFFbMQ4qVNbOA,Pln mobile memudahkan pelanggan,5,0,5.2.75,2025-12-08 08:57:03,"Halo Kak Tarmizi, Waaah banget nih penilaian ama reviewnya. Cuz rekomendasiin teman mu buat download PLN Mobile, kaga nyesel deh. Mimin tunggu ya Kak, stay safe! -KP",2025-08-13 01:26:47,5.2.75,pln mobile memudahkan pelanggan
faaed06d-c319-4df6-aeb7-612d7821d99b,Hanif Azhar,https://play-lh.googleusercontent.com/a/ACg8ocJ2GlQt0ehbOy_jNUUKtNPfCIP7u4yudYHmgT4zna50cMlUrg=mo,makin yahud aja nih apknya,5,0,5.2.75,2025-12-08 08:54:20,"Kami sangat mengapresiasi ulasan positif dan rating sempurna yang diberikan oleh Kakak Hanif. Masukan seperti ini menjadi motivasi tim PLN untuk terus menjaga kualitas layanan dan memberikan yang terbaik. Terima kasih atas kepercayaannya kepada PLN Mobile ya. Yuk pantau terus menu Event, agar tdk ketinggalan berbagai Promo menarik dr PLN. :) -AL
",2025-12-08 09:22:55,5.2.75,makin yahud aja nih apknya
1c5d6305-92c9-4131-ae02-91ed7b00e76b,Heru Putra,https://play-lh.googleusercontent.com/a/ACg8ocLFX5Eis00LkiyZgQLY68msTcHJXTTY64XRIjwi_QNB6cl9Mg=mo,aplikasi ini sangat membantu saya,5,0,,2025-12-08 08:53:35,"Terima kasih banyak atas ulasan bintang 5 nya ya Kak Heru Putra. Mimin sangat menghargai kepercayaan dan dukungannya. Semoga mimin selalu bisa memberikan pelayanan terbaik untuk Kakak dan keluarga di dalam satu genggaman PLN Mobile. Have a good one. :) -AL
",2025-12-08 09:23:06,,aplikasi ini sangat membantu saya
815297fb-6bb9-46ce-96b1-636093865a60,Arief Bramantyo,https://play-lh.googleusercontent.com/a-/ALV-UjWm5Yw76GnzXPKB-Oh7R5Q5s5UwmUTIvtSdv2C9B0eTJKif6xH1,sangat membantu keseharian saya,5,0,5.2.75,2025-12-08 08:53:29,"Wah, makasih banyak ya Kakak Arief Bramantyo. Senang banget nih admin, bisa bantu dan bikin Kakak puas sama layanan PLN. Ayo perbarui aplikasi PLN Mobile untuk memastikan fitur dapat diakses dengan optimal. Jika ada hal lain yg perlu di bantu/ Kk ada saran, segera kunjungi fitur Live Chat ya. Bersama PLN semua makin mudah loh. :) -AL
",2025-12-08 09:23:13,5.2.75,sangat membantu keseharian saya
e2938adb-10bc-44ab-b7c7-5eb2d65f5785,Hidayat Dayat,https://play-lh.googleusercontent.com/a/ACg8ocK7LWnZo8kNExGS4xyIrMS7x0k1ywqENXcBlmGIBa6pAnCWwA=mo,PLN mantap... aplikasi ini sangat membantu saya,5,0,5.2.75,2025-12-08 08:53:18,"Terima kasih banyak atas ulasan positifnya ya Kak. Kami sangat senang membaca review Kk, bahwa pelayanan kami dirasakan keren. Doa dan dukungannya jadi semangat buat tim PLN untuk terus memberikan yang terbaik. Sukses dan sehat selalu untuk Kk juga ya. Jika bth bantuan, ketuk saja fitur Live Chat. Karena semua makin mudah bersama PLN Mobile. :) -AL",2025-12-08 09:23:22,5.2.75,pln mantap aplikasi ini sangat membantu saya
71e9b20e-abd6-4b56-9fac-5ac0cfbedd6a,sugianto nsd,https://play-lh.googleusercontent.com/a-/ALV-UjXTqEvAr9PIBG-hBmfjKfSnQAQ-CO19r8UBoAciDOB8PKTdNDE,PLN semakin baik,5,0,5.2.75,2025-12-08 08:51:52,"Makasih banyak ya Kak sugianto. Senang banget bisa bantu dengan cepat dan bikin Kakak puas melalui aplikasi PLN Mobile ini. Dukungannya bisa bikin kami makin semangat lagi nih Kak. Semoga Kakak selalu sehat dan sukses juga ya. :) -AL
",2025-12-08 09:23:36,5.2.75,pln semakin baik
6b01e63e-5d82-48ac-b731-adddc50df342,anang kris,https://play-lh.googleusercontent.com/a/ACg8ocIBg3vxo5nKXUw7XOcm7vOSY5X0Ai-UUQcFdohXj40qXjL4Pg=mo,baik,5,0,5.2.75,2025-12-08 08:51:37,"Wah, senang deh baca review dari Kk. Kami senang mendapatkan review terbaik bahwa PLN Mobile memberikan kemudahan dan kenyamanan dalam berbagai layanan, mulai dari pembayaran, tambah daya, hingga pengaduan. Semoga fitur dan promo yang tersedia makin bermanfaat ya. Pantau terus menu Event di aplikasi PLN Mobile ya Kak. Salam hangat dari kami. :) -AL",2025-12-08 09:23:44,5.2.75,baik
a1b98a71-ac92-4a04-a2ff-ee4c6804cc79,Yayat Karung,https://play-lh.googleusercontent.com/a/ACg8ocKeD7owAddGirYEkKwH7Fwr0gj16r2jbYOYzwTiuGy4XHCOThg=mo,pln mobile sangat membantu....,5,0,5.2.75,2025-12-08 08:51:17,"Sore Kak Yayat, tks banget ya atas kemantapan Kk untuk download PLN Mobile. Senang bgt bahwa aplikasi kami bisa meninggalkan kesan baik. Dukungannya bikin kami makin semangat untuk terus memberikan layanan terbaik loh Kak. Yuk, perbaharui versi PLN Mobile agar pengalaman menggunakan fitur jd lbh lancar ya Kak. Tetap setia menjadi user kami. :) -AL",2025-12-08 09:24:19,5.2.75,pln mobile sangat membantu
c50e1611-bf66-4a3d-b330-9e76ed84db5a,Adhe Morgana,https://play-lh.googleusercontent.com/a-/ALV-UjV7hZZodNiBg1y8KRtFQV9AE4aVTnF5bfya1iZ75IVFu38E9JG9,PLN mobile selalu bisa diandalkan,5,0,5.2.75,2025-12-08 08:48:55,"Siap Kak Adhe, maaciiw ya udah puas gunakan PLN Mobile. FYI nih kak, di PLN Mobile banyak banget promonya lho, Kakak bisa share ke Temen dan Keluarga ya kak. semoga infonya membantu -KP
",2025-08-13 01:27:42,5.2.75,pln mobile selalu bisa diandalkan
91b00fe4-2f27-4667-95c5-c4c00bf94bb8,Junior Meldy Palangde,https://play-lh.googleusercontent.com/a-/ALV-UjUomxBGv6nFCjnySm2HuBrUzEU3sNJ5B-kETerjZ1pftaI0yts,"Sangat mudah menggunakan aplikasi ini, mantep",5,0,5.2.75,2025-12-08 08:48:24,"Hallo Kak Junior, maaciiw ya udah puas gunakan PLN Mobile. Ingin tau biaya Pasang Baru, klik ajah menu simulasi biaya di PLN Mobilemu, semua makin mudah. Have a nice day. -DA",2024-02-28 08:44:12,5.2.75,sangat mudah menggunakan aplikasi ini mantep
b7211907-c9c1-43e4-8ad0-2cf49c1ec25c,Pakde Gondrong,https://play-lh.googleusercontent.com/a-/ALV-UjW-tPaGoUrcq3FuNd8sCYA-Z6A1jQ_wl6mA0Wng-3fiMstRpsQ6Pg,Aplikasi yang sangat membantu kami. terimakasih aplikasi pln mobile.,5,0,5.2.75,2025-12-08 08:47:52,"Hai Kak, makasih ya buat rating bintang 5 nya. Semoga PLN Mobile terus memberikan kenyamanan dan selalu jadi pilihan utama buat Kk ya. Nikmati juga berbagai fitur yg ada di PLN Mobile dan update aplikasinya ke versi terbaru, biar ga ketinggalan info atau pun event menarik yg ditawarkan. Tks. -FE",2025-12-02 05:28:34,5.2.75,aplikasi yang sangat membantu kami terimakasih aplikasi pln mobile
4ef797bd-6c08-4aea-a604-12263f50afaa,Algifari,https://play-lh.googleusercontent.com/a/ACg8ocL66vKZKa7MYzMg6lHFlSCOTqjVBKhtZbNDIJ_kRtNcgr6brw=mo,"aplikasi nya sangat membantu sekali ,terima kasih pln ،🙏🙏",5,0,5.2.75,2025-12-08 08:47:30,"Admin senang jika PLN Mobile sudah sangat membantu Kk Algifari. Gak hanya melakukan pengaduan gangguan saja loh Kak. PLN Mobile juga bisa penambahan daya, pasang baru dan pembelian token. Yuk cek segera, karena semua jadi makin mudah bersama PLN Mobile. :) -AL
",2025-12-08 09:36:55,5.2.75,aplikasi nya sangat membantu sekali terima kasih pln
71566cab-75fe-4f46-a3bd-d05a9b22314e,Hasanuddin Undhink,https://play-lh.googleusercontent.com/a-/ALV-UjU5-RBqoe4L6vRqIevAi3fnoEMaZQoR_o7ilsx5ispLax_UPqyr,bagus digunakan,5,0,,2025-12-08 08:46:52,"Hi Kak Hasanuddin, makasih yaa buat review & rating bintang 5 nya Mimin senang banget Kak. PLN Mobile anti ribet. Yok ajak temenmu tuk download sekarang juga. Salam bahagia selalu dari PLN untuk Kk ya. :) -AL
",2025-12-08 09:37:02,,bagus digunakan
3ae5c466-e290-4839-958e-fefcb8357fbf,Muhamad Ali,https://play-lh.googleusercontent.com/a/ACg8ocJtotH6qOAb_WJEvYzWIUPyik6lM5sEAPsFMq53nRpfomwVHw=mo,Pln Mobil memudahkan pelanyanan pelqnggan,5,0,5.2.75,2025-12-08 08:46:43,"Yuhu Kak Ali, Makasih yah buat bintangnya, semoga Kakak selalu nyaman menggunakan PLN Mobile. Bayar tagihan listrik melalui aplikasi PLN Mobile saja yuk, ada promo bebas biaya admin dengan VA Mandiri loh. Stay safe - AD
",2025-09-02 13:11:12,5.2.75,pln mobil memudahkan pelanyanan pelqnggan
7e8ae77b-a81d-4e53-8730-3b6dc4bb5e8e,Rudy LMACC,https://play-lh.googleusercontent.com/a-/ALV-UjVJ7dkcOlm0KLqEMDF0sypbWJnEzVPZSEdPbHdy04rQvYre8GJ2,Pelayanan Cepat Tanggap dgn Instrumen lapangan yg cakap. Petugas Solutif dan tdk menerima Tip. Semoga semakin Hebat dan Inovatif dalam meningkatkan pelayanannya kedepan dan Indonesia semakin Bercahaya dgn PLN,5,0,5.2.75,2025-12-08 08:45:18,"Hai Kak, atas penilaian yang bagus untuk PLN Mobile, mimin sangat senang sekali. Kalau Kakak mau tahu biaya Pasang Baru, tinggal klik aja menu Simulasi Biaya di aplikasinya. Mimin jamin, semua makin gampang dan anti ribet deh. Yok, ajak juga temen & keluarga buat download PLN Mobile sekarang. Salam hangat dari PLN untuk Kakak dan keluarga. :) -AL
",2025-12-08 09:37:27,5.2.75,pelayanan cepat tanggap dgn instrumen lapangan yg cakap petugas solutif dan tdk menerima tip semoga semakin hebat dan inovatif dalam meningkatkan pelayanannya kedepan dan indonesia semakin bercahaya dgn pln
1932bec9-5acd-43ab-90ab-ec21415aacc8,Humaeni Ahmad,https://play-lh.googleusercontent.com/a/ACg8ocL_Bk22YOyaXT5dt25MxaN5KYgt27tHPVjvORIKVIL1UNRZxw=mo,pln mobile makin jaya,5,0,5.2.75,2025-12-08 08:44:35,"Wah, makasih Banyak Kakak Humaeni Ahmad. Atas respon manisnya makin semangat deh mimin bacanya. Yuk, isi tokennya langsung via PLN Mobile. Cepat, praktis, dan gak pake ribet. Semoga harimu menyenangkan ya Kak. :) -AL
",2025-12-08 09:37:55,5.2.75,pln mobile makin jaya
0d68518a-7235-4188-b459-9a36cf536add,Rudhy Indomie,https://play-lh.googleusercontent.com/a-/ALV-UjWj3ZNQN6HWJsBaqmQKDs6ONjOwVUuavDIbckuhVT2OgvWLD9Uo,dengan adanya app ini pelanggan sangat terbantu dalam mendapatkan informasi tentang kelistrikan.,5,0,5.2.75,2025-12-08 08:44:16,"Terima kasih atas apresiasinya, Kak Rudhy. Senang banget bisa balas ulasan Kakak dengan sepenuh hati Jangan lupa, beli tokennya sekarang via PLN Mobile ya. Dijamin gampang, cepat, dan aman pastinya. Have a wonderful day. :) -AL
",2025-12-08 09:41:33,5.2.75,dengan adanya app ini pelanggan sangat terbantu dalam mendapatkan informasi tentang kelistrikan
02b0b476-6b44-4c08-a673-93ae9f167b66,Mega,https://play-lh.googleusercontent.com/a/ACg8ocJA6wfpNFgkDNbeH4e0ag834jaxZ_CWen1kHQAOknQRTBmoww=mo,mudah di gunakan,5,0,5.2.75,2025-12-08 08:41:53,"Makasih ya Kak Mega udah kasih feedback positif. PLN Mobile bantu kamu biar urusan listrik makin simpel. Semua ada dalam satu aplikasi. Karena hidup gak harus ribet, apalagi soal listrik. Cus bagiin infonya ke bestie kamu juga ya Kak, biar bareng-bareng makin gampang urus listriknya. Sehat selalu. -SH
",2025-12-08 08:49:51,5.2.75,mudah di gunakan
b17ca902-a78d-4b56-bd24-387c85f0ee70,rifki irwnsyah,https://play-lh.googleusercontent.com/a/ACg8ocK5k2UrfaVDS1Iz-o05Wfw3y9P1GkeyA5qGCVR2Vapds5e9yg=mo,sangat memuaskan semuanya serbah gampang,5,0,5.2.75,2025-12-08 08:40:58,"Makasih banget Kak rifki buat ulasan positifnya. Rasanya lega tau Kk udah ngerasain sendiri mudahnya PLN Mobile. Semua layanan, satu aplikasi. Karena saat semuanya terhubung, hidup pun ikut terasa ringan. Download bareng yuk. Ajak temen, keluarga, atau pasangan kamu nikmatin kemudahan PLN Mobile. Promo banyak, fiturnya lengkap. :) -SH
",2025-12-08 08:49:37,5.2.75,sangat memuaskan semuanya serbah gampang
c4682972-fb02-4fab-b593-03854a9911c5,Sanjaya Nasution,https://play-lh.googleusercontent.com/a-/ALV-UjU0lz4-jkjtmOK53SdU0vLCmD6-UFCh4rD6jRTD6bfNsY0H7XM,Aplikasinya sangat mudah dipahami & memudahkan masyarakat untuk mendapatkan pelayanan PLN dalam satu genggaman 😁,5,0,,2025-12-08 08:40:54,"Hallo Kak Sanjaya, makasih buat ulasannya ya. Wah semoga pengalaman menggunakan PLN Mobile selalu menyenangkan ya Kak. Ditunggu update info dan promo lainnya nanti ya. Tks Kk' :) -HZ",2022-01-29 08:29:21,,aplikasinya sangat mudah dipahami memudahkan masyarakat untuk mendapatkan pelayanan pln dalam satu genggaman
0dafa8ed-9cce-43b1-a08b-9d3a3bdaf718,faiz al gadri,https://play-lh.googleusercontent.com/a-/ALV-UjWB-yM9gk39tX586CoLv_7crHyrfJBQ5QeMmn9eeFagY2L3h40,PLN mobail terbaik,5,0,5.2.75,2025-12-08 08:39:56,"Hai Kak Faiz. Wah seneng deh baca ulasannya, makasih ya kak. Untuk mengetahui no Token, Kaka dapat juga melihat pada menu riwayat pembelian token aplikasi PLN Mobile ya. Stay safe!. -PT",2024-10-20 07:58:19,5.2.75,pln mobail terbaik
b2fbad09-c29e-4efd-a821-0c39738288d2,Arif Musfalah,https://play-lh.googleusercontent.com/a-/ALV-UjVzHWfMbhnmWd23uUPLBALmi_KJHT8KUa30ykLLSx9a2OyahAM,pln lebih baik,5,0,,2025-12-08 08:39:55,"Thanks Kak Arif udh setia sama PLN Mobile. Fitur2 di dalamnya hadir buat satu tujuan, bikin semua serba cepat dan mudah. Kami percaya, kemudahan kecil bisa bawa kebahagiaan besar. Dan Kk udah jdi bagian dari perjalanan itu. Gak seru kalau nikmatin kemudahan sendirian. Ajak yg tersayang cobain PLN Mobile juga ya, lagi ada banyak kejutan seru. -SH
",2025-12-08 08:49:30,,pln lebih baik
8bea2e9d-67fa-4456-af9c-a4f00300e87e,Walde Sina,https://play-lh.googleusercontent.com/a/ACg8ocJjzEjEEWvxWWuZ29gxp-m_G3bLt32jyvTHNVMA33s8xUZrRw=mo,"Mau tambah daya, beli token atau lapor gangguan listrik kita bisa melakukannya melalui PLN Mobile",5,0,,2025-12-08 08:39:53,"Makasih ya Kak Walde udah kasih feedback positif. Seneng rasanya PLN Mobile bisa bantu hidup kamu jadi lebih praktis. Cukup buka aplikasi, semua urusan listrik langsung beres. Yuk, ajak sahabat kamu cobain kemudahan PLN Mobile. Lagi banyak promo menarik loh. Jangan sampai nyesel belakangan. Sehat terus yaa. :) -SH
",2025-12-08 08:49:24,,mau tambah daya beli token atau lapor gangguan listrik kita bisa melakukannya melalui pln mobile
e45c81c6-488c-4a06-ba9b-10bef14b4600,Asno aulind,https://play-lh.googleusercontent.com/a/ACg8ocImARn627KE38UmX-ZM_AeRryDIHU6zCc3XYigjWdKHmX9nNA=mo,sangat membantu pelnggan sekali,5,0,5.2.75,2025-12-08 08:37:59,"Makasih banget ya Kak Asno. Kami seneng PLN Mobile bisa jadi sahabat andalan buat urusan listrik. Semoga makin praktis dan memudahkan terus ya. Jangan lupa share pengalaman ini ke temen atau keluarga, biar mereka juga ikutan. SatSet bareng PLN Mobile. Have a nice day. -SH
",2025-08-09 09:19:34,5.2.75,sangat membantu pelnggan sekali
d99ae974-5bb6-4458-a30a-290847e96f50,ramdan dadan,https://play-lh.googleusercontent.com/a-/ALV-UjWjrixdj-n0yTwU1Dt6n2g_jPLuPDmasNXYbmRDRaAnbb2EhRA2,permohonan tambah daya di aplikasi lebih mudah dan praktis,5,0,5.2.75,2025-12-08 08:37:59,"Makasih banyak ya Kak ramdan atas review nya. PLN Mobile emang jagonya bikin hidup lebih praktis. Mulai dari bayar listrik, beli token, sampai urus pasang baru dan tambah daya, semua bisa dari Hp aja. Yuk ajak orang tersayang download juga. Bareng-bareng nikmatin hidup yang lebih praktis. Thanks. -SH
",2025-12-08 08:48:52,5.2.75,permohonan tambah daya di aplikasi lebih mudah dan praktis
f11764bb-9dbe-4cff-904e-cc5ca28d8a9b,Rudi Hartono,https://play-lh.googleusercontent.com/a/ACg8ocJguV4lcx_NazrJ-W480HIHzaarOlWVfPR5wrehReUHXweQrQ=mo,PLN OKE,5,1,5.2.75,2025-12-08 08:37:50,"Terima kasih Kak Rudi udah jadi bagian dari pengguna keren PLN Mobile. Fitur-fitur praktisnya kami hadirkan biar kamu gak ribet lagi ngurus listrik. Semoga PLN Mobile terus jadi teman setia kamu. jgn nikmatin kemudahan PLN Mobile sendirian dong. Ajak teman-teman kamu juga cobain. Ada promo, ada solusi, semua di satu aplikasi. Stay cool yaa. -SH
",2025-12-08 08:48:45,5.2.75,pln oke
d06f29c1-5dc6-4ed5-88cc-3241028399b3,Wawan Heriyanto,https://play-lh.googleusercontent.com/a/ACg8ocIs22JCB7ufJ586byy62_UqD3YqYF7zv9O8KoqgVEWyiv8EcQ=mo,PLN mobile josss,5,0,5.2.75,2025-12-08 08:37:18,"Terima kasih ya Kak Wawan atas feedback positif dan rating supernya. Senang banget PLN Mobile bisa jadi andalan buat urusan listrik Kakak. Semua bisa dilakukan dengan cepat dan praktis. Yuk terus dukung kami dan ajak juga teman/keluarga pakai PLN Mobile. Sama-sama nikmatin layanan sat set. -SH
",2025-12-08 08:48:40,5.2.75,pln mobile josss
74c6930f-f72d-4d0d-b508-ce3bd154aa2f,Andika Saputra,https://play-lh.googleusercontent.com/a-/ALV-UjUhsiKCM07LPQvgVKnNT1Mr6NMVuB6Ob9iB8gNZdH-tlwXbVfo,merupakan salah satu PLN terbaik di Sulawesi selatan,5,0,5.2.75,2025-12-08 08:36:21,"Makasih Kak Andika udah support PLN Mobile. Ulasannya bikin hati kami hangat. Kami terus semangat kasih layanan terbaik. Yuk sebarkan kemudahan ini ke keluarga & sahabat juga, biar semuanya bisa nikmatin layanan sat set tanpa ribet. Have a wonderful day. -SH
",2025-12-08 08:48:35,5.2.75,merupakan salah satu pln terbaik di sulawesi selatan
8e5b2c47-b8b0-4a18-b291-9313986c4c09,Jupiter Square,https://play-lh.googleusercontent.com/a-/ALV-UjVeNoKJKaQBz0RpkqEhQhVokNTEx1hyit6umRNOKRQShAZZSMUW,pelayanan yang mudah cepat dan tepat PLN mobile terbaik .,5,0,5.2.75,2025-12-08 08:36:07,"Hallo Kak. Makasih buat penilaiannya. Semoga PLN Mobile bisa meningkatkan kemudahan dalam melayani pelanggan PLN. Ayo ajak keluarga/teman/kerabat untuk mendownload PLN Mobile dan nikmati kemudahannya. Stay safe ya. -MS
",2025-08-24 05:37:15,5.2.75,pelayanan yang mudah cepat dan tepat pln mobile terbaik
9449858a-6334-41b4-a0bd-0c9e9c245f22,Muhammad shidiq juwanda,https://play-lh.googleusercontent.com/a/ACg8ocJcnpbjLcQRLIDZ-Fr-F5ujTLL5-iBXuEG9f5MqiRf4TqyL_w=mo,"aplikasi yang baik, dan cepat dalam menindak lanjuti laporan👍",5,0,5.2.75,2025-12-08 08:34:17,"Wah makasih Kak Shidiq, rating dan ulasannya bikin kami tambah semangat nih. Kami senang PLN Mobile bisa bantu urusan listrik jadi makin praktis. Karena hidup udah cukup ribet, urusan listrik jangan ikut ribet dong. Share juga ke sahabat dan keluarga ya. -SH
",2025-12-08 08:48:12,5.2.75,aplikasi yang baik dan cepat dalam menindak lanjuti laporan
50c21ab1-db68-4bf6-a2dc-2f9f06a9ac9b,Deni Lyawati,https://play-lh.googleusercontent.com/a/ACg8ocKYhnjhIgGTRreX6GKLAXIErjW6UgfCpo5WZP-WTlV709DTdQ=mo,"pln mobile sangat berguna bagi masyarakat,pln mobile semakin maju,dan berkelas.",5,0,5.2.75,2025-12-08 08:33:42,"Kak Deni, thanks ya untuk ulasan dan support yang diberikan. Seneng banget rasanya kalo PLN Mobile bisa membantu dan menjadi pilihan buat Kk. Sukses selalu ya Kak. :) -FE",2025-12-04 07:29:14,5.2.75,pln mobile sangat berguna bagi masyarakat pln mobile semakin maju dan berkelas
3b5c0dca-24dc-4b1b-83f8-22151633d924,Agus Salim,https://play-lh.googleusercontent.com/a/ACg8ocJnT3GZgpC_xVoLRNu4_ZOAMd48SNqsWHBCgJhV9eSThW-EEQ=mo,pln mobile sangat membantu sekali.,5,0,5.2.75,2025-12-08 08:33:33,"Hai Kak Agus, terima kasih Kakak sudah memberikan rating cantiknya untuk aplikasi PLN Mobile. Ayo ajak keluargamu download PLN Mobile. Kamu bisa dapat informasi dan Promo PLN hanya dengan rebahan, loh. Thanks- JA",2025-09-12 09:22:11,5.2.75,pln mobile sangat membantu sekali
93235212-b81c-40c9-893e-0b6d43299498,SUMARJAN,https://play-lh.googleusercontent.com/a-/ALV-UjV9ZHSvdZnCvr1BpJnCPDyziJZxR5SGQQDp4pdgJb-PvkYJuV0,"Sangat efektif untuk setiap pelanggan, mempunyai skill dalam penanganan, pekerjaan cepat dan mudah untuk proses pelanggan",5,0,5.2.75,2025-12-08 08:33:02,"Kak, makasih banyak udah kasih rating keren & review yang menyenangkan. Dukungan kayak gini jadi semangat kami untuk terus kasih layanan terbaik lewat PLN Mobile. Biar tambah seru, yuk ajak teman dan keluarga coba juga. Hidup lebih mudah, semua bisa dari genggaman. Sehat selalu ya. -SH
",2025-12-08 08:47:44,5.2.75,sangat efektif untuk setiap pelanggan mempunyai skill dalam penanganan pekerjaan cepat dan mudah untuk proses pelanggan
55a51b86-6718-4571-bab2-10fa0271487e,Seilainjili Mantiri,https://play-lh.googleusercontent.com/a/ACg8ocKUcZkK3S8FZNyYVjhBc4YQZm_Twjm45057cmnrKmM1pFJ93A=mo,Sangat mempermudah dalam melakukan transaksi,5,0,,2025-12-08 08:32:30,"Makasih banyak Kak atas ulasannya yang kece dan rating yang super bagus. PLN Mobile makin semangat bantu semua kebutuhan listrikmu, dari info tagihan sampai pengaduan sat set. Satu bintang bersinar terang, lima bintang jadi semangat juang. Share ke bestie kamu juga dong. Biar sama-sama gampangin hidup. Sehat terus yaa. -SH
",2025-12-08 08:47:40,,sangat mempermudah dalam melakukan transaksi
2d7ebc83-803d-4a26-8d2a-77310948bcbd,Abdul Mukti,https://play-lh.googleusercontent.com/a/ACg8ocK1sTbPQJfUmRU35-RuTQo0I0y2SidzTdx6xy_5f6vdpuRLaQ=mo,sangat mudah digunakan,5,0,5.2.75,2025-12-08 08:32:17,"Makasih banyak ya Kak Abdul, udah kasih ulasan positif buat PLN Mobile. Seneng banget rasanya kamu ngerasa terbantu. Semua makin gampang, tinggal satu sentuhan di genggaman. Karena kadang, hal besar dimulai dari kemudahan kecil yang bikin nyaman. Share ke bestie kamu juga dong. Biar sama-sama gampangin hidup. Sehat terus yaa. -SH
",2025-12-08 08:46:41,5.2.75,sangat mudah digunakan
a34f2c1c-80c8-4a9c-b748-3aa20083fdf4,Ariq Pratama,https://play-lh.googleusercontent.com/a/ACg8ocJSueJejA8knG31lId-ixunRj9hXtAVFFRzJCqNqTGGA4MXLg=mo,mempermudah transaksi PLN dan pengaduan,5,0,5.2.75,2025-12-08 08:31:57,"Makasih banget ya Kak Ariq. Kami seneng PLN Mobile bisa jadi sahabat andalan buat urusan listrik. Semoga makin praktis dan memudahkan terus ya. Jangan lupa share pengalaman ini ke temen atau keluarga, biar mereka juga ikutan. SatSet bareng PLN Mobile. Have a nice day. -SH
",2025-12-08 08:46:34,5.2.75,mempermudah transaksi pln dan pengaduan
ca2e4ae6-1969-4577-88fe-4b00a27ba079,Susanto Susanto,https://play-lh.googleusercontent.com/a/ACg8ocJjb3v8YO0Dgtva0NvDEqJWndZJEZNVkRKIbFYGJaFL8jSxXg=mo,sangat membantu....,5,0,5.2.75,2025-12-08 08:31:18,"Makasih banyak ya Kak Susanto atas review terbaiknya. Senang banget PLN Mobile bisa bantu dan bikin urusan listrik jadi lebih gampang. Aplikasi ini emang user friendly banget, semua menu jelas dan mudah diakses. Kemudahan yang dirasakan hari ini adalah hasil dari niat tulus memberi pelayanan. Have a nice day. -SH
",2025-12-08 08:46:27,5.2.75,sangat membantu
6f0ea341-47c1-4328-9e80-70289dec031e,Timbol Coy,https://play-lh.googleusercontent.com/a-/ALV-UjVdhAO8QGCHrXXI_kRVmnqyQQWg8YDPvcX-mpxaP8o_gAess5sg,aplikasi sangat membantu prihal masalah kelistrikan 👌,5,0,5.2.75,2025-12-08 08:31:04,"Makasih ya Kak udah sempat kasih ulasan. Kami seneng banget dengar pengalaman positif Kakak. PLN Mobile emang hadir buat bikin urusan kelistrikan jadi lebih simpel. Kalau cocok, jangan pelit share ya ke bestie atau keluarga. Biar bareng-bareng hidup makin sat set. Thanks. -SH
",2025-12-08 08:46:13,5.2.75,aplikasi sangat membantu prihal masalah kelistrikan
77eaca4d-dfae-40bc-8e3b-84fc849eed12,Chandra Wirawan,https://play-lh.googleusercontent.com/a-/ALV-UjV17DSDnyaQxlxl8v5cH-t24OIC0IC7rLXO3qndb28JSWSLDjrd,transaksi mudah dan cepat di pln mobile,5,0,5.2.75,2025-12-08 08:31:01,"Hallo Kak Chandra, terima kasih sudah memberikan rating cantiknya untuk aplikasi PLN Mobile. Pln Mobile anti ribet. Yok aja temenmu tuk download sekarang juga. Salam sehat selalu. -NI
",2025-08-12 04:35:17,5.2.75,transaksi mudah dan cepat di pln mobile
7c8eee5e-ef77-4f48-bd8a-a15a61b90f73,Aswar anas,https://play-lh.googleusercontent.com/a/ACg8ocJltkE8iKhXTzVxYWNG2TvbHwlwVEMOT3CskAbBsrnJmSNtiA=mo,PT PLN yaitu salah satu perusahan layanan listrik terbaik yang ada di Makassar Sulawesi selatan,5,0,5.2.75,2025-12-08 08:27:14,"Terima kasih banyak ya Kak Aswar atas ulasan manisnya. Seneng banget dengar PLN Mobile bisa bantu urusan listrik Kakak jadi lebih praktis. Dari bayar tagihan sampai urus gangguan, semua dalam genggaman. Jangan lupa kasih tahu temen atau keluarga juga ya. Semoga hari-harinya makin nyaman. -SH
",2025-12-08 08:45:58,5.2.75,pt pln yaitu salah satu perusahan layanan listrik terbaik yang ada di makassar sulawesi selatan
9bd66a16-e428-455c-8168-bbf165874493,Asyew Maulana,https://play-lh.googleusercontent.com/a-/ALV-UjW7DpUmNP9R_7KF891L27oVRBnWXn-dSzxD_Pp2Jmo88H0xAyEV,"aplikasi ini sangat memudahkan pengguna,dengan fitur yg mudah dipahami memuat banyak menu yang telah di sesuaikan dengan kebutuhan pelanggan, semoga aplikasi ini menjadi pondasi yang kuat dalam pelayanan PLN, semoga bisa membantu lewat menu kekinian di indonesia... maju terus PLN semangat berkontribusi buat kemajuan negeri",5,0,,2025-12-08 08:27:06,"Hai Kak Maulana, makasih buat ulasannya. Wah semoga pengalaman menggunakan PLN Mobile selalu menyenangkan. Ditunggu update info dan promo lainnya nanti, dapat dilihat di menu Promosi & Informasi. Have a nice day -DL
",2025-08-26 06:15:20,,aplikasi ini sangat memudahkan pengguna dengan fitur yg mudah dipahami memuat banyak menu yang telah di sesuaikan dengan kebutuhan pelanggan semoga aplikasi ini menjadi pondasi yang kuat dalam pelayanan pln semoga bisa membantu lewat menu kekinian di indonesia maju terus pln semangat berkontribusi buat kemajuan negeri
386f74e8-5b24-4f52-b35c-7711e910acbd,dela,https://play-lh.googleusercontent.com/a-/ALV-UjV8lRC78xYUgcV4c3tsf43quJCnVrrvdiNiHjToOm8I-7Ftu0Ib,aplikasinya sangat mudah dan membantu sekali untuk membayar tagihan listrik🥰👍🏻,5,0,5.2.75,2025-12-08 08:26:49,"Terima kasih ya Kak udah kasih rating terbaik buat PLN Mobile. Senang bisa bantu Kakak lewat fitur-fitur praktisnya. Semoga makin bermanfaat ke depannya. Saat kamu puas, kami pun lega. Saat kamu senyum, semangat kami menyala. Kemudahan yang dirasakan hari ini adalah hasil dari niat tulus memberi pelayanan. Have a nice day. -SH
",2025-12-08 08:45:52,5.2.75,aplikasinya sangat mudah dan membantu sekali untuk membayar tagihan listrik
61f2967c-949a-4e38-b856-3ea974a3ae4a,gabriel karipuy,https://play-lh.googleusercontent.com/a/ACg8ocJdOjjBJaYd3kF2kxhkMxq-z8vCZyVXKpeCE8enevf-A62lSQ=mo,aplikasi ini sangat membantu,5,0,5.2.75,2025-12-08 08:26:44,"Terima kasih banyak ya Kak atas ulasannya. Kami senang banget PLN Mobile bisa jadi solusi buat pelaporan gangguan listrik. Gampang banget kan, tinggal lapor, petugas langsung tanggap. Pelayanan yang cepat dan tepat adalah cara terbaik menjaga kenyamanan hidup. Share ke bestie kamu juga dong. Biar sama-sama gampangin hidup. :) -SH
",2025-12-08 08:45:09,5.2.75,aplikasi ini sangat membantu
30110666-6263-4364-a1bb-ad1b406cf910,Yawin Bae,https://play-lh.googleusercontent.com/a/ACg8ocJbLgXJC_HRpdDZwqJ1lBaxd0Q4HVzITaua9hBsp-fseP98CQ=mo,sangat membantu dalam hal buat permohonan tambah daya,5,0,5.2.75,2025-12-08 08:26:36,"Makasih ya Kak, dukungan Kk bikin kami makin semangat. Senang tau PLN Mobile bisa bantu urusan listrik Kk dgn mudah. Kami bakal trs upgrade fitur agar makin mantap. Jangan lupa kasih tahu teman juga ya. PLN Mobile, solusi kelistrikan keluarga Indonesia. :) -SH
",2025-12-08 08:45:03,5.2.75,sangat membantu dalam hal buat permohonan tambah daya
ebf2f871-48b7-451d-b1c4-c003061482c4,Muhammad Syarwan Ariwibowo,https://play-lh.googleusercontent.com/a-/ALV-UjU1PFDkIVFU2uz0qgTnxaUjKl2OXdS81X-h6OkhyeddScprMs0W,"Terima kasih PLN Mobile, petugasnya gercep walau di malam hari",5,0,5.2.75,2025-12-08 08:26:36,"Halo Kak Syarwan, makasih ya ats reviewnya. PLN Mobile hadir utk ringankan urusan pelanggan. Dr beli token, ubah daya, smpai buat pengaduan, semua bisa sat set. Support Kk bikin kami makin semangat berinovasi. Yuk ajak orang terdekat pakai jg biar makin nyaman. :) -SH
",2025-12-08 08:44:59,5.2.75,terima kasih pln mobile petugasnya gercep walau di malam hari
694a2b4b-8dc5-4e83-8f12-c2c9e55a9e71,Muhamad Andika Ardianto,https://play-lh.googleusercontent.com/a-/ALV-UjUkQABwJd1z7JwOMa6EyqXE6Q9UAm0brX4EGNPWPv84AsT19qz0,👍🏻👍🏻👍🏻,5,0,5.2.75,2025-12-08 08:25:31,"Terima kasih banyak Kak Andika. Kami senang PLN Mobile bs jadi solusi kelistrikan Kk. Semua fitur kami kembangkan agar nyaman & cepat. Trs gunakan ya, biar makin akrab sm aplikasinya. Jangan lupa ajak teman pakai jg. PLN Mobile, partner setia urusan listrikmu. Sehat selalu. :) -SH
",2025-12-08 08:44:43,5.2.75,
de5d8264-128a-4748-9191-43df789b1561,Indri Yani,https://play-lh.googleusercontent.com/a/ACg8ocKBHsawJCEQXUU9RobfKWCcdnjR-DNZniiqckOu7eqCt49CmQ=mo,"Pln mobile sangat terbaik, sangat cocok untuk pelanggan yang malas ribet keluar rumah karena semua transaksi kelistrikan bisa lewat aplikasi",5,0,,2025-12-08 08:24:48,"Hai Kak Indri, mimin seneng deh kalo Kk sdh terbantu dgn adanya PLN Mobile. Nikmati jg berbagai fitur yg ada ya Kak & pastinya semua makin praktis dalam satu genggaman aplikasi. Yuk, rekomendasikan ke temen & keluarga Kk buat menggunakan layanan digital PLN ini. Terima kasih jg buat bintang cantiknya ya Kak. Have a nice day. :) -MF",2025-10-18 07:56:16,,pln mobile sangat terbaik sangat cocok untuk pelanggan yang malas ribet keluar rumah karena semua transaksi kelistrikan bisa lewat aplikasi
32335dd2-32d1-4447-90e4-83579c439070,Sanca Juibsa,https://play-lh.googleusercontent.com/a/ACg8ocI1azBuqP7OJ9SfJFiSLuuRnXWun6BI5OpJe4DUgGogp8naeQ=mo,PLN mobile memberikan kemudahan bgi kmi untuk transaksi bersama PLN terbaik,5,0,5.2.75,2025-12-08 08:24:34,"Terima kasih atas ulasan positif dan kepercayaan yang telah diberikan ya Kak Sanca Juibsa. Kami berkomitmen untuk terus meningkatkan kualitas pelayanan agar selalu dapat memenuhi kebutuhan masyarakat dengan cepat dan ramah. :) -AL
",2025-11-03 10:32:30,5.2.75,pln mobile memberikan kemudahan bgi kmi untuk transaksi bersama pln terbaik
5c23a260-b7d8-4174-aea9-fc97caca9191,Adul Adul,https://play-lh.googleusercontent.com/a/ACg8ocL1F9gyzncccUduWcc5OCwUvGFlR5FiDYwh1PqZZZKBZkWSWw=mo,PLN mobile yes,5,0,5.2.75,2025-12-08 08:24:07,"Hai Kak Adul, makasih bgt udh berbagi pengalaman. Seneng rasanya tau PLN Mobile bantu Kk dlm hal listrik. Dari bayar tagihan, cek info, smpai aduan, semua sat set. Kami siap terus kembangin fitur supaya lbh mantap. Yuk bantu viralkan biar makin bnyk yg terbantu. Sehat & bahagia slalu. :) -SH
",2025-12-08 08:44:09,5.2.75,pln mobile yes
0a56e52c-8f4a-4bfe-8f2e-cb9659fb16f7,Wahyudin baratum,https://play-lh.googleusercontent.com/a-/ALV-UjVvba6ct1JZyKc0oZ_8aXftiZLKgfVRDjPWIklkgBsThp9oVSqB,Aplikasi nya mudah digunakan untuk akses layanan dari PLN,5,1,5.2.75,2025-12-08 08:23:47,"Hai Kak Wahyudin, maaciiw ya penilaiannya buat PLN Mobile. Ayo ajak keluarga/teman/kerabat untuk mendownload PLN Mobile dan nikmati kemudahannya. Have a nice day. -UA",2024-06-04 04:54:42,5.2.75,aplikasi nya mudah digunakan untuk akses layanan dari pln
8ea0ab86-a802-4d09-8159-110ce061caab,meideline djara raba,https://play-lh.googleusercontent.com/a-/ALV-UjUA8lTF4L_8PahIuzTcl3N13dg9X1j7oJsDjSqYKf7KJK72WHyy,aplikasi ini memudahkan kami dalam melapor gangguan,5,0,5.2.75,2025-12-08 08:23:34,"Yuhu Kak Meideline, Thanks ya Kak penilaiannya, cus rekomendasi ke tmn2 kmu juga ya Kak buat gunain PLN Mobile. Banyak cara untuk membayar tagihan listrikmu melalui aplikasi PLN Mobile, Kamu bisa menggunakan dompet digital atau virtual account sesuai dengan kebutuhanmu tanpa harus keluar rumah. Moga berhasil Kak -KP",2025-08-22 02:09:56,5.2.75,aplikasi ini memudahkan kami dalam melapor gangguan
f9b1c855-b26a-46c8-88bc-6eda6b0ca4c5,Aprimatsel Ully,https://play-lh.googleusercontent.com/a-/ALV-UjXsvE1-ulhAGT7RYjaqxuOlVMX0GMeEcBJ4wwXdRn5fG-ggLo5n,"layanan cepat dan mudah untuk pelaporan dan pembelian token, terimakasii",5,0,5.2.75,2025-12-08 08:23:04,Waaah banget nih penilaian sama reviewnya. Ayo ajak keluarga/teman/kerabat untuk mendownload PLN Mobile dan nikmati kemudahannya. Trims ya Kak Ully -DL,2022-07-10 02:43:35,5.2.75,layanan cepat dan mudah untuk pelaporan dan pembelian token terimakasii
b5957e88-62d4-4ee1-aebe-264f95742bb9,Mutiara Andina,https://play-lh.googleusercontent.com/a/ACg8ocLGUHVSGjKA-HGstu6af-ACWdc83umr5clXGvb1yeJz7QPpwak=mo,"Transformasi layanan PLN yang luar biasa! Aplikasi ini stabil, cepat, dan sangat responsif. Ini menunjukkan komitmen PLN untuk melayani pelanggan dengan lebih baik. Sangat layak mendapat bintang 5. Bravo PLN!",5,0,5.2.75,2025-12-08 08:22:45,"Makasih banyak ya Kak Mutiara, ulasannya bikin tim makin semangat. Kami senang dengar PLN Mobile bisa bantu Kk dlm aktivitas kelistrikan. Dari bayar listrik sampai urus perubahan daya, semua lbh simpel. Trus pantau ya fitur-fitur baru kami. Share juga ke temen & kerabat. Smg harimu selalu cerah bareng PLN. :) -SH
",2025-12-08 08:43:50,5.2.75,transformasi layanan pln yang luar biasa aplikasi ini stabil cepat dan sangat responsif ini menunjukkan komitmen pln untuk melayani pelanggan dengan lebih baik sangat layak mendapat bintang 5 bravo pln
0b8d0ddf-a8a8-42af-96d5-5936572e0fd4,Maya Adu,https://play-lh.googleusercontent.com/a-/ALV-UjVwKfClPNNZCzmd2ANh8Df08kVD9pncpP2ab_r-KU_6g7_nFfs,makin mudah adanya aplikasi pln mobile bisa melakukang pengaduan pasang baru pembelian token listrik bayar tagihan listrik,5,0,,2025-12-08 08:22:15,"Makasih banyk ya Kak Maya atas ulasannya. Kami seneng dengar PLN Mobile dpt mudahkan urusan listrik Kk. Mulai dr bayar tagihan, beli token, hingga lapor gangguan bs lbh praktis. Masukan Kk jadi semangat kami utk trs berinovasi. Yuk ajak teman & keluarga pakai juga. Smg harimu menyala terus bareng PLN Mobile. :) -SH
",2025-12-08 08:43:42,,makin mudah adanya aplikasi pln mobile bisa melakukang pengaduan pasang baru pembelian token listrik bayar tagihan listrik
2e9cc66c-332b-49c4-8c64-b37aaf52b16c,Hadi Ramadan,https://play-lh.googleusercontent.com/a/ACg8ocLZ41Kduhc0tpupQTZNiMhJsJMkaEAj5fsNfVZmgIx1FAvDRg=mo,aplikasi yg sangat bagus banyak fitur-fitur yg bisa mempermudah pelanggan jadi bisa dilakukan secara online tidak usah dateng ke kantor pln,5,0,5.2.75,2025-12-08 08:21:01,"Wah, tks ya Kak Hadi Ramadan. Ulasan positifnya bikin mimin makin semangat. PLN Mobile selalu berusaha jadi solusi terupdate dan informatif buat semua kebutuhan listrik Kk. Pastinya recommended banget buat kebutuhan kelistrikan yang serba cepat. Rekomendasiin ke temen dan kerabat Kk utk install PLN Mobile segera ya. :) -AL
",2025-12-08 08:22:09,5.2.75,aplikasi yg sangat bagus banyak fitur fitur yg bisa mempermudah pelanggan jadi bisa dilakukan secara online tidak usah dateng ke kantor pln
97e7d4d8-df49-4955-86ba-a29e8ab67be9,Dominggus Wadu,https://play-lh.googleusercontent.com/a-/ALV-UjUDMDq8Dw64GC7uPyabP_K7k22M5GjP-VVa6x5nRKAVsY87nsCTiw,Semoga semakin banyak promo ke depannya.Terimakasih PLN MOBILE.Semua dalam genggaman.pln terbaik👍👍🙏,5,0,,2025-12-08 08:20:17,"Hallo Kak Dominggus. Makasih buat ulasannya ya Kak, wah semoga pengalaman menggunakan PLN Mobile selalu menyenangkan ya Kak. Ditunggu update info dan promo lainnya dari kami ya. Salam sehat selalu -AD",2025-09-08 06:43:42,,semoga semakin banyak promo ke depannya terimakasih pln mobile semua dalam genggaman pln terbaik
c4ee791b-0696-47e4-b7ad-9dcda6444af4,Galuh Rmd0305,https://play-lh.googleusercontent.com/a/ACg8ocLi_wNje4uzPPh9_bdeaunFdc9Q6fQKQgZlcLOF6m7qT9yPRA=mo,aplikasi pln mobile sangat membantu dan mempermudah👍,5,0,5.2.75,2025-12-08 08:20:12,"Makasih ya Kak Galuh atas feedback Nya. PLN Mobile bantu kamu tetap terkoneksi dan tenang. Cek tagihan, beli token, hingga layanan pasang baru, semua tinggal klik. Praktis, fleksibel, dan cocok buat siapa aja. Jd tunggu apalagi, ajak temen dan kerabat utk download. :) -AL
",2025-12-08 08:22:17,5.2.75,aplikasi pln mobile sangat membantu dan mempermudah
78d18e49-eda2-4b63-9867-24bc41f58484,ARFHIAH PUTRI,https://play-lh.googleusercontent.com/a-/ALV-UjUp-KkfDjQrMdL1DxTfIzoq1HkE-om-qV0IRK6QgDW2lsH84X4Y,"Pelayanan PLN secara umum cukup responsif, terutama dalam penanganan gangguan dan permintaan layanan pelanggan. Petugas lapangan bekerja cepat dan profesional, meski terkadang waktu respons bisa bervariasi tergantung wilayah dan tingkat kepadatan laporan. Informasi terkait pemeliharaan dan pemadaman kini juga lebih transparan sehingga pelanggan lebih mudah mengantisipasi.",5,0,5.2.75,2025-12-08 08:19:37,"Thx Kak Arfhiah Putri, feedback positifnya bikin kami makin semangat. PLN Mobile selalu berusaha jadi solusi fleksibel dan informatif buat semua kebutuhan listrikmu. Recommended banget buat hidup yang serba cepat. Rekomendasiin ke temen dan kerabat Kk utk install PLN Mobile yuk. :) -AL
",2025-12-08 08:22:33,5.2.75,pelayanan pln secara umum cukup responsif terutama dalam penanganan gangguan dan permintaan layanan pelanggan petugas lapangan bekerja cepat dan profesional meski terkadang waktu respons bisa bervariasi tergantung wilayah dan tingkat kepadatan laporan informasi terkait pemeliharaan dan pemadaman kini juga lebih transparan sehingga pelanggan lebih mudah mengantisipasi
602e5560-d3fd-4201-8aaf-61a856f63784,Amir Tiktok,https://play-lh.googleusercontent.com/a/ACg8ocKGC2cLIKUfABmHzacmB18cgqhuVH2KNt1hRgf9CDonRi6azw=mo,terdapat info tarif dan tambah daya,5,0,5.2.75,2025-12-08 08:19:16,"Wah, terima kasih ya Kak Amir atas ulasannya. PLN Mobile hadir buat memudahkan kamu tanpa harus antre, tanpa repot, semua jadi simpel. Jgn lupa ajak kerabat dan keluarga utk download PLN Mobile. :) -AL
",2025-12-08 08:22:45,5.2.75,terdapat info tarif dan tambah daya
f81b6959-f11a-4765-b4b7-99f9b3220996,edwar ariyansah,https://play-lh.googleusercontent.com/a-/ALV-UjW66YfAA0Y51xxgqeUfvdamJmHqpfX6ejPQ6lI8ndaMGFE3q7W_CQ,"aplikasi yg sangat canggih, mempermudah pelanggan listrik, pln mantap 👍",5,0,5.2.75,2025-12-08 08:19:03,"Tengkyu ya Kak edwar atas penilaiannya buat PLN Mobile. Jika butuh riwayat pemakaian kWh, ga perlu khawatir, tersedia loh di PLN Mobile. Salam PLN Terbaik. -AL
",2025-12-08 08:22:57,5.2.75,aplikasi yg sangat canggih mempermudah pelanggan listrik pln mantap
acdcc8fc-0aaa-4af4-8ded-84b3e2de5de5,Akbar Tahir,https://play-lh.googleusercontent.com/a-/ALV-UjUqUeWLVGJ45huerPx9ZnUvKCk--TnGQmDrIQjeYcF3DIMxc0cm,pelayanan bagus dan cepat respon saat mengajukan pengaduan,5,0,5.2.75,2025-12-08 08:18:58,"Makasih banyak ya, Kak Akbar Tahir. Seneng deh PLN Mobile bisa bantu aktivitas Kakak. Semua layanan penting PLN sekarang ada di genggaman, bisa diakses kapan aja. Praktis, informatif, dan pastinya recommended. Yuk ajakin temen dan kerabat Kk utk install PLN Mobile. :) -AL
",2025-12-08 08:23:06,5.2.75,pelayanan bagus dan cepat respon saat mengajukan pengaduan
dea74bf4-ba19-454d-abce-8f6b3ec641e0,Effi Siagian,https://play-lh.googleusercontent.com/a-/ALV-UjU2QPUZ9eGzqoe-FVnBODwWTl-kPJyghIbtCy0j9nmWAqQtb5k,good,5,0,5.2.75,2025-12-08 08:18:33,"Kak Effi Siagian, thx review & rating terbaiknya. Ga perlu repot jauh-jauh utk beli token doang/ bayar tagihan, utk urus semua keperluan listrik bisa melalui aplikasi PLN Mobile loh. :) -AL
",2025-12-08 08:23:37,5.2.75,good
798c1431-c640-4b4f-9551-ec890f8212f1,Fajar Rahman,https://play-lh.googleusercontent.com/a/ACg8ocKLqDyKeatNCfVxExHuYX1GR80snHFvvOTlIeD3XPcF1LzIwQ=mo,Terimakasih PLN MOBILE bikin mempermudah segala urusan listrik . semua kendala aman lewat pln mobile,5,0,,2025-12-08 08:18:11,"Hai Kak Fajar, trims ya atas feedback dan bintang 5-nya! Kalau Kakak tertarik pasang PLTS Atap, sekarang pengajuannya bisa langsung lewat PLN Mobile loh. Prosesnya lebih cepat dan simpel. Ayo manfaatkan energi matahari untuk rumahmu! Have a nice day -DL",2025-08-26 03:52:02,,terimakasih pln mobile bikin mempermudah segala urusan listrik semua kendala aman lewat pln mobile
c82f0fac-558c-42da-bd89-40bb44315627,Hermawan Tatang,https://play-lh.googleusercontent.com/a/ACg8ocLEX0JpByWmAX94Gb4ZMCH1_cPee7Zs9Y0fHWvxFSJ10d6nrg=mo,Semakin Mempermudah Semua Pelayanan PLN PLN Mobile Memang Top,5,0,5.2.75,2025-12-08 08:18:04,"Thanks ya Kak Hermawan Tatang buat bintang cantik dan feedbacknya, senang bisa membantu Kakak perihal kelistrikan. Masih banyak fitur-fitur lain yang dpt Kakak nikmati di aplikasi PLN Mobile. Have a good day. -AL
",2025-12-08 08:25:17,5.2.75,semakin mempermudah semua pelayanan pln pln mobile memang top
65197148-3808-4cde-8e43-b2b796be4e69,Ridwan Tawoto,https://play-lh.googleusercontent.com/a/ACg8ocL1nN6T0OHOQoMgDyG_rJj_8JPJGNrriwg-SMSWsBARvZ-YfZA=mo,pln mobail sangat membantu,5,0,5.2.75,2025-12-08 08:17:55,"Thx utk rating cantiknya ya, Kak Ridwan Tawoto. Ayo ajak keluarga/teman/kerabat untuk mendownload PLN Mobile dan nikmati kemudahannya. Sehat & sukses selalu. :) -AL
",2025-12-08 08:25:37,5.2.75,pln mobail sangat membantu
b2eab9b3-5429-4628-a8b7-166dd1cc27f1,Arnes Palito,https://play-lh.googleusercontent.com/a/ACg8ocIKLtMdbj2vltTbcQpInoCpw7sRee17uZLBuXjS97gjgyNtZw=mo,"saya dowload PLN Mobile lalu bayar listrik tagihan, admin lebih irit skrg say bisa lakukan apapun dr rmh via PLN Mobile",5,0,5.2.75,2025-12-08 08:17:30,"Hei Kak Arnes Palito, makasih buat penilaiannya. Semoga PLN Mobile bisa meningkatkan kemudahan dalam melayani pelanggan PLN. Mau pasang listrik sementara buat Pesta? Langsung ajah daftar di PLN Mobile. Have a great day -AL
",2025-12-08 08:25:55,5.2.75,saya dowload pln mobile lalu bayar listrik tagihan admin lebih irit skrg say bisa lakukan apapun dr rmh via pln mobile
4ac9c876-7d02-4cde-b693-d195c39959fe,Rahman Fauzi,https://play-lh.googleusercontent.com/a-/ALV-UjWP4qCKHVhxgbAdfI5z7o8ZL1grzW1iJcSFNYhn4nTOI7Auu0M,"Transformasi layanan PLN yang luar biasa! Aplikasi ini stabil, cepat, dan sangat responsif. Ini menunjukkan komitmen PLN untuk melayani pelanggan dengan lebih baik. Sangat layak mendapat bintang 5. Bravo PLN!""",5,0,,2025-12-08 08:17:00,"Tengkyu ya Kak Rahman Fauzi, atas penilaiannya buat PLN Mobile. Mau pasang listrik sementara buat Pesta? Langsung ajah daftar di PLN Mobile. Salam sehat selalu-AL
",2025-12-08 08:26:02,,transformasi layanan pln yang luar biasa aplikasi ini stabil cepat dan sangat responsif ini menunjukkan komitmen pln untuk melayani pelanggan dengan lebih baik sangat layak mendapat bintang 5 bravo pln
abac0175-97fa-471f-a6fc-e5d5e4d183cd,Dody Maksi,https://play-lh.googleusercontent.com/a/ACg8ocLgpxNnZkHFuvLhBRkFL9KYUmhXRZCLbX43qZDXNQrx5KmH3A=mo,aman dan lancar cepat proses ke pln,5,0,5.2.75,2025-12-08 08:16:49,"Terima kasih banyak atas dukungannya, Kak Dody. Masukan Kakak jadi semangat buat PLN terus meningkatkan performa dan kenyamanan aplikasi. Semoga makin lancar dan bermanfaat ke depannya ya. Jangan lupa ajak teman & keluarga pakai PLN Mobile juga. Sehat selalu y Kak :) -YA",2025-07-12 11:55:39,5.2.75,aman dan lancar cepat proses ke pln
04a1cdbb-ff86-438e-bb3b-099311c2adbf,Devyta Merliana,https://play-lh.googleusercontent.com/a/ACg8ocLPwL-UkV2ohve3TNuF2gURFLpXMLf7SqZZxaO2nDL2daWLdOw=mo,terima kasih pln,5,0,5.2.75,2025-12-08 08:16:42,"Wah, senang rasanya jika Kak Devyta terbantu dengan layanan yg ada di PLN Mobile. Thx ya udah menggunakan fitur-fitur PLN Mobile. Mimin akan terus berupaya memberikan pengalaman terbaik untuk pelanggan. PLN Mobile pokoknya anti ribet. Yuk ajak teman dan keluarga utk download PLN Mobile sekarang juga. Tks. -FE",2025-12-02 05:34:29,5.2.75,terima kasih pln
a7247029-66fd-4507-a175-b96ca1f7c16f,Danang Aulia,https://play-lh.googleusercontent.com/a/ACg8ocJUqgYxvpnXbCiXhuZejb9dEkuKtPLI8NlXV9M9oruHW9UHiw=mo,kereeen terbaik,5,0,,2025-12-08 08:16:31,"Halo Kakak Danang, Waah makasih ya buat feedback dan bintang 5 nya. Kak, tau ga sih, PLN Mobile skrng udah bisa beli Kebutuhan sehari hari lho, yuk kepoin di Marketplace, cus belanja dan Kakak berkesempatan ikut promo penambahan daya. Salam sehat selalu. -CM",2025-08-07 05:45:23,,kereeen terbaik
38c51b48-7c58-4a26-b61f-4ee48383b602,Aan Rianto,https://play-lh.googleusercontent.com/a-/ALV-UjV5UzZW_TfMg0OPEoYTeKib2ALhVc56JaqjAMilX94BwWOssGw,PLN mobile sangat membantu kami,5,0,5.2.75,2025-12-08 08:15:59,"Halo Kak Aan Rianto. Makasih buat ulasannya ya, wah semoga pengalaman menggunakan PLN Mobile selalu menyenangkan ya Kak. Pada menu Marketplace kamu juga bisa buka toko dan perluas market kamu loh, kuy cek Kak. Sukses buat Kakak yah. :) -AL
",2025-12-08 08:26:49,5.2.75,pln mobile sangat membantu kami
f264be8c-54c2-43eb-b00c-aec3f9b55415,Kurniawan Iwan,https://play-lh.googleusercontent.com/a/ACg8ocJWHSYm65YzZNMCBF8Ldxzwdz8A8J5ObPnqFFUg-TQqdrl_Ew=mo,"Aplikasi PLN Mobile membantu sekali untuk pembelian token,pembayaran tagihan rekening dan keluhan gangguan,semua menjadi terasa semakin sangat mudah",5,0,5.2.75,2025-12-08 08:15:53,"Waaah banget nih penilaian sama reviewnya Kak Iwan. Ayo ajak keluarga/teman/kerabat untuk mendownload PLN Mobile dan nikmati kemudahannya. Tks Kk' :) -DL
",2025-08-26 06:15:32,5.2.75,aplikasi pln mobile membantu sekali untuk pembelian token pembayaran tagihan rekening dan keluhan gangguan semua menjadi terasa semakin sangat mudah
3a496764-5076-4f15-a4c9-78891beccab5,Moch Taufiq Hidayat,https://play-lh.googleusercontent.com/a-/ALV-UjW2kzlKRZI0_oeNcAbhYLEaRTUelZ2nQRGN4CAundMeyczacfZImg,mantap,5,0,5.2.75,2025-12-08 08:14:28,"Halo Kak Moch Taufiq Hidayat, makasih buat penilaiannya. Semoga PLN Mobile bisa meningkatkan kemudahan dalam melayani pelanggan PLN. Cus rekomendasi ke tmn2 kmu juga ya Kak buat gunain PLN Mobile. Sukses buat Kakak yah -AL
",2025-12-08 08:27:25,5.2.75,mantap
555d4e70-648c-4f4d-94ce-d936fa1c24aa,Khairul Hamzah,https://play-lh.googleusercontent.com/a/ACg8ocJSOVIXlttSwuVJvtzppTzeDWKEa4tZ3xADQO74fdyoml-T8Q=mo,"sangat baik, sip",5,0,,2025-12-08 08:14:25,"Halo Kak Khairul Hamzah. Tengku ya Kak penilaiannya buat PLN Mobile. Ditunggu update info dan promo lainnya ya Kak, dapat dilihat di menu Promosi & Informasi. Trims -AL
",2025-12-08 08:27:31,,sangat baik sip
250a54e4-db5e-405d-b98f-5cfae8c4370e,Ofan Nule,https://play-lh.googleusercontent.com/a/ACg8ocJMJ7xnbPFuYapv9l9na2CHWdo03m-8cmj9q6jVDDiWNI9o1g=mo,dengan aplikasi ini kami sangat terbantu apabila ada gangguan cepat di atasi,5,0,5.2.75,2025-12-08 08:14:21,"Wah, makasih banyak Kak Ofan Nule. Senang banget bisa bantu dan bikin Kakak puas sama layanan kami. Ditunggu kedatangan atau laporannya lagi kalau ada yang perlu dibantu ya. Happy nice day. :) -AL
",2025-12-08 08:29:23,5.2.75,dengan aplikasi ini kami sangat terbantu apabila ada gangguan cepat di atasi
9e5e9e5f-8bf9-4420-9caa-c2430341c091,zaviera nule,https://play-lh.googleusercontent.com/a/ACg8ocKxVttqV5Qz2bKiuqhg0qbKnRzXZLbBRlUXTYcdsjPbQK4b9g=mo,"Dengan aplikasi ini Kami sangat terbantu,apabila ada gangguan cepat diatasi.",5,0,5.2.75,2025-12-08 08:14:17,"Terima kasih atas ulasan positif dan kepercayaan yang telah diberikan ya Kak zaviera nule. Kami berkomitmen untuk terus meningkatkan kualitas pelayanan agar selalu dapat memenuhi kebutuhan masyarakat dengan cepat dan ramah. :) -AL
",2025-12-08 08:29:32,5.2.75,dengan aplikasi ini kami sangat terbantu apabila ada gangguan cepat diatasi
85b09631-2ce2-4485-9ea9-7ac5a62ceceb,Mugi _Axl23,https://play-lh.googleusercontent.com/a-/ALV-UjXloFmeqC77SjPj2GDccP0BVPyF_K1_tfPyIhb6_AXqNX3fMBOZ,Terima kasih PLN mobile dengan adanya aplikasi ini sangat membantu mempermudah untuk pelanggan untuk melakukan transaksi apapun yang berkaitan dengan listrik dan pembelian pulsa 👍 Selalu berikan kenyamanan Untuk Pelanggan🙏,5,0,5.2.75,2025-12-08 08:13:12,"Wah seneng deh baca ulasannya. Btw makasih ya Kak Mugi untuk bintang 5 & feedbacknya. Kami akan terus berusaha memberikan yg terbaik. Have a great day -AH
",2024-09-17 13:46:46,5.2.75,terima kasih pln mobile dengan adanya aplikasi ini sangat membantu mempermudah untuk pelanggan untuk melakukan transaksi apapun yang berkaitan dengan listrik dan pembelian pulsa selalu berikan kenyamanan untuk pelanggan
7c39e108-95b2-4964-a1ac-fdc385141530,Koko Weje,https://play-lh.googleusercontent.com/a-/ALV-UjXShiGqNHXOvtcTShZQHFj4b_96QiD9DvKYGNWBsui6IdUJbC_K,akun tiba-tiba diblokir. menghubungi CS tapi tidak bisa tersambung,1,0,5.2.75,2025-12-08 08:12:45,"Kami tdk bermaksud menyulitkan Kk. Apabila terkendala saat masuk apk PLN Mobile, pastikan Kk masuk menggunakan no ponsel yg sdh terdaftar & PIN yg sesuai. Nmn jk msh kendala Kk bisa hub CS mimin di social media PLN 123 utk pengecekan lbh lanjut. PLN trus meningkatkan performa fitur spy plgn lebih aman & nyaman dlm bertransaksi di PLN Mobile. :) -SH",2025-12-08 08:24:02,5.2.75,akun tiba tiba diblokir menghubungi cs tapi tidak bisa tersambung
a9bd7dca-f7be-4756-8748-06f578e1b6f4,Risna Risna,https://play-lh.googleusercontent.com/a/ACg8ocJTbuwyFw06cksP_sjnBpmvdFCWV5Ia5t3_n2wh9zZ5_l7XMQ=mo,terdapat info diskon dan tarif daya,5,0,5.2.75,2025-12-08 08:12:03,"Terima kasih banyak atas ulasan bintang 5 nya ya Kak Risna. Mimin sangat menghargai kepercayaan dan dukungannya. Semoga mimin selalu bisa memberikan pelayanan terbaik untuk Kakak dan keluarga di dalam satu genggaman PLN Mobile. Have a good one. :) -AL
",2025-12-08 08:31:25,5.2.75,terdapat info diskon dan tarif daya
837767b5-2875-4a27-8749-b84ee969d6b3,aries Iswara,https://play-lh.googleusercontent.com/a/ACg8ocIa7Yyn_LAC42D0GgK2XbwqhVdUCncmBUntly4nsTuLONiuzg=mo,"semoga menjadikan indonesia lebih terang terus ,,, PLN terbaik",5,0,5.2.75,2025-12-08 08:11:45,"Yuhu Kak Aries, Tengkyu ya Kak penilaiannya buat PLN Mobile. Ayoo Beli token melalui PLN Mobile, kini makin mudah dan terjangkau. kakak bisa beli token mulai dari 5.000 Rupiah saja. Stay safe ya -KP
",2025-08-13 03:02:10,5.2.75,semoga menjadikan indonesia lebih terang terus pln terbaik
5f4c5137-04f7-4374-a9b1-dd39a391860a,Nikola Tesla,https://play-lh.googleusercontent.com/a-/ALV-UjVYT4R6x6-F2CM-l2ej4FtbSBQbx-61Z7PYlgBcsAdXy3n9-aSY,"Aplikasi ini sangat membantu! Fitur-fiturnya lengkap, tampilan mudah dipahami, dan tidak ada bug sejauh ini. Semoga terus dikembangkan dan ditambah fitur menarik lainnya",5,0,5.2.75,2025-12-08 08:11:30,"Wah, makasih banyak ya Kakak Nikola Tesla. Senang banget nih admin, bisa bantu dan bikin Kakak puas sama layanan PLN. Ayo perbarui aplikasi PLN Mobile untuk memastikan fitur dapat diakses dengan optimal. Jika ada hal lain yg perlu di bantu/ Kk ada saran, segera kunjungi fitur Live Chat ya. Bersama PLN semua makin mudah loh. :) -AL
",2025-12-08 08:31:44,5.2.75,aplikasi ini sangat membantu fitur fiturnya lengkap tampilan mudah dipahami dan tidak ada bug sejauh ini semoga terus dikembangkan dan ditambah fitur menarik lainnya
2fc90c9d-c65a-4f8b-b107-b672c4933e8a,Reiza Mahmud,https://play-lh.googleusercontent.com/a/ACg8ocJQkNvaRau2D9IIDZN4lzgry0RhYvbkl_Mj70DTUkiUdZKqgQ=mo,PLN pelayanan oke bangett,5,0,,2025-12-08 08:10:38,"Wah, senang deh baca review dari Kk. Kami senang mendapatkan review terbaik bahwa PLN Mobile memberikan kemudahan dan kenyamanan dalam berbagai layanan, mulai dari pembayaran, tambah daya, hingga pengaduan. Semoga fitur dan promo yang tersedia makin bermanfaat ya. Pantau terus menu Event di aplikasi PLN Mobile ya Kak. Salam hangat dari kami. :) -AL",2025-12-08 08:32:49,,pln pelayanan oke bangett
517de227-2cdd-48cd-9042-6095fb22fdc4,Win Ponsel,https://play-lh.googleusercontent.com/a/ACg8ocIxGnU82mhPzCpheScyOUYu3uq7-PwVro2UokmDvNPmtOqPFQ=mo,terima kasih atas pelayanan yg memuaskan pelangan,5,0,5.2.75,2025-12-08 08:10:24,"Sore Kak, tks banget ya atas kemantapan Kk untuk download PLN Mobile. Senang bgt bahwa aplikasi kami bisa meninggalkan kesan baik. Dukungannya bikin kami makin semangat untuk terus memberikan layanan terbaik loh Kak. Yuk, perbaharui versi PLN Mobile agar pengalaman menggunakan fitur jd lbh lancar ya Kak. Tetap setia menjadi user kami. :) -AL",2025-12-08 08:33:04,5.2.75,terima kasih atas pelayanan yg memuaskan pelangan
7593a496-0726-4a94-820a-89ab8baba57e,M Fatjars,https://play-lh.googleusercontent.com/a/ACg8ocLUDFcnIVwDFd05hiBlRasS7X5DS3n0qZcH_36_gXilAlN0vw=mo,mantab banh,5,0,5.2.75,2025-12-08 08:10:18,"Alhamdulillah, terima kasih atas apresiasinya ya Kak M Fatjars. Mau tahu biaya Pasang Baru listrik? Gampang bgt. Cukup klik menu Simulasi Biaya di aplikasi PLN Mobile. Nggak cuma itu, Kk juga bisa cek tagihan, tambah daya, beli token, sampai lapor gangguan langsung dari handphone. Semuanya makin mudah dgn PLN Mobile. :) -AL
",2025-12-08 08:33:14,5.2.75,mantab banh
04b27d3b-1231-43ca-8cbf-640201e0d579,Danang Diantoro,https://play-lh.googleusercontent.com/a/ACg8ocIQ_ilrTRESb6ES3SwfTeEMcDp5YbyWNiE61b3m1g92cLcC=mo,pln mobile sangat membantu,5,0,5.2.75,2025-12-08 08:10:16,"Hai Kak Danang, thanks ya atas feedback dan supportnya. Kami akan terus berusaha memberikan yang terbaik. Ditunggu update info dan promo lainnya nanti, dapat dilihat di menu Promosi & Informasi. Have a great day -SU
",2025-09-16 02:34:09,5.2.75,pln mobile sangat membantu
c369c7c0-ead0-431a-9a48-b2b09ddbb3c7,Kaniaa Muthia sari,https://play-lh.googleusercontent.com/a-/ALV-UjWjbm7NTH-agB9C5fbduuujmSze7S7721lqKsHIy8fmkDU1hIXs,aplikasi nya membantu baguss sekali membuat jadi lebih mudah dan berfungsi dengan baik,5,0,5.2.75,2025-12-08 08:09:12,"Hai Kak Kaniaa . Waaah banget nih penilaian ama reviewnya. Bayar tagihan listrik melalui aplikasi PLN Mobile saja yuk, semua mudah masih dalam satu genggaman loh. Stay Healthy. -RH
",2025-08-09 10:15:40,5.2.75,aplikasi nya membantu baguss sekali membuat jadi lebih mudah dan berfungsi dengan baik
c079d509-ce07-40d3-b0e8-37d54b5a9195,M Ramelan,https://play-lh.googleusercontent.com/a-/ALV-UjWODcJY25dN1H8hi1Iir6IrGDPBX7S6GTvuUwkH_pKEznHcbXSyGw,baik,5,0,5.2.75,2025-12-08 08:06:47,"Admin senang jika PLN Mobile sudah sangat membantu Kk M Ramelan. Gak hanya melakukan pengaduan gangguan saja loh Kak. PLN Mobile juga bisa penambahan daya, pasang baru dan pembelian token. Yuk cek segera, karena semua jadi makin mudah bersama PLN Mobile. :) -AL
",2025-12-08 08:34:31,5.2.75,baik
46c42210-0dde-4d72-bad6-f874d1387cd6,Galuh Athori,https://play-lh.googleusercontent.com/a/ACg8ocKSUr-eYUgEKFqN25IijnSfcX9Li7F88uUUYEtCYSzFjCqeZQ=mo,pln mobile terbaik gampang di akses,5,0,,2025-12-08 08:04:56,"Wih, keren banget balasan review nya. Makasih Kakak Galuh Athori. Yuk buruan beli token via PLN Mobile, lebih mudah dan praktis banget loh Kak. Have nice day. :) -AL
",2025-12-08 08:35:02,,pln mobile terbaik gampang di akses
f397a06d-c848-41dc-97c4-b796e65900aa,Aqsabarok Barok,https://play-lh.googleusercontent.com/a/ACg8ocKKVPfVGgGpJj3XUegBR6x0rcK6MfOew7jws_hUF0tfk6g5lg=mo,pln mobil emang ka atu,5,0,5.2.75,2025-12-08 08:03:46,"Duh Kak Barok, Kakak biking admin senyum-senyum sendiri nih, baca review positif nya. Makasih banyak ya atas support dan apresiasinya biar makin gampang urusan listrik, jangan lupa pembayaran rekeningnya langsung dari PLN Mobile ya. Selamat beraktivitas Kak. :) -AL
",2025-12-08 08:36:17,5.2.75,pln mobil emang ka atu
a06fe494-268f-4a54-ada1-3297daa2a9c7,erikstwn erikstwn,https://play-lh.googleusercontent.com/a/ACg8ocL1RkYVEJcH1s1_tKwzjt9Nr0DStDVM_y1ngEPs2IwP7Rs5PQ=mo,Pln pelayanan nya terbaik,5,0,5.2.75,2025-12-08 08:03:06,"Hai Kak Erik. Tks Kak penilaiannya, semoga semakin setia menggunakan PLN Mobile. Nikmati jg fitur penyambungan baru & tambah dayanya y kak, semua mudah dalam satu genggaman. Salam sehat selalu. -CM",2025-08-07 05:43:27,5.2.75,pln pelayanan nya terbaik
8c4740d0-d5bb-4d52-9a6f-042f190bb31c,Anggi Anggara,https://play-lh.googleusercontent.com/a/ACg8ocKsF9CKLxyYoE51TimRNP2G1e9OFW1sdb5fHV2rGt4EDUl-uw=mo,"kapan hadiah langsung di buka lagi??? aktif sampai 31 des , tapi poin sudah tidak bisa di tukar lagi",5,0,5.2.75,2025-12-08 08:03:03,"Hai Kak Anggi, maaciiw ya udah puas gunakan PLN Mobile. Kalau no. token pembelianmu hilang, jangan panik. Temukan no. tokenmu di menu riwayat pembelian token aplikasi PLN Mobile ya. Have a nice day. -PT",2025-08-09 01:12:48,5.2.75,kapan hadiah langsung di buka lagi aktif sampai 31 des tapi poin sudah tidak bisa di tukar lagi
f3b0b0f0-1e3a-4c74-ad63-ac84f05da439,alpiansah nurabi,https://play-lh.googleusercontent.com/a/ACg8ocJL1y2bRs_6J28wTvXidZoVW3FZQqli9h3wYjM4nxtBobRK1A=mo,pln semakin bercahaya,5,0,5.2.75,2025-12-08 08:01:55,"Makasih Kak alpiansah nurabi. Atas Dukungannya bikin kami makin semangat, Yuk, manfaatin semua fitur mudah di PLN Mobile mulai dari bayar listrik, tambah daya, hingga lapor gangguan. Semua makin simpel di ujung jari saja, bersama PLN Mobile. :) -AL
",2025-12-08 08:37:15,5.2.75,pln semakin bercahaya
64001f15-6dee-4cbd-a0df-cba2dd2d3081,Kadek dresta,https://play-lh.googleusercontent.com/a/ACg8ocKEelQH2ER_A0iwIfMMz3g6WmbjOZyvhja5JpRGuToIDw0Yuw=mo,"Dengan PLN Mobile, pelanggan dapat menghemat waktu dan biaya karena tidak perlu lagi datang langsung ke kantor PLN untuk melakukan berbagai transaksi.",5,0,5.2.75,2025-12-08 08:01:07,"Hello Kak Ardanta.Waah makasih ya buat feedback dan bintang 5 nya. Kakak jangan lupa saranin download, ke keluarga dan teman semua yaa. Salam PLN Terbaik. -WS
",2025-09-04 06:41:40,5.2.75,dengan pln mobile pelanggan dapat menghemat waktu dan biaya karena tidak perlu lagi datang langsung ke kantor pln untuk melakukan berbagai transaksi
b4442583-99a4-488c-897d-cc796dd9d2a9,Eksanu Maznan,https://play-lh.googleusercontent.com/a/ACg8ocJzohm3VFax-i4NjOkOSYbxS5CBmYiPXVPQKFCjnnBq2bn0HA=mo,pln mobile jos,5,0,5.2.75,2025-12-08 08:00:54,"Hi Kak Eksanu, terima kasih sudah memberikan rating cantiknya untuk aplikasi PLN Mobile. Manfaatkan fitur SwaCAM untuk melakukan Catat meter mandiri ya Kak. Salam sehat selalu. -AD",2025-09-04 02:31:15,5.2.75,pln mobile jos
82a5ae9c-11d0-43ec-bba7-49d661184083,M Toha,https://play-lh.googleusercontent.com/a/ACg8ocKJdSGbKnw3LiBaQNlkBOC2rmvkterqnWgFlezIJliZaeV2vQ=mo,aplikasi pln mobile sangat membantu dalam transaksi kelistrikan,5,0,5.2.75,2025-12-08 08:00:31,"Hai Kak Toha, Thanks ya Kak penilaiannya, cus rekomendasi ke tmn2 kmu juga ya Kak buat gunain PLN Mobile. Ayo beli token melalui PLN Mobile, kini makin mudah dan terjangkau. Kakak bisa beli token mulai dari 5.000 Rupiah saja. Trims ya Kak. -HI
",2025-08-16 16:02:58,5.2.75,aplikasi pln mobile sangat membantu dalam transaksi kelistrikan
7a683056-095e-4662-96c7-26dea78b6a60,Nandi Sunandi,https://play-lh.googleusercontent.com/a/ACg8ocJ5MdXJCbPKVk72sji63aXE5DOkSwA1s8Vcw2o3Tn0imr04eQ=mo,PLN mobile matep lah top,5,0,,2025-12-08 07:59:34,"Hai Kak Nandi, makasih ya buat apresiasi dan rating bintang 5 nya. Semoga PLN Mobile terus memberikan manfaat dan tetap jadi andalan Kk dalam penuhi kebutuhan listriknya ya. Nikmati juga fitur lain yg ada di PLN Mobile yuk. Jangan lupa untuk update aplikasi ke versi terbaru biar ga ketinggalan promo menarik yg ada. Tks. -FE",2025-12-09 02:01:18,,pln mobile matep lah top
a4c264e6-4241-4722-af6b-1705c4e619af,Agung,https://play-lh.googleusercontent.com/a/ACg8ocIZZjDNlIDuosiVhAUn3iBH42pa_RczcSxOEfhxFgiYKbsLoQ=mo,pln pelayanan bagus,5,0,5.2.75,2025-12-08 07:59:19,"Hai Kak Agung, makasih udah suka & puas menggunakan PLN Mobile. Ayoo beli token melalui PLN Mobile, kini makin mudah dan terjangkau. Kakak bisa beli token mulai dari 5.000 Rupiah saja. Have a great day. -BR",2025-11-27 03:07:16,5.2.75,pln pelayanan bagus
02e5f213-8b9b-4eae-848f-dc70a4b86be0,Risky Mulia,https://play-lh.googleusercontent.com/a-/ALV-UjUAEjkQbwQnkSSeSHZyV0Y2kWhXb-zycmxI2_ei3SlvdtHdL_s,aplikasii sangatt bermanfaat,5,0,5.2.75,2025-12-08 07:59:10,"Hello Kak Risky, Mimin seneng deh kalo Kakak suka sama aplikasi PLN Mobile. Kamu bisa urus perihal kelistrikan lewat smartphone-mu, dari mana saja dan kapan saja via aplikasi PLN Mobile. Tks Kk' :). -BR",2025-11-27 03:07:27,5.2.75,aplikasii sangatt bermanfaat
7c643633-34a8-45d4-bfed-97224c2f749f,Wawan Hernawan,https://play-lh.googleusercontent.com/a-/ALV-UjXxpM6wGD5oJaQTaNpfoDRLRWhQi-ErijS2Nt_tTqqMOjYm2J9e,bayar tagihan listrik di PLN mobile sangat gampang lebih mudah,5,0,5.2.75,2025-12-08 07:58:23,"Makasih ya Kak Wawan, ulasan yg Kk berikan emang paling keren. PLN Mobile akan selalu update biar makin optimal dan relevan untuk semua kebutuhan listrik kamu. Nikmati trs berbagai fitur yang ada di PLN Mobile ya. Semoga pengalaman menggunakan PLN Mobile semakin nyaman. :) -FE",2025-12-09 01:57:07,5.2.75,bayar tagihan listrik di pln mobile sangat gampang lebih mudah
85d35a83-c31f-4a6d-90fd-19120e43e922,cah soleh,https://play-lh.googleusercontent.com/a/ACg8ocJY_3uwvFTljWPVYhaJmUKZr4di4tdY3Bwsj2Pv0S_-ldK9wA=mo,"dengan adanya PLN mobile, urusan listrik jadi mudah,,, petugas lapangan nya juga ramah cepat, dalam kerjakan tugas nya,,, terimakasih PLN",5,0,5.2.75,2025-12-08 07:57:44,"Mimin seneng deh sama ulasan Kak Soleh, terima kasih ya. PLN Mobile merupakan satu aplikasi yang memberikan banyak solusi. Kalo mau beli token listrik, ga perlu lagi keluar rumah. Lewat PLN Mobile, semua bisa beres. Yuk ajak keluarga dan kerabat kamu buat download PLN Mobile. Tks. -FE",2025-12-09 01:56:07,5.2.75,dengan adanya pln mobile urusan listrik jadi mudah petugas lapangan nya juga ramah cepat dalam kerjakan tugas nya terimakasih pln
18490f58-613c-4c77-b31b-b24db54b1b64,Renny Noviyanti,https://play-lh.googleusercontent.com/a-/ALV-UjW-8a9XO7a0lQ4h4OdOA-akfSyH25iHU9XjS_bLnWFtTVuAdckW4A,"dengan adanya PLN mobile semua jadi mudah..mulai dari pasang baru,tambah daya,migrasi,sampai dengan keluhan gangguan pun bisa pake PLN mobile..",5,0,5.2.75,2025-12-08 07:57:23,"Hai Kak Renny. Makasih yaa buat review & rating bintang 5 nya. Mimin senang banget. Cus rekomendasi ke tmn2 kmu juga ya Kak buat gunain PLN Mobile. Stay safe ya. -HN.
",2025-08-14 05:08:51,5.2.75,dengan adanya pln mobile semua jadi mudah mulai dari pasang baru tambah daya migrasi sampai dengan keluhan gangguan pun bisa pake pln mobile
62bd7d7b-e359-4c01-af0a-882be266b86e,Man Roh,https://play-lh.googleusercontent.com/a/ACg8ocIF4bNjBtA5EKHozDQ9lY2BOkcB_mO9whVxG0f201dL1OHCeA=mo,sangan membatu jika ada laporan langsung di atasi 👍👍👍👍👍👍👍👍👍👍👍👍👍,5,0,5.2.75,2025-12-08 07:57:19,"Wah, seneng banget rasanya dpt review positif dari Kk. Makasih ya atas kepercayaannya terhadap layanan PLN selama ini. Mimin akan trs berupaya memaksimalkan kualitas PLN Mobile agar selalu hadirkan fitur-fitur terbaik untuk pelanggan. Ajak keluarga dan kerabat Kk jg yuk utk download PLN Mobile. Tks. -FE",2025-12-09 01:55:41,5.2.75,sangan membatu jika ada laporan langsung di atasi
b28d0b3c-3bfb-4814-9afe-230bcb32e0dd,Mas Ukin,https://play-lh.googleusercontent.com/a/ACg8ocKZpwjNg8hTXr9r6k7zibhJtP88T8wDOQJzARyoPPSs_0Xjhw=mo,aplikasi yang sangat berguna segera lakukan terangsaksi lewat PLN mobile...,5,0,5.2.75,2025-12-08 07:56:06,"Hai Kak, thanks ya udah setia dengan layanan digital kami. Dengan PLN Mobile, kamu bebas mengatur kebutuhan listrik dengan aman dan nyaman. Yuk rekomendasiin ke teman dan sahabat Kk untuk download PLN Mobile. Sehat selalu ya Kak. :) -FE",2025-12-09 01:54:33,5.2.75,aplikasi yang sangat berguna segera lakukan terangsaksi lewat pln mobile
dd3da08d-bfa5-4c8e-a03c-a9af4376722f,Achmad Wahyudi,https://play-lh.googleusercontent.com/a-/ALV-UjUw6RxNgtEHoXqcswnUnonmT-hAxo6MLYTEK0zJ7FBJ3gKcXvcXsQ,"kasih bintang 1, karena sekali dikecewakan",1,0,5.2.75,2025-12-08 07:55:54,"Maaf atas keluhan trx nya, Kak Achmad. Laporan 360XXXX tlah ditindaklanjuti. Mohon dpt cek tokennya scr berkala dgn periksa billing melalui surat elektronik/ refresh menu ""Aktivitas""/ lihat di Riwayat Pembelian Token. PLN trs bersinergi dlm menghadirkan kualitas layanan terbaik & handal bagi pengguna. Smg clear, ditunggu rating terbaiknya. Tks. -IP",2025-12-09 06:01:11,5.2.75,kasih bintang 1 karena sekali dikecewakan
54b3b728-a07a-45ef-816a-bd242bcdd1c2,arif nurcahyo,https://play-lh.googleusercontent.com/a/ACg8ocJ4-z75E-p2Nc6UP7DJNAZtfIVLzboZKeMLqVjf957dVV1Pxw=mo,Aplikasi PLN MOBILE very Good very Well....👍👍👍🔥🔥🔥.,5,0,5.2.75,2025-12-08 07:55:45,Hi Kak maaciiw ya udah puas gunakan PLN Mobile. Manfaatkan fitur SwaCAM untuk melakukan Catat meter mandiri ya Kak. Salam PLN Terbaik. -ME,2025-09-07 04:20:45,5.2.75,aplikasi pln mobile very good very well
fedea1f2-88a5-4ff7-92a0-ffb36bca0d7a,Alvaro Raka,https://play-lh.googleusercontent.com/a/ACg8ocJ3xtyGbPM1kFFXX0SQ3L8YhhAmUW4rdmmY514zQpf2hOAeYQ=mo,sangat membantu dan sangat cepat penanganan nya. jooooos jiiiiis,5,0,5.2.75,2025-12-08 07:55:24,"Halo Kak Alvaro, mimin seneng deh kalo Kk suka sama aplikasi PLN Mobile. PLN Mobile pokoknya anti ribet. Kuy ajak temen dan sahabat Kk untuk download PLN Mobile sekarang juga. :) -FE",2025-12-03 03:53:21,5.2.75,sangat membantu dan sangat cepat penanganan nya jooooos jiiiiis
f8fc17ac-385a-4485-9ff9-024657c512ce,Rizky Arifianto,https://play-lh.googleusercontent.com/a/ACg8ocKof43Zo1yq7tMkLewF4XHYNpjrYbUgBgPH_7S9fUXMGeqOdHs=mo,"aplikasinya sangat membantu,Mantab pokoknya👍",5,0,5.2.75,2025-12-08 07:54:36,"Hi Kakak Rizky, Mimin seneng deh kalo kaka suka sama aplikasi PLN Mobile. Ayoo Beli token melalui PLN Mobile, kini makin mudah dan terjangkau. kakak bisa beli token mulai dari 5.000 Rupiah saja. Stay safe ya. -CM
",2025-09-19 04:54:23,5.2.75,aplikasinya sangat membantu mantab pokoknya
c7b2430a-8932-455e-9964-50b010c64f8b,Sheli Putri Anjani,https://play-lh.googleusercontent.com/a-/ALV-UjWFdAxg6wyT94UFo5bBqEfnBFA2Zly4Z0FzjKwE7c9By85_4OE,"pelayanan bagus, pemasangan meteran cepat dan rapi, sebelum memasang ada konfirmasi dlu kepelanggan.. pokoknya mantap..",5,0,5.2.75,2025-12-08 07:53:27,"Wah, mimin seneng banget baca ulasan dari Kak Sheli. Thanks ya udah jadi bagian dari pelanggan digital kami. Mimin akan terus kasih pelayanan yg optimal dan praktis untuk pelanggan lewat platform digital yg ada. Yuk, ajak keluarga dan kerabat utk download PLN Mobile. Semoga harinya menyenangkan. :) -FE",2025-12-03 03:52:24,5.2.75,pelayanan bagus pemasangan meteran cepat dan rapi sebelum memasang ada konfirmasi dlu kepelanggan pokoknya mantap
211e2a41-6e41-4b2a-92c3-5981c31c9379,Triningsih,https://play-lh.googleusercontent.com/a/ACg8ocK7v8SdqlR8jfN87rPwzXJgmrBtZw-ew206T_eP-bo5rVUk0Q=mo,"Saya baru tau kalau disni bisa lapor gangguan kelistrikan saya, saya kira hanya lewat tlp 123. Aplikasi sangat membantu saya utk pembelian token. Makasi PLN utk PLN mobile nya 👍",5,0,5.2.75,2025-12-08 07:53:18,Seneng banget dpt review positif dari Kak Triningsih. Makasih ya atas kepercayaannya terhadap layanan PLN Mobile. Mimin akan trs berupaya memaksimalkan kualitas PLN Mobile agar selalu hadirkan fitur-fitur terbaik untuk pelanggan. Jgn lupa ajak keluarga dan kerabat Kk utk download PLN Mobile ya. PLN Mobile siap kasih solusi terbaik buat kamu. :) -FE,2025-12-09 01:52:12,5.2.75,saya baru tau kalau disni bisa lapor gangguan kelistrikan saya saya kira hanya lewat tlp 123 aplikasi sangat membantu saya utk pembelian token makasi pln utk pln mobile nya
a64466f6-922b-46f7-84f1-60d7415c8362,Nurfitri Yani,https://play-lh.googleusercontent.com/a/ACg8ocKr_YcSr74qrsUom1htj8BmMla0jA82ttZGPN_YjVKEdbEZuQ=mo,aplikasi sangat membantu,5,0,5.2.75,2025-12-08 07:53:01,"Hai Kak Nurfitri, makasih ya udah jadi pengguna PLN Mobile. Mimin seneng banget deh liat Kk terbantu dgn PLN Mobile. PLN Mobile siap bantu kamu biar bisa atur kebutuhan listrik dengan bebas, aman dan nyaman. Kuy ajak temen dan sahabat Kk buat download PLN Mobile. Tks. -FE",2025-12-09 01:49:23,5.2.75,aplikasi sangat membantu
f7c7f74b-5fb6-432e-a4ea-619667e68624,Marco,https://play-lh.googleusercontent.com/a/ACg8ocIVQIgVfmskZv88kCn18UfieOrSAu4D-JsoH8c8gMYxClH-sQ=mo,PLN Mobile bikin urusan listrik jadi #SemuaMakinMudah!,5,0,,2025-12-08 07:52:48,"Makasih ya Kak Marco udah jadi pengguna PLN Mobile. Mimin seneng banget liat Kk terbantu dgn PLN Mobile. PLN Mobile siap bantu kamu biar bisa mengatur kebutuhan listrik dengan bebas, aman dan nyaman. Kuy ajak temen dan sahabat Kk utk install PLN Mobile. Tks. -FE",2025-12-09 01:48:24,,pln mobile bikin urusan listrik jadi semuamakinmudah
2074830c-c09a-493b-85cf-d79a969f6ccd,iki brow,https://play-lh.googleusercontent.com/a/ACg8ocLWWc8YCqSVVXPPNKvhwnTGTxEWrz3iuTDhALwUvCX4TND51Q=mo,terima kasih kepada petugas PLN yang selalu cepat nenanggapi laporan gangguan dari masyarakat,5,0,5.2.75,2025-12-08 07:52:42,"Mimin seneng banget sama ulasan yang Kk kasih, thanks ya udah setia dengan layanan PLN Mobile. Kepercayaan yang Kk berikan bantu kami untuk terus memaksimalkan pelayanan kpd pelanggan. Semoga Kk terus mendapatkan kenyamanan saat menggunakan PLN Mobile ya. Salam sehat selalu. :) -FE",2025-12-04 02:34:16,5.2.75,terima kasih kepada petugas pln yang selalu cepat nenanggapi laporan gangguan dari masyarakat
4b3833aa-ef9f-48a0-baf7-3334a9726271,Gatot Priadi,https://play-lh.googleusercontent.com/a/ACg8ocImB-mO3zmz-QRvrbZ5PMHpFuvzh08kpsvFNk2VzQ31LxHiDQ=mo,pln mobile sangatt membantu.joss,5,0,5.2.75,2025-12-08 07:52:10,"Hi Kak Gatot. Tks sudah memberikan rating cantiknya untuk aplikasi PLN Mobile. Ditunggu update info dan promo lainnya ya Kak, dapat dilihat di menu Promosi & Informasi. Stay Healthy. -LA
",2025-09-12 19:38:59,5.2.75,pln mobile sangatt membantu joss
0d5d4147-9baf-448c-a159-25f6b0ae75ef,Daud Tekkay,https://play-lh.googleusercontent.com/a/ACg8ocIfevSj-psk4Jqr1lU3aiEQUYmg6GG71r3iTqsZKCDrBmHoWw=mo,"Pln mobile sangat membantu pelanggan dalam proses penyambungan, pengaduan dan masih banyak lagi fitur yang mempermudah pln mobile terbaik..",5,0,5.2.75,2025-12-08 07:51:56,"Hi Kak Daud. Makasih yah buat bintangnya, semoga kamu selalu nyaman menggunakan PLN Mobile. Ingin tau biaya Pasang Baru, klik ajah menu simulasi biaya di PLN Mobilemu, semua makin mudah. Sukses buat Kakak yah. -MS
",2025-08-24 05:21:53,5.2.75,pln mobile sangat membantu pelanggan dalam proses penyambungan pengaduan dan masih banyak lagi fitur yang mempermudah pln mobile terbaik
d5ec0434-d72b-4675-abf9-ba47b30ddbb7,Mapong 1988,https://play-lh.googleusercontent.com/a/ACg8ocIt905TAi_IQKM7gSQZ5ulVqdPnt8lOFKBayjXwnV2yoc0SzQ=mo,PLN tetap pertahankan pelayanan terbaikmu,5,0,5.2.75,2025-12-08 07:50:51,"Hai Kak, mimin seneng banget sama ulasan yang Kk berikan, makasih ya. Kk ga perlu khawatir pakai PLN Mobile karena setiap transaksi dijamin aman dan nyaman. Metode pembayarannya juga banyak loh, enak banget kan. Yuk ajak orang-orang terdekat Kk buat jadi pengguna PLN Mobile. Tks. -FE",2025-12-09 01:46:21,5.2.75,pln tetap pertahankan pelayanan terbaikmu
70b4fb45-a947-4530-8510-b670c1473951,muhammad fachrurozy,https://play-lh.googleusercontent.com/a/ACg8ocJatVe1ll9cvVLV2fYVl90VeE1OliuKadK8wAzMM5HPfh3cXA=mo,sangat membantu buat pengaduan dipln mobile dan respon nya sangat cepet ketika ada pengaduan,5,0,5.2.75,2025-12-08 07:50:32,"Hai Kak Fachrurozy, mimin seneng banget sama ulasan yang Kk berikan, makasih ya udah pakai PLN Mobile. Kk ga perlu khawatir pakai PLN Mobile karena setiap transaksi dijamin aman dan nyaman. Yuk, ajak orang-orang terdekat Kk buat download PLN Mobile. Semoga aktivitasnya dilancarkan ya. :) -FE",2025-12-09 01:44:43,5.2.75,sangat membantu buat pengaduan dipln mobile dan respon nya sangat cepet ketika ada pengaduan
d0f26ea5-8c41-451d-9ac8-433fdf1c659a,Yuro Perdana,https://play-lh.googleusercontent.com/a/ACg8ocLr3OLWjidJE_lZu7gRP-IEooyv_Zy10b987DAbcYe4kXKE9A=mo,tetap jaga kualitas dalam pelayanan,5,0,5.2.75,2025-12-08 07:50:14,"Hallo Kak Perdana. Makasih bintang 4 nya buat PLN Mobile. Ayo ajak keluarga/teman/kerabat untuk mendownload PLN Mobile dan nikmati kemudahannya. Have a great day. -FW
",2023-05-20 11:54:48,5.2.75,tetap jaga kualitas dalam pelayanan
ad3ba5a7-472e-4c9d-bd82-08b492030452,Sukron Soib,https://play-lh.googleusercontent.com/a/ACg8ocLswoMw7uCgIuJMeoRjjnZRFM_u6l7WBLH5WKLEku8TPx7Prg=mo,"PLN mobile terbaik, beli token mudah, bayar listrik mudah, melaporkan gangguan mudah... listrik pintar",5,0,,2025-12-08 07:49:34,"Thx Kak Sukron, feedback positifnya bikin kami makin semangat. PLN Mobile selalu berusaha jadi solusi fleksibel dan informatif buat semua kebutuhan listrikmu. Recommended banget buat hidup yang serba cepat. Rekomendasiin ke temen dan kerabat Kk utk install PLN Mobile yuk. :) -AL
",2025-10-10 10:20:41,,pln mobile terbaik beli token mudah bayar listrik mudah melaporkan gangguan mudah listrik pintar
2ec7615b-4c27-45e3-b00d-daa611cdedf6,Arfandi Ayubi29,https://play-lh.googleusercontent.com/a/ACg8ocLzKZUiboPQ-Vhu57wteji8uhClQ0w4GmfAN0vJqJDJrsbpaw=mo,Pengaduan lebih cepat dan fast respon,5,0,5.2.75,2025-12-08 07:49:00,"Mimin seneng banget liat ulasan dari Kak Arfandi, thanks ya udh jd pengguna PLN Mobile. PLN Mobile hadir utk kasih kemudahan bagi penggunanya. Informasi mengenai event terdekat jg ada di PLN Mobile loh. Tunggu apa lagi, yuk ajak sahabat Kk buat download PLN Mobile. Tks. -FE",2025-12-09 01:44:08,5.2.75,pengaduan lebih cepat dan fast respon
18478420-d67f-415e-8567-356772ba0c46,Jamal Jamaluddin,https://play-lh.googleusercontent.com/a/ACg8ocI96RnVKFpUslTtgTlJf6FOypoUClFSPoS2gRhwAG2uRk0ACg=mo,keren,5,0,5.2.75,2025-12-08 07:47:57,"Pagi Kak Jamal, terima kasih ya udah jadi bagian dari pelanggan digital kami. Mimin akan terus kasih pelayanan optimal dan praktis untuk pelanggan lewat platform digital yang ada. Yuk ajak keluarga dan kerabat Kk utk download PLN Mobile. Have a nice day. :) -FE",2025-12-09 01:43:22,5.2.75,keren
25dbcf1d-697a-4621-94b5-357fbfb998a9,josmar 1010,https://play-lh.googleusercontent.com/a/ACg8ocK1FVT5TJwzXJSJ7zkbJtRslVMSZzKA6vDUbYh-Sn4h5UYj1Q=mo,akurat & cepat...Terima kasih PLN Mobile,5,0,5.2.75,2025-12-08 07:47:21,Hi Kak Josmar . Waah makasih ya buat feedback dan bintang 5 nya. Manfaatkan fitur SwaCAM untuk melakukan Catat meter mandiri ya Kak. Stay Healthy -DT,2024-06-11 03:57:50,5.2.75,akurat cepat terima kasih pln mobile
804d7e05-69af-44e6-8c7e-4e2addee85fd,Kotaro Minamy,https://play-lh.googleusercontent.com/a/ACg8ocKt1vVG7RW_96qsNlzvF8gMcCEIJthfuH_HFmBJA3Ta-78RQg=mo,"PLN mobile semakin handal,tingkatkan terus untuk kepuasan pelanggan",5,0,5.2.75,2025-12-08 07:46:07,"Wah, mimin seneng banget liat ulasan dari Kk. Thanks ya udah jadi bagian dari pelanggan digital. Mimin akan terus kasih pelayanan yg praktis untuk pelanggan lewat apk digital yang ada. Ajak keluarga dan kerabat Kk jg yuk utk download PLN Mobile. :) -FE",2025-12-09 01:41:28,5.2.75,pln mobile semakin handal tingkatkan terus untuk kepuasan pelanggan
67bc9dc6-0d81-4e00-ae11-f4e873201576,Melianti Timang palitean,https://play-lh.googleusercontent.com/a-/ALV-UjVCUxIUWHOBsTn0V5QmKdFs3b_LHgtJBNw3dViSoW2fqApmYmtt,PLN Mobile sangat membantu. mantaplah👍🏻👍🏻,5,0,5.2.75,2025-12-08 07:45:57,"Halo Kak Melianti. Tks ya Kak penilaiannya, semoga semakin setia menggunakan PLN Mobile. Salam sehat selalu -KL
",2025-08-14 06:52:22,5.2.75,pln mobile sangat membantu mantaplah
a88a9196-2589-414b-9dbb-c50d730acaa8,Muharis Dg.mappuji,https://play-lh.googleusercontent.com/a/ACg8ocIWXzkSN-p9XeDvFT4qWpybHFjFHtFSEZOuZTJLmuUz4gBAdQ=mo,baik,5,0,5.2.75,2025-12-08 07:45:06,"Makasih ya Kak Muharis udah kasih rating terbaik dan setia dengan layanan PLN Mobile. Lewat PLN Mobile, Kk bs nih gunakan fitur beragam yg ada di aplikasi. Lewat fitur pengaduan, petugas siap tanggap atasi kendala yg terjadi. Yuk, ajak teman dan sahabat Kk untuk download PLN Mobile. Tks. -FE",2025-12-09 01:40:49,5.2.75,baik
59a11cbb-568c-4555-a599-7a401d8e0ccb,Mochamad Alfian Nur Romadhon,https://play-lh.googleusercontent.com/a-/ALV-UjW3e8wFQv7hJMcOISG9hijFJJQ2Ois8yqd2KQANDrstC1P3y3xh,"pemasangan cepat, petugas ramah",5,0,5.2.75,2025-12-08 07:44:57,"Terima kasih udah kasih ulasan dan rating maksimal utk PLN Mobile ya, Kak Alfian. Lewat PLN Mobile, semua transaksi bisa dilakukan dgn cepat & mudah. Bayar tagihan listrik sampai beli token, semua bisa dilakukan via PLN Mobile. Yuk beli tokennya via aplikasi PLN Mobile. :) -FE",2025-12-09 01:40:36,5.2.75,pemasangan cepat petugas ramah
1db2b42e-a221-449b-bbb1-c0a60680ee12,Indra Roxas,https://play-lh.googleusercontent.com/a-/ALV-UjVQZnZXO_XIICnGVaLq6HGTkfOfyaaU2pT1pyXsuQYFkqh91dSk,pelayanan sigap dan baik.,5,0,5.2.75,2025-12-08 07:44:09,"Halo Kak Indra, mimin seneng banget sama ulasan yang Kk berikan, makasih ya udah pakai PLN Mobile. Kk ga perlu khawatir pakai PLN Mobile karena setiap transaksi dijamin aman dan nyaman. Yuk, ajak orang-orang terdekat buat download PLN Mobile. Tks. -FE",2025-12-09 01:40:16,5.2.75,pelayanan sigap dan baik
6ba847a0-cf18-4431-9131-bb4d2564b21c,YUDI Xyudii,https://play-lh.googleusercontent.com/a/ACg8ocLyvBeItIUYMqjc_3XuiWx0Zz1YX4AYJX1rqBgQ2NELsjo8Wg=mo,"Beli token listrik,bayar tagihan, melakukan pengaduan lebih mudah dan praktis",5,0,,2025-12-08 07:43:34,"Wah, senangnya kalo PLN Mobile udah bantu urusan Kak Yudi jadi lebih mudah. Thanks ya udah pakai PLN Mobile. PLN Mobile siap hadir biar kamu bisa mengatur kebutuhan listrik dengan bebas, aman dan nyaman. Yuk, ajak teman dan keluarga kamu buat download PLN Mobile. Have a nice day. :) -FE",2025-12-09 01:39:55,,beli token listrik bayar tagihan melakukan pengaduan lebih mudah dan praktis
7727c624-022f-4dd9-93ba-4fac34e43215,Adindha Putri,https://play-lh.googleusercontent.com/a/ACg8ocI8h6FOQFVzGhU3yogbrqDccRxa2lmqb8I6nP5l0atyE523yg=mo,Dapat mengetahui pemakaian dan pembayaran listrik,5,0,,2025-12-08 07:43:25,"Halo Kak Adindha, thanks udh sharing pengalaman bersama PLN Mobile ya. PLN akan terus memberikan pelayanan terbaik dari platform digital yang lebih praktis dan informatif. Semua kebutuhan listrik makin mudah terpenuhi lewat sentuhan layar smartphone yg Kk punya. Jangan lupa rekomendasiin PLN Mobile ke teman-temannya ya. :) -FE",2025-12-09 01:38:16,,dapat mengetahui pemakaian dan pembayaran listrik
3a03b0c6-3933-45f6-8e31-945ad68b3ca5,Bang jeck,https://play-lh.googleusercontent.com/a-/ALV-UjWpyKynJjQKygoRsVoPtCXCCHQj5PhAdn_QS4DXfrWZTcNL1zpS,pelayanan udah mantap tingkatkan PLN trimakasih,5,0,5.2.75,2025-12-08 07:42:39,"Terima kasih atas support yang telah diberikan ya Kak. PLN Mobile kian berinovasi dan berkembang biar lebih fleksibel utk bantu kamu kapan aja dan di mana aja. Yuk, rekomendasikan ke kerabat dan keluarga Kk utk download PLN Mobile. Tks. -FE",2025-12-09 01:37:35,5.2.75,pelayanan udah mantap tingkatkan pln trimakasih
00642da8-6fb0-4a84-a17c-be4210d38927,Rehang Fitra,https://play-lh.googleusercontent.com/a/ACg8ocIpHEeuMx35b6PiweRlwoSUFmSGWqyfXQkm78DXbjyIllDvmA=mo,aplikasi sangat membantu,5,0,,2025-12-08 07:42:26,"Mimin seneng banget liat ulasan positif yg Kak Fitra berikan, terima kasih banyak ya Kak. Kepercayaan Kk terhadap PLN Mobile bantu kami untuk terus meningkatkan pelayanan kepada pelanggan. Semoga Kk terus mendapatkan kenyamanan dan solusi yang efektif dr PLN Mobile ya. Jgn lupa ajak teman dan sahabat Kk utk download PLN Mobile ya. Tks. -FE",2025-12-09 01:36:41,,aplikasi sangat membantu
f862c503-ccfc-470e-9efd-8f932ff85a19,Gusti Putri,https://play-lh.googleusercontent.com/a/ACg8ocLkvVyoxneUU5OMLe4gQFTmBG0grcNOqd4j1j9A78Z9A_bLbg=mo,yes pelayanan lebih mudah,5,0,5.2.75,2025-12-08 07:42:17,"Halo Kak Gusti, thanks ya utk penilaian yg udh Kk kasih. Mimin harap dgn adanya PLN Mobile, aktivitas Kk jd lebih lancar dan praktis. Semua kemudahan dalam mengurus kelistrikan bs Kk akses hanya dgn satu sampai dua kali sentuhan smartphone. Yuk ajak teman dan sahabat Kk utk download PLN Mobile dan nikmati kemudahannya bersama. :) -FE",2025-12-09 01:35:47,5.2.75,yes pelayanan lebih mudah
19862ca4-c89b-4e29-9a47-df0e5bdcf789,Adhitya Dhony,https://play-lh.googleusercontent.com/a-/ALV-UjUS6fL8gUYYjnD8QzxsFp9M9dNa7UqkLT7C_j18n0Q34kQX4ZeI,pln mobile sudah semakin baik dan semakin mudah. hadiah gebyarnya pun banyak. keren,5,0,5.2.75,2025-12-08 07:42:10,"Hi Kak Adhitya. Tks yaw udah kasih bintang 5. Santuy besti, di aplikasi PLN Mobile kamu juga bisa beli produk yg kamu mau di menu Marketplace. Salam sehat selalu. -HD
",2025-11-27 09:25:12,5.2.75,pln mobile sudah semakin baik dan semakin mudah hadiah gebyarnya pun banyak keren
881effd2-2818-4b2f-8483-25de38a96b18,Bugen Rt.3,https://play-lh.googleusercontent.com/a-/ALV-UjUqslK1pWX2A5khHQnC_BwyJlDf7XywdP0DvDryITzbQsMU9C4,pengaduan jadi lebih mudah dan cepat,5,0,,2025-12-08 07:41:43,"Halo Kak, terima kasih ya udah jadi pengguna PLN Mobile. Kalo Kk mau tambah daya, Kk bisa akses PLN Mobile & ajuin lewat fitur yg tersedia. Buat memenuhi kebutuhan listrik jd lebih mudah hanya lewat sentuhan layar smartphone. Jangan lupa utk perbarui aplikasi ke versi terbarunya ya. :) -FE",2025-12-09 01:34:27,,pengaduan jadi lebih mudah dan cepat
f4729be8-184f-4ce7-87fb-fd85f3fe8922,Agung Sasmito,https://play-lh.googleusercontent.com/a-/ALV-UjUf9APs_qYO5_QC_jyIungGn5D3rKdds0IOP05wE92w0b0TSTc,.ramah.cepat,5,0,5.2.75,2025-12-08 07:41:05,"Wah Makasih yaa Kak Agung buat review & rating bintang 5 nya Mimin senang banget. Kini mengisi daya kendaran listrik anda dapat dilakukan dimana saja, temukan stasiun pengisian daya terdekat pada aplikasi PLN Mobile Mu. Have a great day. -LA",2025-09-12 20:07:43,5.2.75,ramah cepat
4a356ddd-5225-4866-a9f4-65267fe065e1,Upas Drakel,https://play-lh.googleusercontent.com/a/ACg8ocIhGIzhl29_loh4EsNZ35IwvaAVko9Z4nGYKPG6sGR-GYii8w=mo,aplikasi nya sngat bagus dan memudahkan pelanggan,5,0,,2025-12-08 07:39:23,"Wah, mimin seneng deh liat ulasan dari Kak Upas, terima kasih ya Kak. Kini bayar listrik jadi lebih mudah lewat aplikasi PLN Mobile. Selain aman, banyak juga metode pembayaran yang bisa Kk pilih. Kuy ajak teman, keluarga dan sahabat utk jadi pengguna PLN Mobile. :) -FE",2025-12-09 01:33:45,,aplikasi nya sngat bagus dan memudahkan pelanggan
03565662-56fb-41ef-a9e0-cf3c9148d13f,Halima Nawir,https://play-lh.googleusercontent.com/a-/ALV-UjX_IgHY65PBghFEaJ4W0_ibs8wt15qM8cvDp7ian0BsGqGR2gQ,"aplikasi yang sangat membantu, dan mempermudah dalam proses pengaduan dam pengecekan tagihan listrik",5,0,5.2.75,2025-12-08 07:39:21,"Hai Kak Halima, seneng banget liat ulasan dari Kk. Terima kasih ya udh jd pengguna setia PLN Mobile. PLN Mobile selalu berupaya jadi solusi fleksibel dan informatif utk semua kebutuhan listrik. Recommended banget buat hidup yang serba cepat. Yuk, sharing pengalaman dgn PLN Mobile ke teman-teman Kk dan ajak mereka utk download apk nya. :) -FE",2025-12-09 01:32:59,5.2.75,aplikasi yang sangat membantu dan mempermudah dalam proses pengaduan dam pengecekan tagihan listrik
d495d6d6-11d9-4a72-b579-a8b00032cbd1,Aditia Ramdani,https://play-lh.googleusercontent.com/a/ACg8ocLOh9bOrttlZU5Tvm1-wc5IDmu_y2o4fhhD3qwSzgzQ8KIP-g=mo,"fitur lengkap sekali, pelayanan cepat, pln mobile mantap",5,0,,2025-12-08 07:38:28,"Halo Kak Aditia, terima kasih udah sharing pengalaman dgn PLN Mobile ya. Kk bisa nih sharing cerita dan ajak teman-temannya buat download PLN Mobile, biar kemudahan dan kenyamanan ini bisa dirasakan bersama. Jgn lupa juga utk update aplikasi ke versi terbaru ya. Tks. -FE",2025-12-09 01:32:00,,fitur lengkap sekali pelayanan cepat pln mobile mantap
87dd48cc-2151-4f4f-b757-2a267a526184,Agus aris Munandar,https://play-lh.googleusercontent.com/a-/ALV-UjUuHn017ReT6MX3VevbyyBIB-GwxBCXffjO1VJD57miBPVp8jQ,mantappp,5,0,,2025-12-08 07:38:11,"Halo Kak Agus, terima kasih ya buat rating & feedback nya. PLN Mobile dirancang utk atasin masalah kelistrikan. Kk ga perlu khawatir kalo token listrik udh mau abis, karena bs langsung dibeli via PLN Mobile dan bs diakses kapan pun. Yuk ajak keluarganya buat download & jd pengguna PLN Mobile. Tks. -FE",2025-12-09 01:31:24,,mantappp
13a6a859-992f-41f6-bc29-96e5317253f1,Bukhari Rauf,https://play-lh.googleusercontent.com/a/ACg8ocJNbbEuyOi3FJBomGTA8X8PAweud21ypLRJN-XZkTYVKeygfw=mo,"aplikasinya sangat bagus, dan muda di pahami ,",5,0,5.2.75,2025-12-08 07:38:03,"Hai Kak Bukhari, thanks ya untuk apresiasi yang diberikan. Senang rasanya jika layanan yang ada di PLN Mobile udah bantu aktivitas Kk. Yuk, nikmati trs fitur-fitur yang ada di PLN Mobile dan jgn lupa buat rekomendasiin ke orang-orang terdekat ya. Sukses terus buat Kk. :) -FE",2025-12-09 01:29:43,5.2.75,aplikasinya sangat bagus dan muda di pahami
09ccb879-fc63-4296-8b0b-ece0378b94a5,Maya Supit,https://play-lh.googleusercontent.com/a/ACg8ocJbb1PGUqOlv6KzhszkI0qnf37iBVm2QHBDQS8C_82FLT8_8u0=mo,PLN SEMAKIN JAYA,5,0,5.2.75,2025-12-08 07:37:54,Thanks ya Kak Maya udah kasih rating terbaik buat PLN Mobile. Mimin seneng deh kalo fitur-fitur yg ada di PLN Mobile udah bantu aktivitas Kk. Semoga PLN Mobile tetap jadi pilihan utama dalam memenuhi kebutuhan listriknya ya. Have a great day. :) -FE,2025-12-09 01:29:09,5.2.75,pln semakin jaya
91ef0ea9-a4b4-4c3d-adc4-268ef3f86b0c,Naufal rasyid,https://play-lh.googleusercontent.com/a-/ALV-UjU02Wzp-laQYiB3caqUTVBVTKEFYBJlGBM83aXLGc8XpGrggY0m,"Aplikasi ""PLN MOBILE"" sangat membantu mendapat info seputaran pemadaman, pemasangan baru, migrasi dan tambah daya, dan juga pengaduan gangguan",5,0,5.2.75,2025-12-08 07:37:40,"Terima kasih ya Kak Lukman udah setia bareng PLN Mobile. Kamu adalah pelanggan yang luar biasa. PLN Mobile kasih solusi terbaik yang bisa bantu kamu kapan aja tanpa ribet. Yuk rekomendasiin teman dan sahabat kamu buat download PLN Mobile, dijamin ga akan nyesel deh. :) -FE",2025-11-28 02:25:41,5.2.75,aplikasi pln mobile sangat membantu mendapat info seputaran pemadaman pemasangan baru migrasi dan tambah daya dan juga pengaduan gangguan
232abc58-b57d-4c44-935a-07fb9f80282a,Gilang risman Gilang,https://play-lh.googleusercontent.com/a/ACg8ocJ73b-BS90B26PMsAzkrJpFFAABG4A8O7MwAELmtf7jlN31sg=mo,APLIKASI NYA SANGAT BAGUS DAN MEMBANTU DAYA UNTUK TRASAKSI PEMBELIAN TOKEN LISTRIK SANGAT MUDAH,5,0,5.2.75,2025-12-08 07:37:32,"Hai Kak Gilang, thanks ya untuk ulasan dan support yang diberikan. Seneng banget rasanya kalo PLN Mobile bisa membantu dan menjadi pilihan buat Kk. PLN Mobile hadir biar kamu bisa mengatur kebutuhan listrik dengan bebas, aman dan nyaman. Yuk, ajak teman dan sahabat buat download PLN Mobile. Tks. -FE",2025-12-09 01:28:22,5.2.75,aplikasi nya sangat bagus dan membantu daya untuk trasaksi pembelian token listrik sangat mudah
19181005-2eeb-4b36-ab61-c9f669b1b8d4,Syaifullah Ocu,https://play-lh.googleusercontent.com/a-/ALV-UjUFvBNK0l_NaLKDvmdvqW3TvEE63sUUXahTsx9s-8e8sD0NBPk,aplikasi mudah cepat,5,0,5.2.75,2025-12-08 07:37:16,"Hai Kak Syaifullah, thanks ya untuk apresiasi yang diberikan. Senang rasanya jika layanan yang ada di PLN Mobile udah bantu aktivitas Kk. Yuk, nikmati trs fitur-fitur yang ada di PLN Mobile dan jgn lupa buat rekomendasiin ke orang-orang terdekat ya. :) -FE",2025-12-09 01:27:38,5.2.75,aplikasi mudah cepat
1f3d4542-c329-4299-96b5-33512bf9adcd,melky balubun,https://play-lh.googleusercontent.com/a-/ALV-UjV7T5pAcmDT47W6R1HT4i0e9J_hse7_QIO6Urb5mm1uqXsAL4U,PLN Terbaik 👍🏽👍🏽,5,0,5.2.75,2025-12-08 07:36:35,"Kak Melky, thanks ya untuk ulasan dan support yang diberikan. Seneng banget rasanya kalo PLN Mobile bisa membantu dan menjadi pilihan buat Kk. PLN Mobile hadir biar kamu bisa mengatur kebutuhan listrik dengan bebas, aman dan nyaman. Yuk, ajak teman dan sahabat buat download PLN Mobile. Tks. -FE",2025-12-09 01:27:19,5.2.75,pln terbaik
969d870a-0c0c-4f9f-ab00-6992312714c2,Ahmad Fauzan,https://play-lh.googleusercontent.com/a/ACg8ocIbCr6dXIDHLKkkefBaiYP8157pNDzBRdkRhQKW1YOKE8NB2Q=mo,mntap,5,0,5.2.75,2025-12-08 07:36:14,"Wih, mimin seneng banget liat ulasan dari Kak Ahmad, terima kasih ya Kak. Kini bayar listrik jadi lebih mudah lewat PLN Mobile. Selain aman dan praktis, metode pembayarannya juga beragam sesuai dengan keinginan Kk loh. Yuk, ajak teman dan sahabat Kk untuk download PLN Mobile. Tks. -FE",2025-12-09 01:26:41,5.2.75,mntap
a1b45af7-85c8-4d9a-b18f-7c32311f6986,Nopendi Pendi,https://play-lh.googleusercontent.com/a-/ALV-UjUa3dwPGWy_LFxpzX1lpEDLsFDEwG72tsc3mjf62XrwvIh9meE,aplikasi yang sangat membantu melaporkan gangguan listrik. . .,5,0,5.2.71,2025-12-08 07:35:30,"Wah, Mimin seneng deh sama ulasannya Kak Nopendi. Yuk Kak, kepoin Event menarik apa aja yang lagi ada di PLN Mobile. Dan jangan lupa saranin temen kamu juga buat download aplikasinya. :) -SU
",2025-09-16 02:44:27,5.2.71,aplikasi yang sangat membantu melaporkan gangguan listrik
8cf0eadf-5094-4b5e-8ca6-412a8272a642,Mar Joko,https://play-lh.googleusercontent.com/a/ACg8ocJK3fhwSYrqloDDam5Z_MsLJ7o54HOxZwB6gMzI4F_pXKmmwQ=mo,PLN MOBILE MAKIN DIDEPAN,5,0,5.2.75,2025-12-08 07:34:57,"Hi Kak Joko. Tks sudah memberikan rating cantiknya untuk aplikasi PLN Mobile. Ditunggu update info dan promo lainnya ya Kak, dapat dilihat di menu Promosi & Informasi. Stay Healthy. -LA",2025-09-12 19:41:16,5.2.75,pln mobile makin didepan
a69c37c3-d781-4441-b4f0-e708de42e5fb,gewin win,https://play-lh.googleusercontent.com/a-/ALV-UjU4DegrL39-0ty0vtkCIj55_m9rmxmisyYsaoazjtFv1JP2AeQ,PLN mobile mantap,5,0,5.2.75,2025-12-08 07:34:56,Makasih ya Kak Gewin atas apresiasinya. Mimin seneng deh kalo PLN Mobile bisa jadi aplikasi andalan bantu urusan listrik kamu. Yuk ajak teman dan sahabat kamu untuk download PLN Mobile. Semoga harinya menyenangkan. :) -FE,2025-12-09 01:26:17,5.2.75,pln mobile mantap
d97ff3b3-3f4a-41c2-b514-d951d8cf7293,Abdullah Aab,https://play-lh.googleusercontent.com/a-/ALV-UjXzZqYQ-1FfsCEBH4tF4uO2cjRJ665FUokj6SXOKZPMfk1rdqI,pln terbaik,5,0,,2025-12-08 07:32:11,"Pagi Kak Abdullah, thanks ya buat ulasan yg diberikan. Lewat PLN Mobile, Kk bisa loh dapetin informasi dan promo menarik yg ditawarkan. Kk juga bisa dapetin point di setiap transaksi yang dilakukan. Yuk, ajak keluarga dan kerabat kk buat download PLN Mobile. Semoga PLN Mobile terus berikan solusi terbaik buat kamu ya. :) -FE",2025-12-09 01:25:41,,pln terbaik
e98c93b1-da70-4522-9f3b-8edd28a0d788,Nadha Indah,https://play-lh.googleusercontent.com/a/ACg8ocL6qR2zNHBjOdIo2xMJ1BeH-qDkABnlrz98kcH2X0Oz20CGag=mo,"aplikasi pln kini semakin komplit , pembelisn token dll",5,0,5.2.75,2025-12-08 07:32:00,"Makasih banyak ya Kak Nadha atas ulasannya. PLN Mobile siap kasih solusi terbaik buat kamu setiap saat. Cepat, mudah, dan praktis, cocok bgt digunakan buat siapa aja yg membutuhkan. Semoga PLN Mobile trs kasih solusi terbaik buat kamu ya. :) -FE",2025-11-27 04:41:12,5.2.75,aplikasi pln kini semakin komplit pembelisn token dll
38a2c1d2-86aa-49e4-838c-14c6833aa4a0,halwiaa all,https://play-lh.googleusercontent.com/a/ACg8ocI2n4iZ0G950eKrzHTDFkoO4C8igD0LMVwWX3YsfEXOMXvnNA=mo,"Aplikasi PLN Mobile sangat berguna, bisa melakukan banyak hal dengan mudah dan cepat",5,0,5.2.75,2025-12-08 07:31:13,"Wah, seneng banget denger Kak Halwia bisa ngerasain kemudahan PLN Mobile. PLN Mobile emang paling enak, semua bisa selesai dalam satu genggaman. Yuk bagikan pengalaman pakai PLN Mobile & ajak teman-temanmu buat download apk nya. Semoga PLN Mobile tetap jadi andalan Kk penuhi kebutuhan listrik ya. :) -FE",2025-12-09 01:25:12,5.2.75,aplikasi pln mobile sangat berguna bisa melakukan banyak hal dengan mudah dan cepat
ec4c70c3-a99d-4057-9830-226f11a99c04,Muslim Mus,https://play-lh.googleusercontent.com/a/ACg8ocJFJuNrVrAa1pA2NZ6gI5wJl2-FXlzZpckPFLQWyZ6I9p8IuA=mo,trimakasih pln mobbile sangat ke membantu,5,0,5.2.75,2025-12-08 07:30:28,"Yuhu Kak. Makasih udah kasih penilaiannya Kak. Ditunggu update info dan promo lainnya ya Kak, dapat dilihat di menu Promosi & Informasi. Have a great day.-CD
",2025-11-27 10:04:35,5.2.75,trimakasih pln mobbile sangat ke membantu
364d6dd6-6a05-4a1c-9566-9f25304d5753,Nur Musyafak Hidayat,https://play-lh.googleusercontent.com/a/ACg8ocK6pCwSQLsKj3Ps2YYxWm16eIv221JewWFebrxwSxsU-n2MBkI=mo,Makin cepat dengan PLN Mobile,5,0,5.2.75,2025-12-08 07:30:18,"Waw Kak. Tks Kak penilaiannya, semoga semakin setia menggunakan PLN Mobile. FYI nih kak, di PLN Mobile banyak banget promonya lho, Kakak bisa share ke Temen dan Keluarga ya kak. Stay safe ya -ME",2025-09-07 06:46:02,5.2.75,makin cepat dengan pln mobile
ad96e613-bd43-45ca-b946-a9ef8c6f3572,RENDRA EKA SASMITA,https://play-lh.googleusercontent.com/a-/ALV-UjW_Co3LGmvl4aTrFpWPqDbfwCk7hbhEc49iAXTZohYiVsaE4ydN,pln sangat membantu kehidupan sehari-hari,5,0,5.2.75,2025-12-08 07:29:49,"Kak Rendra, terima kasih udh sharing pengalaman dengan PLN Mobile ya. PLN akan terus berupaya memberikan pelayanan terbaik lewat platform digital yang praktis dan informatif. Semua kebutuhan listrik makin mudah terpenuhi lewat sentuhan layar smartphone yg Kk punya. Jangan lupa rekomendasiin PLN Mobile ke teman/sahabat/keluarga Kk ya. Tks. -FE",2025-12-09 01:22:10,5.2.75,pln sangat membantu kehidupan sehari hari
12b1aa5d-f763-4810-b222-d1d14e2545bc,Febrihanafi Febrihanafi,https://play-lh.googleusercontent.com/a-/ALV-UjW-2ERoZQvD-A5uGpBuG1aJLWJP15LMG08dE-wMPe7JALzmklw,"Penggunaan sangat mudah ,pelayanan sangat cepat, tanpa harus kekantor PLN. Terima kasih PLN sudah Memberikan dan Melayani dengan Baik, Good job PLN",5,0,5.2.75,2025-12-08 07:28:56,"Hai Kak Febri, makasih buat penilaiannya. Semoga PLN Mobile bisa meningkatkan kemudahan dalam melayani pelanggan PLN. Gak perlu repot jauh-jauh untuk beli token doang, bisa melalui aplikasi PLN Mobile loh. Have a great day -FY",2025-08-13 05:26:33,5.2.75,penggunaan sangat mudah pelayanan sangat cepat tanpa harus kekantor pln terima kasih pln sudah memberikan dan melayani dengan baik good job pln
b5f4681a-12bf-4592-a21f-65415082b3b8,Muhammad Affandi,https://play-lh.googleusercontent.com/a/ACg8ocJGE9qpKwfsmUAgeG1i9-n_ID0wNtWmtpWYTGcI0-Ol9SBqoQ=mo,sangat Luar Biasa,5,0,5.2.75,2025-12-08 07:28:23,"Hi Kak Affandi, terima kasih atas feedback yang kakak berikan. PLN Mobile bukan cuma buat listrik! Sekarang ada Marketplace buat kamu yang mau buka toko & jual produk. Perluas pasar dengan mudah langsung dari aplikasi. Yuk, cek sekarang! Stay safe ya -DL",2025-11-25 05:43:07,5.2.75,sangat luar biasa
9891819f-0e21-4b15-9ed4-073d299791eb,Arif Pacitan,https://play-lh.googleusercontent.com/a/ACg8ocIcIb74GJMSy8CExyc_K9xUFpUwKzOpmDSTvvDKuZ3ueUBUqw=mo,pln bisa,5,0,5.2.75,2025-12-08 07:28:22,"Halo Kak Arif, Waah makasih ya Kakak buat feedback dan bintang 5 nya. FYI nih Kak, di PLN Mobile banyak banget promonya lho, Kakak bisa share ke Temen dan Keluarga ya. Stay safe - JA",2025-09-12 09:31:30,5.2.75,pln bisa
af27bed5-925e-46f2-80af-d45d85805c58,Cinta Nurdiani,https://play-lh.googleusercontent.com/a/ACg8ocL21wzyJI-5a97WT9l-87H0pSY8WWlv8NffWUFTl25_5DjCMQ=mo,"terimakasih pln., aplikasinya sangat membantu. sehat dan sukses selalu buat pln ulp rajapolah.",5,0,5.2.75,2025-12-08 07:28:22,"Halo Kak Cinta, terima kasih ya atas ulasannya sebagai pengguna PLN Mobile. PLN Mobile dirancang dgn fitur-fitur kekinian yg gampang diakses. Segala transaksi jadi lebih mudah dilakukan dgn pilihan metode pembayaran yg beragam. Jangan ragu buat rekomendasiin PLN Mobile ke teman dan sahabat Kk ya. Have a nice day. :) -FE",2025-12-09 01:21:45,5.2.75,terimakasih pln aplikasinya sangat membantu sehat dan sukses selalu buat pln ulp rajapolah
6f79a8b4-0386-47de-a4d8-50d6db33afea,M.Nur Fakhrudin,https://play-lh.googleusercontent.com/a/ACg8ocLGstabzfvhYsoH5LlwEfxqEbeQOQ4ghJNgW_IrHI3r2PXyKQ=mo,aplikasi Good fitur,5,1,5.2.75,2025-12-08 07:28:10,"Hi Kak Nur, terima kasih atas feedback yang kakak berikan. Pada menu Marketplace kamu juga bisa buka toko dan perluas market kamu loh, kuy cek Kak. Stay safe ya -DL",2025-11-25 05:38:18,5.2.75,aplikasi good fitur
c44c5b7f-cec1-4260-9fe4-d2ac2f7876aa,Lela Sari,https://play-lh.googleusercontent.com/a/ACg8ocIAsUNX-DBCqEqzcjq2nBeEnvTnmscAR5OCQx9xoLCM-ieepA=mo,aplikasi pln mobile memudahkan pelanggan membeli token listrik,5,0,,2025-12-08 07:28:10,"Makasih banyak ya Kak Lela atas ulasan & rating terbaik yang diberikan. Mimin seneng banget kalo PLN Mobile udah bantu kebutuhan listrik pelanggan. Kami akan trs berkomitmen kasih pelayanan terbaik utk pelanggan lewat platform digital dgn fitur yg unggul. Biar makin seru, yuk ajak keluarga dan kerabat buat ikut pakai PLN Mobile. :) -FE",2025-12-09 01:21:01,,aplikasi pln mobile memudahkan pelanggan membeli token listrik
000071ec-1418-44be-a83f-d0795cf0872f,Suratno Cs,https://play-lh.googleusercontent.com/a/ACg8ocJch4P3eeTxIGJp5ohoXBylE7t6mpLGiuxSOU5pEh_VsFdB5w=mo,pln mobile membantu,5,0,5.2.75,2025-12-08 07:27:45,"Terima kasih ya Kak Suratno udah gunakan fitur-fitur yang ada di PLN Mobile. Jangan lupa akses fitur lain yg ada di PLN Mobile ya. Ajuin penambahan daya sampai cek riwayat pemakaian, semua bisa diakses lewat PLN Mobile. Yuk, rekomendasiin PLN Mobile ke teman dan keluarga. Sehat selalu ya. :) -FE",2025-12-09 01:19:48,5.2.75,pln mobile membantu
99851570-6ad7-4e31-ae79-0fe64c110294,Admin Adi Candra,https://play-lh.googleusercontent.com/a/ACg8ocIh9oZt0qQYjvBAIfikMwRA-9VbuN4YPqUTQee_Wm-hP7tYVg=mo,sangat membantu🙏⚡,5,0,5.2.75,2025-12-08 07:25:20,"Seneng banget deh liat ulasan dari Kk. Terima kasih ya udah jadi bagian dari pelanggan digital kami. Mimin akan terus kasih pelayanan yg optimal dan praktis untuk pelanggan lewat apk ini, karena kepuasan pelanggan akan selalu jadi prioritas kami. Yuk, ajak keluarga dan kerabat utk download PLN Mobile. :) -FE",2025-12-09 01:19:21,5.2.75,sangat membantu
3453c817-4a03-4a82-ad69-b8a95df3ed76,vicky official id,https://play-lh.googleusercontent.com/a/ACg8ocIRbYiDAogvyexq0ipW6-qqWOVPVc1BzjrBnhsj9GbfTyWSuQ=mo,"PLN MOBILE MEMBERIKAN PELAYANAN YANG TERBAIK, TERIMA KASIH PLN",5,0,5.2.75,2025-12-08 07:25:03,"Hi Kak Vicky,Waaah banget nih penilaian ama reviewnya.Have a great day.-IN",2022-01-22 18:42:17,5.2.75,pln mobile memberikan pelayanan yang terbaik terima kasih pln
8d2605b9-11fd-4104-a078-8b3a3a4a82fe,satrio putra handoko,https://play-lh.googleusercontent.com/a-/ALV-UjU3dOyUfUlNpNdzTSDfKe5UbK3CaDMiGnWE3uNUoEjlzmclRx5F,pln mobile sangat membantu karena aplikasi ini sangat mudah untuk kebutuhan listrik lainnya,5,0,5.2.71,2025-12-08 07:24:16,"Terima kasih ya Kak Satrio atas kepercayaan terhadap layanan PLN Mobile. Mimin seneng banget kalo platform digital ini bisa membantu dan kasih kemudahan utk pelanggan. Semoga PLN Mobile terus jadi andalan kamu utk memenuhi kebutuhan listriknya ya. Yuk, ajak juga teman & sahabat Kk buat jadi pengguna PLN Mobile. :) -FE",2025-12-09 01:18:43,5.2.71,pln mobile sangat membantu karena aplikasi ini sangat mudah untuk kebutuhan listrik lainnya
846a9253-e51a-481c-8768-594b18c575e5,Muhamad Muklis,https://play-lh.googleusercontent.com/a/ACg8ocJRN4K10U7hRy5-ohf0iQqKtKvOHHUzXHcfTsgsMYtR-4Nm-g=mo,Sangat membantu operasional driver GO-JEK,5,0,5.2.75,2025-12-08 07:23:28,"Terima kasih atas support dan kepercayaan terhadap layanan PLN Mobile ya, Kak Muklis. Mimin seneng banget kalo platform digital ini bisa membantu dan kasih kemudahan utk pelanggan. Semoga PLN Mobile terus jadi andalan kamu utk memenuhi kebutuhan listriknya ya. Yuk, ajak juga teman & sahabat Kk buat jadi pengguna PLN Mobile. Have a nice day. :) -FE",2025-12-09 01:18:02,5.2.75,sangat membantu operasional driver go jek
5ef539f1-04d4-4609-9ce8-6d97dfdff5e5,Komang Suarta,https://play-lh.googleusercontent.com/a/ACg8ocJr5ltqUHloHWHM7WzoO6ZpsHbd0D2TigHiAkFJl83guB0yqg=mo,terbaik 🔥🙏,5,0,5.2.75,2025-12-08 07:23:25,"Terima kasih ya Kak Komang atas apresiasi yang diberikan. Yuk gunakan terus fitur-fitur yang ada di PLN Mobile. Apk ini cocok digunakan buat kamu yg ga mau ribet, karena gampang banget diakses. Tunggu apa lagi, ajak orang terdekat Kk buat download PLN Mobile ya & nikmati kemudahannya bersama. Tks. -FE",2025-12-09 01:17:40,5.2.75,terbaik
cb3d4a41-822d-44c1-8de7-88a713823084,Meila Nurhanifah,https://play-lh.googleusercontent.com/a-/ALV-UjU-AT7k94YQ8f1y43T1n8aK5SlBo-hpV67HiMLQFSv2h4FLLBH-,cepat melucur,5,0,5.2.75,2025-12-08 07:22:44,"Mimin seneng banget liat ulasan dari Kak Meila, makasih banyak ya. PLN Mobile hadir utk kasih kemudahan bagi penggunanya. Bayar tagihan atau beli token listrik ga perlu repot buat keluar rumah. Informasi mengenai event terdekat jg ada di PLN Mobile loh. Tunggu apa lagi, yuk ajak teman dan sahabat Kk buat download PLN Mobile. Tks. -FE",2025-12-09 01:16:30,5.2.75,cepat melucur
df26288b-e069-4dab-a699-36b50b756de5,Akmal Akmal,https://play-lh.googleusercontent.com/a/ACg8ocLDsL3ro3ZgScunYz2mxG-v3GKxWOeKzkutzR05Wg9RCN9evA=mo,pln mobile makin kedepan,5,0,5.2.75,2025-12-08 07:22:43,"Terima kasih ya Kak Akmal udah jadi pengguna PLN Mobile. Mimin seneng banget liat PLN Mobile udah jadi solusi buat Kk. PLN Mobile hadir biar kamu bisa atur kebutuhan listrik dengan bebas, aman dan nyaman. Yuk, ajak teman dan sahabat Kk buat download aplikasi PLN Mobile. Sehat selalu ya Kak. :) -FE",2025-12-09 01:15:55,5.2.75,pln mobile makin kedepan
e17d1a5d-0250-4cd5-8944-e1158c388f52,Dalpani Mandagi,https://play-lh.googleusercontent.com/a/ACg8ocLas_cE8bqmk9xmhZjSN_kx2Q1pwZ_dV_yOPi1IylqHRF3YMg=mo,pelayannya Bagus,5,0,5.2.75,2025-12-08 07:22:42,"Kak Dalpani, terima kasih utk ulasan dan rating 5 nya ya. Yuk share pengalaman pakai PLN Mobile ke teman & keluarga kamu. Fiturnya yang kekinian dan mudah diakses, membuat aplikasi ini cocok untuk digunakan siapa aja yang ingin aktivitasnya jd lebih praktis. Kalo mau tau riwayat pemakaian kWh, langsung aja cek di PLN Mobile. :) -FE",2025-12-09 01:15:40,5.2.75,pelayannya bagus
fff4aa38-2de6-4cf5-b120-90166b97251e,Venti 23ani,https://play-lh.googleusercontent.com/a-/ALV-UjUtBoInpheobA6XtcZXPd6JsREwK17sFHwHALYfLwBlsO6A2-YrsA,aplikasi nya bagus sangat mudah digunakan dan membuat laporan lebih mudah.,5,0,5.2.75,2025-12-08 07:21:10,Terima kasih ya Kak Venti udah jadi bagian dari pelanggan digital kami. Mimin akan terus memberikan pelayanan yg optimal dan praktis untuk pelanggan lewat platform digital yg ada. Semoga PLN Mobile terus kasih solusi terbaik buat kamu ya. Sehat selalu Kak. :) -FE,2025-12-09 00:59:17,5.2.75,aplikasi nya bagus sangat mudah digunakan dan membuat laporan lebih mudah
ceea6aea-1fc4-42e9-ad03-bbd8f31f242c,Pompie Darsono,https://play-lh.googleusercontent.com/a-/ALV-UjUsK1MIXAYyM0v0lHQQrLhgrQgAjyA7fDyQh7ouXNMrsjO4hys,tambah daya sangat mudah,5,0,5.2.75,2025-12-08 07:21:02,"Pagi Kak Pompie, terima kasih ya udah akses layanan yang ada di PLN Mobile. Sekarang, kebutuhan listrik pelanggan bisa terpenuhi hanya dengan sentuhan layar smartphone. Yuk, ajak teman & sahabat Kk buat download PLN Mobile. Have a nice day. :) -FE",2025-12-09 00:58:26,5.2.75,tambah daya sangat mudah
661c82ee-6d63-4793-9e34-69deaba5e826,Taufik Agus,https://play-lh.googleusercontent.com/a/ACg8ocJtjJyL8ewLhg9A-XzYJ_bpe7kXv2zNdSO8pmuQA2yq33Au0g=mo,PLN ok,5,0,5.2.75,2025-12-08 07:20:37,Makasih ya Kak Taufik atas ulasan dan apresiasinya. Yuk nikmati terus fitur-fitur yang ada di PLN Mobile. Semua bisa diakses dari mana pun dan kapan pun. Ajak teman-teman Kk juga ya utk download PLN Mobile. Semoga harinya menyenangkan. :) -FE,2025-12-09 00:57:53,5.2.75,pln ok
984267f8-35c0-4a1f-8549-49b3fcfd1046,Nugroho Jatiwaseso,https://play-lh.googleusercontent.com/a/ACg8ocKZ-NvA0Ep62Rv2DXRtqGMR8R-zAUj4lumBiqBwzIWdMwhdVQ=mo,PLN mobil semakin mudah semakin maju,5,0,5.2.75,2025-12-08 07:20:25,"Wah, mimin seneng banget baca ulasan dari Kak Nugroho. Terima kasih ya udah jadi bagian dari pelanggan digital kami. Mimin akan terus memberikan pelayanan terbaik dan praktis untuk pelanggan lewat platform digital yg ada. Kalo mau bayar tagihan atau beli token listrik, ga perlu lagi keluar rumah. Dengan PLN Mobile, semua jadi beres. :) -FE",2025-12-09 00:56:34,5.2.75,pln mobil semakin mudah semakin maju
5eb584a3-447a-4ebf-9657-b0c851b4010a,A Diansyah,https://play-lh.googleusercontent.com/a/ACg8ocJkAcRNoaEbCSApg1vZgkl5gpLDXS4fXb6yzfkz7zz8YTMojw=mo,jadi lebih mudah membeli token atau tambah daya,5,0,5.2.75,2025-12-08 07:20:14,"Senangnya PLN Mobile udah jadi pilihan buat Kak Diansyah, makasih ya udah jadi pengguna PLN Mobile. Nikmati terus fitur-fitur yang ada di PLN Mobile ya. Semua bisa diakses bahkan sambil rebahan di rumah. Ajak keluarga dan kerabat Kk juga ya utk download PLN Mobile. Semoga harinya menyenangkan. :) -FE",2025-12-09 00:55:56,5.2.75,jadi lebih mudah membeli token atau tambah daya
b384dfa1-a56e-48de-b852-8958efb35299,Tri Dian setiawan,https://play-lh.googleusercontent.com/a/ACg8ocIl7ik_ykfnaI9VSvHjfCYTvgSjq5ueKnuCT5xLO9nInyIF=mo,"aplikasinya sangat terbaik, karena sangat membantu pelanggan dalam hal kelistrikan",5,0,5.2.75,2025-12-08 07:19:47,"Tks ya Kak Tri Dian setiawan, atas ulasan terbaiknya. Admin senang bisa kenal Kakak lewat ulasan ini. Jangan lupa, beli token listriknya via PLN Mobile aja ya, lebih praktis dan aman pastinya Semoga Kakak selalu dalam keberuntungan. :) -AL
",2025-10-26 09:08:41,5.2.75,aplikasinya sangat terbaik karena sangat membantu pelanggan dalam hal kelistrikan
c3d75ecb-9ffc-42c1-b763-399d3b3a28f1,aducir cijorethea,https://play-lh.googleusercontent.com/a-/ALV-UjXVlBF3p_P3hEWF5R-tJ-ul8Fp3s5szv8Yn3Cdi2oHlGjzg1xMh,sangat membatu buat isi ulang daya motor maupun buat beli token rumah jdi lebih mudah,5,0,5.2.75,2025-12-08 07:19:01,"Wah, mimin seneng banget baca ulasan dari Kk. Terima kasih ya udah jadi bagian dari pelanggan digital kami. Mimin akan terus memberikan pelayanan terbaik dan praktis untuk pelanggan lewat platform digital yg ada. Jgn lupa ajak bestie kamu ya buat download PLN Mobile. :) -FE",2025-12-09 00:55:22,5.2.75,sangat membatu buat isi ulang daya motor maupun buat beli token rumah jdi lebih mudah
b5d5f70c-a8f5-4c4f-ad7d-dbaca47580d9,Sanip Dewa,https://play-lh.googleusercontent.com/a/ACg8ocLiOLqTYXzVZAL_6o4yjh6LI1PAHR54om6CAfeck_osROKs1w=mo,cepet dan memudahkan banget,5,0,5.2.75,2025-12-08 07:18:32,"Selamat pagi Kak Sanip, makasih ya untuk ulasan yang diberikan. Dengan apk ini, semua kebutuhan listrik jd makin praktis. PLN Mobile hadir utk pelanggan biar lebih hemat waktu dan tenaga. Ajak teman Kk yuk buat download dan jadi pengguna setia PLN Mobile. Have a nice day. :) -FE",2025-12-09 00:54:31,5.2.75,cepet dan memudahkan banget
edfc01d4-d1ca-44c6-96c0-566b273b23ac,Ofi Ajah,https://play-lh.googleusercontent.com/a-/ALV-UjWW9wJQ5q_hxkoOONqvNTdjryP4sDGBsTLUfZI6XvmBcSHaf1WC,trimakasih pln ULP lemah abang,5,0,5.2.75,2025-12-08 07:18:15,"Halo Kak Ofi, terima kasih ya utk support dan apresiasinya. PLN Mobile hadir buat kasih solusi terbaik atasi masalah kelistrikan. Kalau ada yg harus ditindaklanjuti, langsung aja infokan lewat fitur pengaduan/ Live Chat yg ada di PLN Mobile ya. PLN Mobile siap kasih solusi terbaik buat kamu. :) -FE",2025-12-09 00:53:46,5.2.75,trimakasih pln ulp lemah abang
d04fd314-d7a5-49e3-a9fd-bb4280649974,Putri Auliyah Sani Putri,https://play-lh.googleusercontent.com/a-/ALV-UjVl65bjiIK1xOg8xS39vnPC4ZP9CAs-ksEUOLHqiP3PL9YygSXm,"Aplikasi PLN Mobile sangat berguna, bisa melakukan banyak hal dengan mudah",5,0,5.2.75,2025-12-08 07:17:56,"Mimin seneng banget sama ulasan yang Kak Putri kasih, thanks ya udah setia dengan layanan PLN Mobile. Kepercayaan yang Kk berikan bantu kami untuk terus memaksimalkan pelayanan kpd pelanggan. Semoga Kk terus mendapatkan kenyamanan saat menggunakan PLN Mobile ya. Jgn lupa ajak teman dan keluarga utk download PLN Mobile juga. Have a nice day. :) -FE",2025-12-09 00:52:40,5.2.75,aplikasi pln mobile sangat berguna bisa melakukan banyak hal dengan mudah
4c6146cb-89d7-473f-857b-0846efe3531d,nur hadi,https://play-lh.googleusercontent.com/a/ACg8ocJjn2TCIrze7tStqz7lM9D72GH6uVUjpnRgTytLU10mtbGNTg=mo,"pln mobile cukup membantu buat kebutuhan listrik sehari hari,mulai dari cek tagihan lsitrik,liat pemakain,sampai laporan gangguan sangat mudahn dengan aplikasi pln mobile",5,0,5.2.75,2025-12-08 07:17:54,"Halo Kak Nur Hadi, thanks ya udh sharing pengalaman pakai PLN Mobile. PLN Mobile merupakan aplikasi yg memberikan banyak solusi. Informasinya jelas dgn fitur yang beragam, membuat PLN Mobile cocok digunakan siapa saja yg membutuhkan solusi cepat dan tepat. Yuk, share pengalaman ini ke keluarga kamu & ajak mereka buat download PLN Mobile. :) -FE",2025-12-09 00:52:18,5.2.75,pln mobile cukup membantu buat kebutuhan listrik sehari hari mulai dari cek tagihan lsitrik liat pemakain sampai laporan gangguan sangat mudahn dengan aplikasi pln mobile
930573cf-76cd-46f2-a721-5bf682907a05,Fadjar Hartono,https://play-lh.googleusercontent.com/a-/ALV-UjVJXSKP_oQD7BiFv4gQCUVWAgQdkEREyu4Ci4v8kWFK78ioMi0d,"Aplikasi nya Sangat Mudah di gunakan...👍👍,",5,0,5.2.75,2025-12-08 07:17:41,"Siap Kak Fadjar, maaciiw ya udah puas gunakan PLN Mobile. Mau pasang listrik sementara buat Pesta? Langsung ajah daftar di PLN Mobile. Salam sehat selalu -MJ",2025-08-24 15:33:24,5.2.75,aplikasi nya sangat mudah di gunakan
955234ee-0c75-4256-9204-67197c399fdd,Bambang Danil,https://play-lh.googleusercontent.com/a/ACg8ocJz_h7CsAcsbG9Cfu8ogKwkm9YYA2J9bKXLCRyzIE-f5_bqlQ=mo,PLN HANDAL 👍,5,0,5.2.75,2025-12-08 07:16:36,"Wah, mimin seneng banget baca ulasan dari Kak Bambang. Terima kasih ya udah jadi bagian dari pelanggan digital kami. Mimin akan terus memberikan pelayanan terbaik dan praktis untuk pelanggan lewat platform digital yg ada. Kalo mau bayar tagihan atau beli token listrik, ga perlu lagi keluar rumah. Dengan PLN Mobile, semua bisa beres. :) -FE",2025-12-09 00:51:49,5.2.75,pln handal
99c475d6-e79b-4353-b597-d77de8ae0144,Hary Susanto,https://play-lh.googleusercontent.com/a/ACg8ocIxXzDJLh2mYCf1dSO90ZCTBwoG4A8fVtEO3FHJBR95aDLQ=mo,pln mobile sangat membantu masalah kelistrikan,5,0,5.2.75,2025-12-08 07:15:55,"Wih, makasih ya Kak Hary atas ulasan dan rating yang diberikan. Yuk nikmati fitur-fitur yang ada di PLN Mobile. Beli token, bayar tagihan sampai catat meter mandiri, semua bisa diakses dari rumah, enak banget kan. Ajak keluarga Kk utk download PLN Mobile juga ya. Semoga harinya menyenangkan. :) -FE",2025-12-09 00:51:07,5.2.75,pln mobile sangat membantu masalah kelistrikan
66cfc1f4-48dc-46d0-9235-65d42437cfcf,Jery l Maulana faqih,https://play-lh.googleusercontent.com/a/ACg8ocL301MKv9TLRLU4jnymmzfv9eX3jWSaBEtelsnHRQtOwrws0g=mo,pln terbaik,5,0,5.2.75,2025-12-08 07:14:00,"Makasih ya Kak Jery atas ulasan yang Kk berikan. PLN Mobile sajikan fitur beragam yg pastinya mudah diakses dalam satu genggaman. Kk juga bisa mendapatkan informasi terkait event terdekat & promo menarik dr PLN Mobile loh. Yuk, ajak teman dan sahabat terdekat kamu buat jd pengguna PLN Mobile. Tks. -FE",2025-12-09 00:50:19,5.2.75,pln terbaik
a67d55d8-6da3-48f9-abfa-befb24d76bbd,Eddy Nipu,https://play-lh.googleusercontent.com/a/ACg8ocIvTIhUP1X-m9Mp6U0i9bJ06BMl9IRcCdyl_JvXNO51URtHRQ=mo,aplikasi ini sangat memudahkan kita saat ada kendala listrik,5,0,5.2.75,2025-12-08 07:13:51,"Senangnya PLN Mobile udah jadi pilihan buat Kak Eddy, makasih ya udah jadi pengguna PLN Mobile. Nikmati terus fitur-fitur yang ada di PLN Mobile ya. Semua bisa diakses bahkan sambil rebahan di rumah. Ajak keluarga dan kerabat Kk juga ya utk download PLN Mobile. :) -FE",2025-12-09 00:49:44,5.2.75,aplikasi ini sangat memudahkan kita saat ada kendala listrik
0afa7d3c-4339-4e06-9eba-a6fe9ece1943,Mizan Dwi,https://play-lh.googleusercontent.com/a/ACg8ocIyrQZ7OehNoqD3Sy6oMZIQyIGqv0CbCRUlXATtYG-pF9dHmQ=mo,aplikasi yg TERBAIK👍💯,5,0,5.2.75,2025-12-08 07:13:18,"Yuhu, Mimin seneng deh kalo Kak Mizan suka sama aplikasi PLN Mobile. Gak perlu repot jauh-jauh utk beli token doang, bisa melalui aplikasi PLN Mobile loh. Trims ya Kak! -DL",2025-11-25 04:57:51,5.2.75,aplikasi yg terbaik
c2e54d29-f425-4160-9f8c-0f1102268cb1,Sugi Ono,https://play-lh.googleusercontent.com/a/ACg8ocIRkY1tTFd-7liS9WW8XP-f7SDaRavQFTzbUYMom6LDHu6y1w=mo,"PLN sutojayan sangat responsif,melayani dengam sepenuh hati",5,0,5.2.75,2025-12-08 07:12:58,"Halo Kak Sugi, mimin seneng banget deh liat ulasan dari Kk, makasih ya. Segala bentuk apresiasi jd motivasi buat kami utk trs memberikan pelayanan terbaik kpd pelanggan. Mimin akan trs mengoptimalkan apk layanan kelistrikan yg dpt memberikan kenyamanan utk pelanggan. Semoga pengalaman dgn PLN Mobile selalu menyenangkan ya. :) -FE",2025-12-09 00:48:54,5.2.75,pln sutojayan sangat responsif melayani dengam sepenuh hati
453eebe0-91d4-413c-9fe6-ea28b3a0f5d1,Sudarmanto Sudarmanto,https://play-lh.googleusercontent.com/a/ACg8ocKg7JDCtMpur7n1f6wb3kdvdqxUWT69Vj0lAc5kbZv_3N05hw=mo,Pelayanan PLN Lenteng Agung sangat membantu sekali,5,0,5.2.75,2025-12-08 07:12:36,"Pagi Kak Sudarmanto, terima kasih ya buat ulasan dan rating maksimal yg Kk berikan. PLN Mobile akan terus kasih kemudahan kepada pelanggan dalam hal kelistrikan. Fiturnya yang beragam dan mudah diakses, membuat aplikasi ini cocok utk digunakan yang ingin aktivitasnya jd lebih praktis. Semoga PLN Mobile bisa trs kasih solusi terbaik ya. :) -FE",2025-12-09 00:48:20,5.2.75,pelayanan pln lenteng agung sangat membantu sekali
89ac2629-3668-4d06-8ed5-7f4eff6db58e,Fahmi Rochmanita,https://play-lh.googleusercontent.com/a/ACg8ocJ0oUl8H8uDDxDAWojVJegumIDldzpys232xEOgLPmi-wl0Rg=mo,pln mobile sangat berguna👍👍dan terpercaya 💪💪,5,0,5.2.75,2025-12-08 07:12:15,"Halo Kak Fahmi, thanks ya buat penilaiannya, cus rekomendasi ke tmn2 kamu juga ya Kak buat gunain PLN Mobile. Mau pasang listrik sementara buat Pesta? Langsung ajah daftar di PLN Mobile. Stay healthy. -DL",2025-11-25 05:44:37,5.2.75,pln mobile sangat berguna dan terpercaya
39d7826a-ca87-475b-aa6a-14bf53718bef,Firanita Dewi,https://play-lh.googleusercontent.com/a/ACg8ocJhWsPSGeafDsHg0xtB-4l2RhaQgdRxB-WhnJmG1PPbxkJ3Ng=mo,"sekarang PLN mobile makin lengkap fiturnya, barusan beli token listrik jg mudah, isi 5ribu aja bisa, jadi makin sering transaksi pake PLN mobile",5,0,5.2.75,2025-12-08 07:11:51,"Wih, senangnya PLN Mobile udah jadi andalan Kak Firanita, makasih ya Kak. Nikmati terus yuk fitur-fitur yang ada di PLN Mobile. Semua bisa diakses bahkan sambil rebahan di rumah, enak banget kan. Ajak keluarga dan kerabat Kk juga ya utk download PLN Mobile. Semoga harinya menyenangkan. :) -FE",2025-12-09 00:47:22,5.2.75,sekarang pln mobile makin lengkap fiturnya barusan beli token listrik jg mudah isi 5ribu aja bisa jadi makin sering transaksi pake pln mobile
3b1699c9-e0c0-462d-97fb-18e119446759,Aldi Restiawan,https://play-lh.googleusercontent.com/a/ACg8ocLy8X-6PJ7mCenmw_HdWSGM26I8cNr7Lw_IAOteT57Gt2Ktyg=mo,aplikasi joss . .......,5,1,5.2.75,2025-12-08 07:11:51,"Yuhu, Mimin seneng deh kalo Kak Aldi suka sama aplikasi PLN Mobile. Ga usah risau, di aplikasi PLN Mobile bayar tagihan kini bisa sambil rebahan. Trims ya Kak -DL",2025-11-25 05:40:10,5.2.75,aplikasi joss
e577dd5b-1ec0-4f75-b157-23e79de72dff,Alek,https://play-lh.googleusercontent.com/a-/ALV-UjXDM4nzvu-8P1tlGkS3Pf0b1nL9RjmyZfHLOrsXXl2eROyvZomT,bagus,5,0,5.2.75,2025-12-08 07:11:43,Thx ya Kak Alek atas apresiasi yang diberikan utk PLN Mobile. PLN Mobile hadir utk kasih kemudahan bagi pelanggan urus kelistrikan. PLN Mobile akan terus berikan kenyamanan lewat fitur-fitur kekinian dan praktis. Cocok banget kan buat direkomendasiin ke teman dan keluarga Kk. Semoga harinya menyenangkan ya. :) -FE,2025-12-09 00:46:32,5.2.75,bagus
50344118-2c10-4bc2-b9da-17e835f8ae91,Nurul Suciramadhani,https://play-lh.googleusercontent.com/a/ACg8ocKrh7r5KbziZZzk4oDq7ZzY4Y-cp4kQZgXTkBQ0DaLbFhWmRA=mo,Sangat bagus dan sangat membantu,5,0,5.2.75,2025-12-08 07:11:21,"Kak Nurul, terima kasih ya untuk ulasan terbaiknya. PLN pastinya terus memberikan pelayanan yang semakin inovatif, efektif dan solutif. Jangan ragu buat ajak keluarga utk download PLN Mobile ya, di sana akan ada fitur-fitur menarik yg mudah diakses dan tentunya bermanfaat. Semoga sehat selalu. :) -FE",2025-12-09 00:46:00,5.2.75,sangat bagus dan sangat membantu
f9d03c13-0f2f-4228-8c42-f6b0bcbb66c8,selamat riadi,https://play-lh.googleusercontent.com/a-/ALV-UjXaSbfUoty-ENmdPMkMMuZFZ9xa_DrHUvpLTfQyfFCZcsnJw3c,"Aplikasi pelayanan PLN Mobile, semua jadi lebih mudah, PLN Mobile memang terbaik, joss👍",5,0,5.2.75,2025-12-08 07:11:20,"Siap Kak Riadi, tks ya Kak atas penilaian dan supportnya. Kami akan terus berusaha memberikan yg terbaik. Kamu bisa urus perihal kelistrikan lewat smartphone-mu, dari mana saja dan kapan saja via aplikasi PLN Mobile. :) -NP",2025-03-31 09:50:16,5.2.75,aplikasi pelayanan pln mobile semua jadi lebih mudah pln mobile memang terbaik joss
21acdaf0-4219-45f0-88a0-f42e34f294b4,iman nazwa,https://play-lh.googleusercontent.com/a/ACg8ocIRJUfQKyejEKlXG_fazUGDZgzlFvfBYFM4eGLnR2Pf-51JAQ=mo,pln mantap aplikasi sngt membantu respon cepat,5,0,,2025-12-08 07:11:11,"Halo Kak Iman, terima kasih udah kasih ulasan positif dan rating maksimal buat PLN mobile ya. Bicara soal kecepatan, PLN Mobile jawabannya. Dengan PLN Mobile, semua jadi makin praktis. Cus ajak teman-teman dan sahabat Kk buat jd pengguna PLN Mobile. Tks. -FE",2025-12-09 00:45:31,,pln mantap aplikasi sngt membantu respon cepat
522be2d4-408e-4d95-908f-73303e6506e9,Arsiah Ayu,https://play-lh.googleusercontent.com/a/ACg8ocI22Q_BFsmcKVwWeJ4_xsF5qkFzi4nL5hHcCX9QF3jFP6kahQ=mo,pelayanan cepat,5,0,5.2.75,2025-12-08 07:10:36,"Senangnya kalo PLN Mobile udah memudahkan aktivitas Kak Arsiah, terima kasih ya. PLN Mobile akan terus kasih kemudahan buat pelanggan dalam hal kelistrikan. Recommended banget nih buat keluarga Kk kalo butuh yg praktis. Salam sehat selalu. :) -FE",2025-12-09 00:45:03,5.2.75,pelayanan cepat
81ff7736-1062-4d9f-8333-a9e21a7e8937,Thomas Making,https://play-lh.googleusercontent.com/a/ACg8ocIcra4NA83G8_6Qj8o-iop4JXXKdgOh1xQAyI1xfb_K8UKh9w=mo,pln mobile hadir bs membantu kami .pengaduan dan fitur info promosi lbh mudah dapati di aplikasi pln mobile..,5,0,5.2.75,2025-12-08 07:10:00,"Hai Kak, mimin seneng deh kalo PLN Mobile udah memudahkan aktivitas Kak Thomas, terima kasih ya atas ulasannya. PLN Mobile akan terus kasih kemudahan buat pelanggan dalam hal kelistrikan. Recommended banget nih buat teman dan sahabat Kk kalo butuh yg cepat dan praktis. Have a nice day. :) -FE",2025-12-09 00:44:30,5.2.75,pln mobile hadir bs membantu kami pengaduan dan fitur info promosi lbh mudah dapati di aplikasi pln mobile
9e0d7409-b3eb-46bc-b658-9a6279be0ad9,Toip Toip,https://play-lh.googleusercontent.com/a/ACg8ocICigubtvjCws4WArDvqg3iKici_AbjIndGR6-vfR6gYXDljQ=mo,Dengan nya pLn mobile sya saat terbantu dengan pengaduan apa pun,5,0,,2025-12-08 07:09:52,"Terima kasih ya Kak, ulasan & rating yg Kk berikan bikin hari mimin jd makin semangat nih. PLN Mobile terus memberikan kenyamanan utk pelanggan dalam bertransaksi. Ga perlu repot lagi buat keluar rumah karena semua bisa dilakukan via smartphone dgn metode pembayaran yg tersedia. Yuk, rekomendasiin PLN Mobile ke teman & keluarga. :) -FE",2025-12-09 00:44:10,,dengan nya pln mobile sya saat terbantu dengan pengaduan apa pun
0f70768f-f2e3-46c3-a4b2-e013db2e807c,paul muhsin,https://play-lh.googleusercontent.com/a/ACg8ocIYLCS_MPN3afh4E0hpc2Kd2KjIO9CUadbbYkklwhEvmiR-dg=mo,lebih baik,5,0,5.2.75,2025-12-08 07:09:45,Terima kasih ya Kak Paul udah jadi pengguna PLN Mobile. PLN Mobile hadir buat kasih solusi yang cepat dan tepat utk atasi masalah kelistrikan. Ajak orang terdekat kamu yuk buat download PLN Mobile. Semoga harinya menyenangkan. :) -FE,2025-12-09 00:43:39,5.2.75,lebih baik
a2a58b88-1426-41c0-9604-8428929f7823,Utami Dewi,https://play-lh.googleusercontent.com/a/ACg8ocKrc-RYw1csvSOGPmpKZpkcHY5JQuqvV1zP3dnAkQAIgpvAbw=mo,"Memudahkan semua permohonan, pengaduan, catat meter dan pembayaran listrik🙏🏻.",5,0,5.2.75,2025-12-08 07:09:28,"Hi Kak Dewi, tks yaw udah kasih bintang 5. Kakak jg bisa urus perihal kelistrikan lewat smartphone-mu, dari mana saja dan kapan saja via aplikasi PLN Mobile. Salam sehat selalu -AS",2025-04-02 18:02:02,5.2.75,memudahkan semua permohonan pengaduan catat meter dan pembayaran listrik
ee82e44e-7a57-4749-b392-b5fbc4c27f12,MI_ SYAHRUR NISFU SYAFAAT,https://play-lh.googleusercontent.com/a/ACg8ocL888PMp18YdwUYqqYlPZ0jBcIhJ6b08P1mTqWODhfuMPu7uA=mo,BAIK SEKALI,5,0,5.2.75,2025-12-08 07:09:26,"Halo Kak Syahrur, makasih buat ulasannya ya, wah semoga pengalaman menggunakan PLN Mobile selalu menyenangkan ya Kak. Ditunggu update info dan promo lainnya nanti ya. Ayo ajak keluarga/teman/kerabat untuk mendownload PLN Mobile dan nikmati kemudahannya. Salam sehat selalu. :) -MF",2025-07-16 08:18:00,5.2.75,baik sekali
ab3f384c-ac7f-453b-808f-ceb8bcc73273,Endik Cahyo,https://play-lh.googleusercontent.com/a/ACg8ocKn_dU2FziOb2aWJjNjJqkXAMqOvM4qUSeNpNAmNNYQ9sBYbA=mo,sangat membantu dan mempermudah sebagai pelanggan tentang kelistrik an,5,0,5.2.75,2025-12-08 07:09:20,Terima kasih banyak Kak Endik atas rating dan ulasannya yang bikin semangat. Senang banget PLN Mobile bisa jadi andalan buat semua kebutuhan listrik. Hidup makin mudah di ujung jari. Jangan lupa ajak orang terdekat download juga yaa. Sehat dan bahagia selalu. -YA,2025-09-18 06:32:42,5.2.75,sangat membantu dan mempermudah sebagai pelanggan tentang kelistrik an
0882677d-3148-4baf-982f-e42f9464e31f,Andik Kmp,https://play-lh.googleusercontent.com/a/ACg8ocIaRi4YjUdk78xGkDX4Tq76AyMg_u8zDxVCrvFgaS2qE-8Mew=mo,PLN mobile sangat membantu,5,0,5.2.75,2025-12-08 07:08:58,"Makasih banget, Kak Andik udah puas gunain PLN Mobile. Aplikasinya memang dibuat agar semua pelanggan merasa dimudahkan. Share ke temen kamu juga donk, biar ikutan download. Stay Healthy -SU
",2025-09-16 02:46:22,5.2.75,pln mobile sangat membantu
ba02519c-b5aa-4c7b-8223-b55f05c462cb,Edi Priono,https://play-lh.googleusercontent.com/a-/ALV-UjXLC1cepVg3dfNNmniiGe89Gt_AD_rDyMtN4jEbOaaOApAqGF8N,"sangat bermanfaat sekali memiliki aplikasi PLN mobile mudah bayar listrik ,beli token dan laporan gangguan",5,0,5.2.75,2025-12-08 07:08:06,"Kak Edi, tks utk apresiasi yg diberikan. Rasa senang Kk dgn adanya layanan digital PLN ini jd inspirasi & motivasi PLN utk trs bergerak ke arah yg semakin baik serta positif, trs melangkah maju agar lbh bnyk lg manfaat yg bs dirasakan semua kalangan. Jgn lewatkan promo yg tersedia & pantau jg event2 menarik di PLN Mobile ya. Sehat selalu. :) -MF",2025-12-08 08:07:00,5.2.75,sangat bermanfaat sekali memiliki aplikasi pln mobile mudah bayar listrik beli token dan laporan gangguan
152a412a-4c9f-4fda-811f-dfe95c3bd428,Doni Arindo Prasetiyo,https://play-lh.googleusercontent.com/a-/ALV-UjXckTjPIQpy_Cse7igHidA4-eiGOGyKCoL21Crmn7VCXwApAkI,Terima kasih sangat membantu pln mobile melayani dengan baik melalui aplikasi ini pelayanan jadi lebih cepat dan akurat,5,0,5.2.75,2025-12-08 07:07:24,"Hai Kak Doni, Waaah banget nih penilaian sama reviewnya. Ingin tau biaya Pasang Baru, klik ajah menu simulasi biaya di PLN Mobilemu, semua makin mudah. Stay Healthy -HZ",2025-08-14 09:26:07,5.2.75,terima kasih sangat membantu pln mobile melayani dengan baik melalui aplikasi ini pelayanan jadi lebih cepat dan akurat
f5c6323d-0b08-4177-b5fc-ef3da90fccdc,Al Ridho putra,https://play-lh.googleusercontent.com/a-/ALV-UjWDKMEi5vmQVYb8w-5bwZTjpOa000e-YrFoTgQ5cvOQlEpxZhY,aplikasi cepat dan pengisian token dengan admin yang murah,5,0,5.2.75,2025-12-08 07:07:20,"Hai Kak Ridho. Sebelumnya mimin ingin berterima kasih pd Kk buat apresiasi yg diberikan. Jgn lupa di ajak jg kerabatnya buat pakai PLN Mobile ya Kak. PLN selalu hadirkan platform terbaik dgn menciptakan produk layanan yg handal, solutif & makin efisien serta trs melangkah maju dlm memberikan manfaat terutama di era digitalisasi. :) -MF",2025-12-08 08:06:32,5.2.75,aplikasi cepat dan pengisian token dengan admin yang murah
fa87ac67-08d8-41f9-983a-8dcce198263b,Sutri Yono,https://play-lh.googleusercontent.com/a-/ALV-UjV8zUhjnWtEPC9y2zGz828VmhNbYpJ0DSthZx_RoJGLxQU9SYjL,"oke, baik",5,0,5.2.75,2025-12-08 07:07:16,"Yuhu Kak Sutri, terima kasih sudah memberikan rating cantiknya untuk aplikasi PLN Mobile. Ayo ajak keluarga Kk juga buat download PLN Mobile dlm mengurus kebutuhan listrik rumah. Disana tentu Kk bisa juga dapat informasi & Promo PLN hanya dengan rebahan, loh. Have a nice day. :) -MF",2025-12-08 08:06:24,5.2.75,oke baik
53a812ee-f1e9-46da-b120-97c638895e25,Mebrian Tama,https://play-lh.googleusercontent.com/a/ACg8ocJF3kkZQQ5PleeRzlG3AY4TV8J1b2Np26JC_axXa245umm9zA=mo,untuk pengajuan pasang baru sangat cepat,5,0,5.2.75,2025-12-08 07:07:03,"Halo Kak Mebrian. Wah senangnya dpt review positif dr Kk, thanks ya. Tentu PLN selalu hadirkan platform terbaik dgn menciptakan produk layanan yg handal, solutif & makin efisien serta trs melangkah maju dlm memberikan manfaat terutama di era digitalisasi. Kuy, diajak jg kerabatnya buat pakai PLN Mobile. Sehat selalu yah. :) -MF",2025-12-08 08:06:15,5.2.75,untuk pengajuan pasang baru sangat cepat
bbd90bf0-a230-466e-a0e0-87f0c60a7c6a,Lina Hokon,https://play-lh.googleusercontent.com/a/ACg8ocJ4KA9XCpn4f5QJjomyPNwm4ozIm2xI4I98lmWjm3wKy2upsg=mo,sangatt sukaa fitur²terbarunya PLN Mobile the best poll🥰😍😍,5,0,5.2.74,2025-12-08 07:07:00,"Hai Kak Lina, mimin ucapkan terima kasih buat rating terbaiknya. Pastinya PLN senantiasa memberikan layanan-layanan yg semakin inovatif, efektif serta solutif. Segera ajak kerabat serta keluarganya jg utk menggunakan PLN Mobile dlm mengurus segala kebutuhan listrik rumah. Sukses selalu Kak. :) -MF",2025-12-08 08:06:10,5.2.74,sangatt sukaa fitur terbarunya pln mobile the best poll
c67e21a3-433c-4dc8-9eaa-fb575717d55d,Alang Kwok,https://play-lh.googleusercontent.com/a/ACg8ocILP9nmHGeOgx9p8FPknhcoWYNrzWnGYMe_BcShgeOjEJuiuA=mo,sangat memuaskan,5,0,5.2.75,2025-12-08 07:06:54,"Hallo Kak Alang, wah mimin turut bersuka cita ya & thanks jg buat feedback, serta bintang 5 nya. Semoga pengalaman menggunakan layanan digital PLN ini senantiasa menyenangkan buat Kk & jg makin membantu pelanggan dgn maksimal dlm memenuhi kebutuhan kelistrikannya. Yuk, jgn lupa diajak temen2 Kk utk menggunakan PLN Mobile. Sukses selalu ya. :) -MF",2025-12-08 08:06:01,5.2.75,sangat memuaskan
32d5cd0b-d27d-44bf-b528-12a742917988,Agus Santoso,https://play-lh.googleusercontent.com/a/ACg8ocK-1C-uBfN2ope8z4treUeoV1bEHtBttUEUpWPvfnHG1-1OLA=mo,aplikasi joss,5,0,,2025-12-08 07:06:35,"Hai Kak Agus. Mimin seneng deh kalo Kakak suka, apalagi sdh terbantu dgn adanya aplikasi PLN Mobile. Yuk nikmati juga berbagai fitur yg tersedia di layanan digital PLN ini, karena semua semakin mudah dalam satu genggaman aplikasi. Praktis bangetkan. Yuk, di update jg ke versi terbaru PLN Mobile nya ya. Have a nice day Kak. :) -MF",2025-12-08 08:05:29,,aplikasi joss
909b48d6-4621-4e31-80a8-1238b9654ae6,Aditya Fajar,https://play-lh.googleusercontent.com/a/ACg8ocIMUyQk3171TztytZpH4rL95E_LafUDzcfTLMc5W5feVtF5oQ=mo,SHESSSHH,5,0,5.2.75,2025-12-08 07:06:14,"Hai Kak Aditya, thanks ya buat penilaiannya, semoga semakin setia menggunakan PLN Mobile. Keluargamu males buat keluar rumah hanya untuk bayar tagihan listrik, kuy rekomendasiin buat gunain PLN Mobile. Sukses buat Kakak yah -JA",2025-09-12 09:15:07,5.2.75,shessshh
0000d640-08b2-440b-bbaf-c69c1f16aa7f,Parman Lorok,https://play-lh.googleusercontent.com/a/ACg8ocJv9A092boNSv4NvwYysl-x0nZKJH-SRSDrXvoH67EbwMjXGQ=mo,PLN mobil sangat membantu,5,0,5.2.75,2025-12-08 07:05:46,"Hai Kak Parman. Mimin seneng deh kalo Kakak suka, apalagi sdh terbantu dgn adanya aplikasi PLN Mobile. Yuk nikmati juga berbagai fitur yg tersedia di layanan digital PLN ini, karena semua semakin mudah dalam satu genggaman aplikasi. Praktis bangetkan. Yuk, di ajak jg kerabat Kk buat pakai PLN Mobile ya. Have a nice day Kak. :) -MF",2025-12-08 08:05:21,5.2.75,pln mobil sangat membantu
5d3df6e0-770c-41bf-b730-1daeabf79861,Ageng Sulistiono,https://play-lh.googleusercontent.com/a-/ALV-UjWY5AeCsLrEkBg2Js3grY3AOGW-J9jXy9L2zLjXhOYqeOxNpFPE,"respon baik, pelayanan gangguan cukup cepat",5,0,5.2.75,2025-12-08 07:05:40,"Hai Kakak Ageng, Tengkyu ya Kakak penilaiannya buat PLN Mobile. Kak, tau ga sih, PLN Mobile sekarang udah bisa beli kebutuhan sehari hari lho, yuk kepoin di Marketplace, cus belanja. Salam PLN Terbaik. –HY
",2025-08-15 03:59:47,5.2.75,respon baik pelayanan gangguan cukup cepat
e4878743-6158-4755-a11c-5ff2b0cbce35,Ans23 Krisna,https://play-lh.googleusercontent.com/a-/ALV-UjXkn1RIoI2Ie9I7MRJKTw7TS00M0jE61hV-iuR6OaYWVAInrbHl,Nice app. sangat membantu,5,0,5.2.75,2025-12-08 07:04:16,"Terima kasih buat penilaiannya. Moga PLN Mobile bisa membantu Kakak memberikan info dan promo PLN ya. Kalo ada pertanyaan mengenai PLN bisa menghubungi Kami melalui fitur chat di https://web.pln.co.id/. Have a nice day. -SM
",2025-03-30 04:30:15,5.2.75,nice app sangat membantu
035e7197-e2af-43b9-bcbf-5c768ae50a82,Febrianti Yolanda,https://play-lh.googleusercontent.com/a/ACg8ocLAPcG1mYI0L1SFBxIhVwwSFe9U1_vcsDo1S9NAx-n_XBXmGQ=mo,memberikan solusi yang terbaik bagi kami pengguna listik,5,0,5.2.75,2025-12-08 07:03:39,"Yuhu Kak Febrianti. Thanks yah buat bintang cantik & juga apresiasinya, semoga Kk selalu nyaman serta makin setia dalam menggunakan PLN Mobile. PLN Mobile anti ribet, yok rekomendasikan ke teman serta kerabatnya untuk download layanan digital PLN ini sekarang juga. Mimin tunggu ya Kak, sehat selalu. :) -MF",2025-12-08 08:05:05,5.2.75,memberikan solusi yang terbaik bagi kami pengguna listik
00fe90e5-4b81-457f-9971-3d87886f96cd,Diki Syah,https://play-lh.googleusercontent.com/a/ACg8ocJpaw50HWc35-eGRcVhym8Y9On-ghBjJEVtUMAsPW70fj5O5g=mo,pelayanan sangat cepat,5,0,,2025-12-08 07:00:22,"Hai Kak Diki, thanks buat ulasan terbaiknya. Tentu PLN selalu hadirkan platform terbaik dgn menciptakan produk layanan yg handal, solutif & makin efisien serta trs melangkah maju dlm memberikan manfaat terutama di era digitalisasi. Yuk, rekomendasikan & ajak keluarga Kk jg buat pakai PLN Mobile. Sukses selalu yah. :) -MF",2025-12-08 08:04:46,,pelayanan sangat cepat
1504449c-542b-4553-a096-5b1e5ad8bbf2,Keinara Raveena giani,https://play-lh.googleusercontent.com/a/ACg8ocKpLBTsG884uWzRfZmiJxlaI6GySZhPFJgfKRP8lHMC7HaFYw=mo,"cepat,ringan, dan fitur lengkap. udah paling pas untuk kebutuhan sehari-hari.",5,0,,2025-12-08 07:00:14,"Halo Kak Keinara. Thanks yah buat bintang & juga apresiasinya, semoga Kk selalu nyaman serta makin setia dalam menggunakan layanan digital PLN. PLN Mobile anti ribet, yok diajak teman serta kerabatnya untuk download layanan digital PLN ini sekarang juga. Mimin tunggu ya Kak, sehat selalu. :) -MF",2025-12-08 08:04:17,,cepat ringan dan fitur lengkap udah paling pas untuk kebutuhan sehari hari
14a1df62-86fb-46da-bdca-083e07387cbb,Anton Hariyanto,https://play-lh.googleusercontent.com/a-/ALV-UjUo4vR4s1Lg4_2KiPizb8YjffE8I9VwkwWsZi39wmuHHbvMW7M,"aplikasi yg sangat bermanfaat, Terkadang ada kemudahan pembayaran dengan biaya admin terjangkau atau promo cashback😍",5,0,,2025-12-08 06:59:30,"Hai Kak Anton. Wah senangnya dpt review positif dr Kk, thanks ya. Semoga Kk makin nyaman dlm menggunakan layanan digital PLN ini. Bila perlu info & bantuan mimin, Kk tinggal sampaikan melalui fitur Pengaduan yg sdh mimin sediakan di apk. Jgn lupa ajak kerabat & teman-teman Kk utk download PLN Mobile & nikmati kemudahannya ya. :) -MF",2025-12-08 08:03:48,,aplikasi yg sangat bermanfaat terkadang ada kemudahan pembayaran dengan biaya admin terjangkau atau promo cashback
d847460b-44fe-47aa-94bc-86c77929d7a5,Endang Sumarsono,https://play-lh.googleusercontent.com/a-/ALV-UjW0MTFx9V0lNVuhzJOrdFseh-Vu1iR5nqOUwDKikC9soHbMl2rS,mempermudah untuk pengajuan tambah daya,5,0,5.2.75,2025-12-08 06:59:27,"Halo Kak Endang. Mimin seneng deh kalo Kakak suka sama aplikasi PLN Mobile. Yuk nikmati juga berbagai fitur yg tersedia di layanan digital PLN ini, karena semua semakin mudah dalam satu genggaman aplikasi. Praktis bangetkan. Sekalian ajak jg kerabatnya buat pakai PLN Mobile yah. Have a nice day Kak. :) -MF",2025-12-08 08:03:32,5.2.75,mempermudah untuk pengajuan tambah daya
b4cd293b-d26a-464a-881e-ece221821676,dio afrianto,https://play-lh.googleusercontent.com/a-/ALV-UjXXPV72Gcl5KKgg0g3zJOI4_L1oRaHO0fcEb5l3Upnbc6qur4Hvfw,Aplikasi yg berguna.. dan mudah di gunakan tidak ribet..,5,0,5.2.75,2025-12-08 06:58:03,"Hai Kak Dio, thanks ya buat bintang cantik & apresiasi yg diberikan terhadap layanan digital PLN. Di era perkembangan digital, pastinya PLN Mobile mimin hadirkan sbg platform dlm memenuhi semua keperluan listrik rumah agar makin mudah hanya dlm 1 genggaman apk. Yuk, diajak jg kerabatnya buat pakai PLN Mobile. Sukses selalu Kak. :) -MF",2025-12-08 08:03:26,5.2.75,aplikasi yg berguna dan mudah di gunakan tidak ribet
24098b8a-3ee0-4e6c-9bb8-f1466c99ffb1,hengki,https://play-lh.googleusercontent.com/a/ACg8ocKWh_c1TPRXe-iZqc7fCiUkuhWNNQsNDQoACr8zFbmErwiG7g=mo,"cepat,ringan, dan vitur lengkap. udah paling pas buat kebutuhan sehari- hari.",5,0,5.2.75,2025-12-08 06:57:48,"Hai Kak Hengki, mimin ucapkan terima kasih jg atas apresiasi yg diberikan. Pastinya mimin berkomitmen serta konsisten utk selalu menghadirkan platform yg solutif dlm menjawab harapan2 pelanggan setia PLN Mobile. Yuk, langsung diajak kerabatnya buat pakai PLN Mobile dlm mengurus kebutuhan listrik rumah. Salam PLN Terbaik. :) -MF",2025-12-08 08:03:16,5.2.75,cepat ringan dan vitur lengkap udah paling pas buat kebutuhan sehari hari
2c486bf4-cbaf-436f-9012-3b8a5e09d512,Ninno El,https://play-lh.googleusercontent.com/a-/ALV-UjXf8lWTwaEWTqxrSy9XUJ4VsfVUmfHGwsPjD2THvXl7-H5ezQ2j,Alhamdulillah dengan adanya aplikasi ini sangat membantu masyarakat,5,0,5.2.75,2025-12-08 06:57:36,"Halo Kak Ninno, tks buat ulasan terbaiknya. Tentu PLN selalu hadirkan platform terbaik dgn menciptakan produk layanan yg handal, solutif & makin efisien serta trs melangkah maju dlm memberikan manfaat terutama di era digitalisasi. Jgn lupa ya Kak, diajak juga kerabat serta keluaganya utk menggunakan PLN Mobile. Have a nice day. :) -MF",2025-12-08 08:03:05,5.2.75,alhamdulillah dengan adanya aplikasi ini sangat membantu masyarakat
b6973a67-0666-4605-b2d6-3319a9d07515,Dedy Andrianto,https://play-lh.googleusercontent.com/a/ACg8ocIoLK4NRfIXzRKiJMrceH-kB_Rboc6JXiAQ7t4fH_gFF9ZQrA=mo,sangat membatu,5,0,5.2.75,2025-12-08 06:57:28,"Hai Kk Dedy. Mimin senang sekali dgn apresiasi yg Kk berikan, thanks ya. Mimin tdk akan pernah berhenti utk selalu memberikan yg terbaik buat Kk, terutama dlm melayani kebutuhan listrik seluruh pelanggan. Jgn lupa ajak kerabat2 Kk jg buat download & pakai PLN Mobile. Semoga pengalaman bersama layanan digital PLN ini semakin menyenangkan. :) -MF",2025-12-08 08:02:51,5.2.75,sangat membatu
1d7d30f0-0ef2-486c-a230-88ed5627b782,adi raka,https://play-lh.googleusercontent.com/a/ACg8ocI77vIU9N43Op2Sj3VWxL5OJmi8ZC9fJYDWfrcoQvT3812iwA=mo,mempermudah kami membayar listrik dengan admin yang murah,5,0,5.2.75,2025-12-08 06:57:12,"Hai Kak Adi. Mimin senang sekali dgn apresiasi yg Kk berikan, thanks ya. Mimin tdk akan pernah berhenti utk selalu memberikan yg terbaik buat Kk, terutama dlm melayani kebutuhan listrik seluruh pelanggan. Kuyy, ajak jg keluarganya utk pakai PLN Mobile Kak. Semoga pengalaman bersama layanan digital PLN ini semakin menyenangkan. :) -MF",2025-12-08 08:02:46,5.2.75,mempermudah kami membayar listrik dengan admin yang murah
9af25968-8bda-45e0-8990-f023a9309101,Ervila Reba,https://play-lh.googleusercontent.com/a-/ALV-UjW2lgOBVOLrjcUWt0ESxK3jDQ2JPBDoWmPI1AkjfQfr9A4cT2bQ,"Yuk Gunakan Aplikasi ini Mudah Untuk Transaksi Pembayaran Listrik , PB,PD dll 🥰🥰 Ayok Download PLN Mobile Mantap Amole Meno 🥳.",5,0,5.2.75,2025-12-08 06:57:10,"Hallo Kak Ervila, terima kasih sudah memberikan rating cantiknya untuk aplikasi PLN Mobile. Ditunggu update info dan promo lainnya ya Kak, dapat dilihat di menu Promosi & Informasi. Salam sehat selalu -IF
",2025-08-11 02:13:02,5.2.75,yuk gunakan aplikasi ini mudah untuk transaksi pembayaran listrik pb pd dll ayok download pln mobile mantap amole meno
55b14758-0058-426a-b50c-68f5f283efaf,Ilhamsyah Chandra,https://play-lh.googleusercontent.com/a/ACg8ocLQ6UXvZo5eoxs5-vDWA7mjUv6WCySRaBG1hiWm6bBG7yAb-Q=mo,pelayanan cepat dan mudah,5,0,,2025-12-08 06:56:39,"Halo Kak Ilhamsyah, terima kasih jg buat bintang 5 nya ya. Tentu PLN selalu hadirkan platform terbaik dgn menciptakan produk layanan yg handal, solutif & makin efisien serta trs melangkah maju dlm memberikan manfaat terutama di era digitalisasi. Semoga pengalaman menggunakan PLN Mobile selalu menyenangkan ya Kak. Sehat selalu. :) -MF",2025-12-08 08:02:30,,pelayanan cepat dan mudah
1b0c6d57-bd86-44a1-815f-622a3d600fa7,diksza latief,https://play-lh.googleusercontent.com/a/ACg8ocI9xTKGl4cew2qFQWHmR916G3IfDVFpk2nW6W-_yH6N0w0gbAVe=mo,"Aplikasi mudah, kapanpun dan dimanapun bisa digunakan",5,0,5.2.75,2025-12-08 06:56:23,"Terima kasih, Kak Latief. Senang dengar PLN Mobile bisa jadi solusi. Mau pasang baru, ubah daya, sampai cek pemakaian? Semua tinggal klik. Rekomendasiin ke temen dan kerabat Kk utk install PLN Mobile yuk. :) -YA",2025-11-05 13:27:19,5.2.75,aplikasi mudah kapanpun dan dimanapun bisa digunakan
e7b16fd5-6cb2-46ea-ab37-5eae14b7e854,radit fikola,https://play-lh.googleusercontent.com/a/ACg8ocK7AkX3UehjmX5f-BSYP_lf-2wMRvwjqzNx_dCSPZohbvTW-w=mo,"PLN mobile ini sangat membantu dan mempermudah semua perkejaan ,dan PLN mobil bisa mengisi token ,sempat punya problom ketika pembelian token,lapor ke cs sama via email,proses penanganan sangan cepat dan bagus",5,0,,2025-12-08 06:55:33,"Hai Kk Radit, tentu PLN Mobile mimin hadirkan demi menjawab harapan & memenuhi kebutuhan listrik Plgn. Hal ini diharapkan supaya Plgn & khususnya Kk jg memiliki kanal yg lbh cepat dlm berinteraksi dgn PLN dimanapun, serta makin mudah hanya dlm 1 genggaman. Yuk, ajak bestinya jg buat menggunakan layanan digital PLN. Thanks, sukses selalu Kak. :) -MF",2025-12-08 08:02:10,,pln mobile ini sangat membantu dan mempermudah semua perkejaan dan pln mobil bisa mengisi token sempat punya problom ketika pembelian token lapor ke cs sama via email proses penanganan sangan cepat dan bagus
1db8785f-c19a-4046-b2c8-ec3d4fa1dd9e,RUDY SANTOSO,https://play-lh.googleusercontent.com/a/ACg8ocIt2Rq-0ce3iU9hNmh3qpyA4obzEntNi76ZimvxVBUmRqumZQ=mo,Mempermudah pengguna EV,5,0,5.2.75,2025-12-08 06:55:13,"Hai kak Rudy, Makasih yaa buat review & rating bintang 5 nya Mimin senang banget. Buruan ajak besti kamu download PLN Mobile, lagi banyak promo tambah daya looh. Stay safe ya -FT
",2025-08-14 02:41:23,5.2.75,mempermudah pengguna ev
4a864306-7db5-4bf0-bba8-1912540ca4fe,Imtachan Assaich,https://play-lh.googleusercontent.com/a-/ALV-UjVIQvqe0XHkgN3zwUb1gcqwtznTA7sfxYegZRbxgJJqtS1Msjq3,Pelayanan sangat baik,5,0,5.2.75,2025-12-08 06:54:56,"Hai Kak Imtachan, makasih buat bintang cantik & feedbacknya ya. Semoga PLN Mobile bisa meningkatkan kemudahan dalam melayani pelanggan & khususnya buat Kk ya. Yuk buruan ajak kerabat Kk jg buat download PLN Mobile, serta nikmati jg berbagai Event & Promo yg berlangsung kini. Sukses selalu untuk Kakak yah. :) -MF",2025-12-08 08:01:57,5.2.75,pelayanan sangat baik
0c83996c-a94d-4335-ab7b-8beee726e499,sari yanto,https://play-lh.googleusercontent.com/a/ACg8ocJGa2TUGLYV5mm2BaOpuXK_j0fg9j2f-eFy3mAsYCF1VzBoDw=mo,MASALAH LISTRIK? PAKAI PLN MOBILE AJA 👍👍👍👍👍,5,0,5.2.75,2025-12-08 06:54:43,"Halo Kak Sari, tks untuk rating cantiknya. Ga usah risau, lapor kendala listrik, langsung aja dari PLN Mobile. Praktis banget kan. :) -SU
",2025-09-16 02:48:44,5.2.75,masalah listrik pakai pln mobile aja
fc63deec-81b5-4734-8270-74717990060c,yogi julrifai,https://play-lh.googleusercontent.com/a/ACg8ocJ_WVcJdD6RpTfsUOkw5TlcCxq2Pmnc2_fWNlyhKIX58exUiw=mo,apliksi mudah dan cepat,5,0,5.2.75,2025-12-08 06:54:20,"Halo Kak Yogi, mimin seneng deh kalo Kk sdh terbantu dgn adanya PLN Mobile. Nikmati jg berbagai fitur yg ada ya Kak & pastinya semua makin praktis dalam satu genggaman aplikasi. Yuk, rekomendasikan ke temen & keluarga Kk buat menggunakan layanan digital PLN ini. Terima kasih jg buat bintang cantiknya ya Kak. Salam PLN Terbaik. :) -MF",2025-12-08 08:01:48,5.2.75,apliksi mudah dan cepat
2584af19-ab7a-44c0-a0d4-b7696aa7c6c3,Hazi Qudsyia,https://play-lh.googleusercontent.com/a-/ALV-UjULX0sJcYcZ7rj_N9F82bpb40EY5y6E4e1H1W-IokG2L0qMT57J,PLN Mobile👍,5,0,5.2.75,2025-12-08 06:54:19,"Hai Kak, makasih buat bintang 5 nya ya & admin senang mendengar apresiasi yg Kk berikan. Semoga dgn adanya layanan digital PLN ini bisa meningkatkan kemudahan melayani pelanggan hanya dalam satu genggaman apk. Buruan ajak kerabatnya jg untuk download PLN Mobile dalam mengurus kebutuhan listriknya ya. Sukses buat Kk Hazi & sehat selalu yah. :) -MF",2025-12-08 08:01:42,5.2.75,pln mobile
75db8169-e907-4ca1-94d2-e357ba62dbde,Amiruddin Mukhamad,https://play-lh.googleusercontent.com/a/ACg8ocKbNLg-zXb4lVrn8AKskuOP_xiEK1yAplcAC1r30BhsMMQcJg=mo,Mantap PLN 👍👍👍,5,0,5.2.75,2025-12-08 06:54:07,"Hi Kak Amiruddin, waah makasih ya buat feedback dan bintang 5 nya. Ayo ajak keluargamu download PLN Mobile. Kamu bisa dapat informasi dan Promo PLN hanya dengan rebahan, loh. Trims ya Kak. -LA",2025-09-12 20:11:49,5.2.75,mantap pln
17c17e6c-2f4e-4a4f-a0bb-884518eea862,Yusmarni Yusmarni,https://play-lh.googleusercontent.com/a/ACg8ocJh0nuIFNo-Y2VCzZtObFWJ3DV_5btvOUFhlJdO7Cjm13M5Dg=mo,"aplikasi ini sangat bagus,,banyak info ttg pln dr aplikasi ini..",5,0,5.2.75,2025-12-08 06:53:49,"Halo Kak Yusmarni. Dengan adanya layanan digital PLN ini sbg wadah buat pelanggan dlm berinteraksi dgn PLN & jg bertransaksi dimanapun makin simple, serta terjangkau. Yuk, diingatkan jg kerabat & keluarga Kk utk menggunakan PLN Mobile terutama dlm mengurus kebutuhan listrik rumah hanya dlm 1 genggaman apk. Thanks, sukses selalu ya Kak. :) -MF",2025-12-08 08:01:27,5.2.75,aplikasi ini sangat bagus banyak info ttg pln dr aplikasi ini
5c4dfc31-a6e6-4c95-bdc1-2d49b171ad36,Rudi Hadi,https://play-lh.googleusercontent.com/a/ACg8ocIRKzBBrT6UUecRerShWa7G4qDtQFgoFit4OVgXFjr20QHBoQ=mo,pelayanan cepat dan muda,5,0,5.2.75,2025-12-08 06:53:05,"Hai Kak Rudi, thanks juga ya buat rating 5 nya utk layanan digital PLN. Di era perkembangan digital, pastinya PLN Mobile mimin hadirkan sbg platform dlm memenuhi semua keperluan listrik rumah agar makin mudah hanya dlm 1 genggaman aplikasi. Jgn lupa ya Kak, rekomendasikan juga kpd keluaga Kk utk menggunakan PLN Mobile. Have a nice day. :) -MF",2025-12-08 08:01:10,5.2.75,pelayanan cepat dan muda
dd164483-7c4e-446f-9749-be9cd4010f3b,Nikko Arganata,https://play-lh.googleusercontent.com/a/ACg8ocIRbilD9YMuuLXmNC0BZUF75Ob2EouL1_cmMAfjqVLxus48ag=mo,PLN semakin didepan,5,0,5.2.75,2025-12-08 06:52:39,"Bisa aja nih Kak Nikko. Btw makasih ya Kak untuk feedbacknya. Ga perlu repot jauh-jauh utk beli token doang, bisa melalui aplikasi PLN Mobile. Stay Healthy -VC
",2025-11-26 09:59:28,5.2.75,pln semakin didepan
2b3e5e0e-7670-447d-9330-dacdef64a0cc,Giyono Giy,https://play-lh.googleusercontent.com/a-/ALV-UjX1bzhNus8t8SCt7lXasBU9t0TkOe2WU5nbWorWviqpKDukDUet,tingkatan pelayanan lebih baik.. ok,5,0,5.2.75,2025-12-08 06:50:52,"Hi Kak Giyono, Makasih yaa buat reviewnya. Undang dan dapatkan kupon undian berhadiah setiap mengajak temanmu bergabung dengan kode referallmu ya. Stay safe ya -VC
",2025-08-13 23:08:40,5.2.75,tingkatan pelayanan lebih baik ok
16ae6849-a6c9-4de0-849d-10f683c6998b,arif darmawanto,https://play-lh.googleusercontent.com/a-/ALV-UjVqbDRJf4ECr8Y5mFsViPfkBT5HGYV4oyPe5SzWZ6Zdl8mn-L4v,PLN Mobile Praktis dan mudah,5,0,5.2.75,2025-12-08 06:50:49,"Hallo Kak Arif, wah mimin turut bersuka cita ya & thanks jg buat feedback, serta bintang 5 nya. Kuyy, diajak juga besti Kk buat tambah daya di aplikasi PLN Mobile. Dipantau jg bila ada Promo yg menarik pd menu Event, serta Promosi & Informasi di beranda PLN Mobile. Semoga pengalaman bersama layanan digital PLN ini selalu menyenangkan ya. :) -MF",2025-12-08 08:01:03,5.2.75,pln mobile praktis dan mudah
9c458ab1-8a0e-4e19-8934-7323fae2f5c9,dwi hadianto,https://play-lh.googleusercontent.com/a-/ALV-UjX6xlGThCAit73QRDNmV5NgoL-m1_oRfZSpld-Ou8tzJSeTapZX,"aplikasi terbaik, mudah dan cepat tanpa harus datang ke kantor PLN 👍👍👍👍",5,1,5.2.75,2025-12-08 06:50:29,"Kak Dwi. Tks ya Kak atas feedback dan supportnya. Kami akan terus berusaha memberikan yg terbaik. Ayoo beli token melalui PLN Mobile, kini makin mudah dan terjangkau. Kakak bisa beli token mulai dari 5.000 Rupiah saja. Stay safe ya -VC
",2025-11-26 10:03:00,5.2.75,aplikasi terbaik mudah dan cepat tanpa harus datang ke kantor pln
46f21644-c833-41e5-a381-1dfdface357a,Batik Melati,https://play-lh.googleusercontent.com/a/ACg8ocJ4WFF6dln3OgRK8ohUAWeSvWRI_zo3mz4Xm_ork2IyqwMEeA=mo,"pelayanan sangat baik respot cepat, dan petugas ramah gratis juga",5,0,5.2.75,2025-12-08 06:49:24,"Halo Kak Melati, mimin berterimakasih jg atas rating terbaiknya buat PLN Mobile ya. Semoga pengalaman menggunakan layanan digital PLN ini senantiasa menyenangkan buat Kk & jg makin membantu pelanggan dgn maksimal dlm memenuhi kebutuhan kelistrikannya. Yuk, jgn lupa diajak temen2 Kk utk menggunakan PLN Mobile. Sukses selalu ya. :) -MF",2025-12-08 08:00:57,5.2.75,pelayanan sangat baik respot cepat dan petugas ramah gratis juga
3fee68ef-913b-4ee3-a2e7-0e33297c13d1,aminullah,https://play-lh.googleusercontent.com/a-/ALV-UjXc-CXjzr-wFLwVdccXaXQoBL6KjpxdUmOACidBJZTZPadJXeRY,"alhamdulillah, aplikasi ini memudahkan saat pengaduan gangguan",5,0,5.2.75,2025-12-08 06:48:19,Siap Kak Aminullah. Makasih buat penilaiannya. Semoga PLN Mobile bisa meningkatkan kemudahan dalam melayani pelanggan PLN. Cus rekomendasi ke tmn2 kmu juga ya Kak buat gunain PLN Mobile. Have a great day -VC,2025-11-26 10:04:22,5.2.75,alhamdulillah aplikasi ini memudahkan saat pengaduan gangguan
6db75577-84b1-48f2-a592-d905282fc426,Andi Muhammad Yusuf,https://play-lh.googleusercontent.com/a/ACg8ocIcnGZRAdJJfxBEMaScvfeXDlluvOPheT49pFXG9LoznnyGOg=mo,Aplikasi PLN Mobile yang sangat membantu dan sangat cepat untuk pengaduan pelanggan dan permohonan tambah daya..,5,0,5.2.75,2025-12-08 06:48:07,"Hi Kak Andi , Wah seneng deh baca ulasannya. Ayo ajak keluarga/teman/kerabat untuk mendownload PLN Mobile dan nikmati kemudahannya. Sukses buat Kakak yah. -FIF
",2025-11-26 03:00:23,5.2.75,aplikasi pln mobile yang sangat membantu dan sangat cepat untuk pengaduan pelanggan dan permohonan tambah daya
8750b753-265a-460e-933c-13c34cf56fcc,Yoppy Wattimena,https://play-lh.googleusercontent.com/a/ACg8ocI0TDWDi-6GflAnUSJwKew34AkamdpfW9mYgX-hQTKs9QNeJQ=mo,pengaduan pambayaran listrik di pln mobile mudah,5,0,5.2.75,2025-12-08 06:48:02,"Halo Kak Yoppy, makasih buat ulasannya ya, wah semoga pengalaman menggunakan PLN Mobile selalu menyenangkan ya Kak. Ditunggu update info dan promo lainnya nanti ya. Ayo ajak keluarga/teman/kerabat untuk mendownload PLN Mobile dan nikmati kemudahannya. Salam sehat selalu. :) -MF",2025-12-08 08:00:46,5.2.75,pengaduan pambayaran listrik di pln mobile mudah
ed13ec88-afc4-4f69-adaa-f7c2d132e30c,hastuti825,https://play-lh.googleusercontent.com/a/ACg8ocJ87A37XfHGbtoobyzvDtjrCVjqIu03y50sU0LC96X5bxJE6Q=mo,Bisa mengetahui pemakaian melalui catat meter mandiri,5,0,,2025-12-08 06:47:37,"Yuhu Kak Hastuti, terima kasih sudah memberikan rating cantiknya untuk aplikasi PLN Mobile. Ayo ajak keluarga Kk, serta kerabatnya juga untuk download PLN Mobile ya. Pastinya Kk bisa dapat informasi dan Promo PLN hanya dengan rebahan, loh. Have a nice day. :) -MF",2025-12-08 08:00:42,,bisa mengetahui pemakaian melalui catat meter mandiri
be7a2d5b-3529-4449-9082-87d2ce45ae22,Rizky Setyawan,https://play-lh.googleusercontent.com/a-/ALV-UjUxFc7HBlEZPuSg43vq1ALjqYrbd3uiB8MbrYFI8p0iwksVDlns,semoga PLN semakin jaya,5,0,5.2.75,2025-12-08 06:47:22,Hallo Kak Rizky. Makasih buat penilaiannya. Semoga PLN Mobile bisa meningkatkan kemudahan dalam melayani pelanggan PLN. Ayo ajak keluarga/teman/kerabat untuk mendownload PLN Mobile dan nikmati kemudahannya. Stay safe ya. -MS,2025-03-31 10:43:44,5.2.75,semoga pln semakin jaya
6e817385-9e9f-4a04-a43b-d27cd747f522,Bella Yusnita,https://play-lh.googleusercontent.com/a/ACg8ocJ5dlyk7-RYE_eeTUKezBZZ6FqVbHbXY0CrqBrMOZ7d4QbEiw=mo,PLN semakin👍,5,0,5.2.75,2025-12-08 06:46:16,"Kak Bella, thanks buat ulasan terbaiknya. Tentu PLN selalu hadirkan platform terbaik dgn menciptakan produk layanan yg handal, solutif & makin efisien serta trs melangkah maju dlm memberikan manfaat terutama di era digitalisasi. Yuk, diajak kerabatnya untuk menggunakan PLN Mobile dlm mengurus kebutuhan listrik rumah. Sehat selalu. :) -MF",2025-12-08 08:00:33,5.2.75,pln semakin
da20e9d9-0441-4663-aacc-fd9051efdad9,Maulidi Hasbiya,https://play-lh.googleusercontent.com/a-/ALV-UjXzjyvha3O-ii5ypS8YrsDU8RovXsWz3FnWjEDbFsywaDHoRSo,"Mumudahkan penggunanya dengan fitur yg semakin lengkap, terbaik PLN 👍🏽👍🏽👍🏽",5,0,5.2.75,2025-12-08 06:45:58,"Bisa aja nih Kak Maulidi. Btw makasih ya Kak untuk feedbacknya. Ga perlu repot jauh-jauh utk beli token doang, bisa melalui aplikasi PLN Mobile. Stay Healthy -VC
",2025-11-26 10:04:01,5.2.75,mumudahkan penggunanya dengan fitur yg semakin lengkap terbaik pln
51f66e11-597a-42a4-9f87-3dba204f10bc,pejantan ponorogo (teguh galuh),https://play-lh.googleusercontent.com/a-/ALV-UjVOyGXhIiByndrDIwmZeZWLNxua5-e4qlqw4ZZBr-w-afsPrYt9bQ,"PLN mobil, sangat membantu,bisa cek tagihan segala",5,0,5.2.75,2025-12-08 06:45:32,"
Tks ya Kak atas feedback dan supportnya. Kami akan terus berusaha memberikan yg terbaik. Have a nice day. Ditunggu update info dan promo lainnya nanti ya.Have a nice day. ME",2025-09-03 06:19:20,5.2.75,pln mobil sangat membantu bisa cek tagihan segala
69ba09c7-234a-48ef-a196-c9f11cd69436,SUNARTO,https://play-lh.googleusercontent.com/a-/ALV-UjVe1XOmRcnsv1b4sN6OLidrTylw0b8pWgbcFNZkYuHx-lYuOGw,sangat membantu,5,0,5.2.68,2025-12-08 06:45:10,"Halo Kak Sunarto. PLN senantiasa berinovasi & bersinergi dlm menghadirkan layanan, serta platform terbaik dgn fitur yg semakin user friendly dlm menjawab harapan2 seluruh pelanggan. Kuy, jgn lupa diajak kerabat Kk utk menggunakan PLN Mobile. Terima kasih juga buat bintang 5 nya ya Kak. Have a nice day. :) -MF",2025-12-08 08:00:26,5.2.68,sangat membantu
f1298ab4-b69e-4b06-a4e7-16aa107c3ae2,Nani Nani,https://play-lh.googleusercontent.com/a/ACg8ocKUlLa4F5aYTLHrBan5BRTHiDWRMpsR_27gyUNQrtaeY4Q-1A=mo,pengaduan gangguan melalui aplikasi sangat cepat,5,0,5.2.75,2025-12-08 06:44:23,"Halo Kk Nani, tentu PLN Mobile admin hadirkan demi menjawab harapan & memenuhi kebutuhan listrik Plgn. Hal ini diharapkan supaya Plgn & khususnya Kk jg memiliki kanal yg lbh cepat dlm berinteraksi dgn PLN dimanapun, serta makin mudah hanya dlm 1 genggaman. Kuy, ajak bestinya jg buat menggunakan layanan digital PLN. Tks, sukses selalu. :) -MF",2025-12-08 08:00:11,5.2.75,pengaduan gangguan melalui aplikasi sangat cepat
eeddb836-0b31-4f03-92fb-976cc55ada00,Sulasno Gemaharjo,https://play-lh.googleusercontent.com/a/ACg8ocJHVGWjdt-GCVnylsWDvFaj7PT9fpb8BPTbDYin3FDri7_wPg=mo,"PLN,mobile semakin handal",5,0,5.2.75,2025-12-08 06:44:17,"Hai Kak Sulasno. Mimin seneng deh kalo Kakak sdh terbantu sama aplikasi PLN Mobile. Yuk nikmati juga berbagai fitur yg tersedia di layanan digital PLN ini, karena semua semakin mudah dalam satu genggaman aplikasi. Praktis bangetkan. Kuyy, diajak jg kerabatnya buat pakai PLN Mobile. Have a nice day Kak. :) -MF",2025-12-08 08:00:04,5.2.75,pln mobile semakin handal
79886828-b4fc-4a32-8997-79a027b720ee,Bapak Karni,https://play-lh.googleusercontent.com/a/ACg8ocJVTgJngyTdy-p9mp7FYKeJ91OGx1_AWl3sRtxYcrAYDXp07Q=mo,aplikasi pln mobile sangat bagus,5,0,5.2.75,2025-12-08 06:44:11,"Hai Kak Karni. Mimin senang sekali dgn apresiasi yg Kk berikan, thanks ya. Mimin tdk akan pernah berhenti utk selalu memberikan yg terbaik buat Kk, terutama dlm melayani kebutuhan listrik seluruh pelanggan. Kuyy, ajak bestinya jg buat pakai PLN Mobile. Semoga pengalaman bersama layanan digital PLN ini semakin menyenangkan. Sehat selalu. :) -MF",2025-12-08 07:59:59,5.2.75,aplikasi pln mobile sangat bagus
22a124df-e4a5-44a4-9379-8f492edc9e20,Didik Setiyono,https://play-lh.googleusercontent.com/a/ACg8ocJnfVFHJokhSHTnm1PRfcZEiKbwWfTIO9gFnj2HHZUiVI9QvA=mo,"Segala informasi dan pelayanan kelistrikan , sekarang dapat diakses melalui PLN MOBILE , Banyak pilihan dan menu fitur yang lengkap praktis dan efesien, Terimakasih PLN MOBILE Mantab bosku jozz masyuk ⭐⭐⭐⭐⭐",5,0,5.0.45,2025-12-08 06:43:57,"Hai Kak Didik. Tks ya atas feedback dan supportnya. Kami akan terus berusaha memberikan yg terbaik. Ayo manfaatkan fitur tambah daya pada PLN Mobile, Kamu bisa nih ubah daya pakai PLN Mobile. Praktis banget, nanti petugasnya langsung dateng ke tempat kamu buat bantu ubah daya. Stay Healthy -CM
",2025-09-19 04:58:29,5.0.45,segala informasi dan pelayanan kelistrikan sekarang dapat diakses melalui pln mobile banyak pilihan dan menu fitur yang lengkap praktis dan efesien terimakasih pln mobile mantab bosku jozz masyuk
3f222ed1-8118-4fb5-aff5-c4a320cf4d03,Kartono Pln,https://play-lh.googleusercontent.com/a-/ALV-UjVr1D89Ov7h7lB-VUxOxXPnKNpKYaa7Uqxgfgv9jTuwSmcTz2wb,PLN Semkin maju,5,0,5.2.75,2025-12-08 06:43:55,"Hai Kak Kartono, makasih buat reviewnya. Lagi ada gangguan listrik? tenang aja ada PLN Mobile tinggal klik pengaduan dan petugas langsung datang lho. Sehat selalu ya. -SU
",2025-09-16 03:13:08,5.2.75,pln semkin maju
7bd314ee-5c64-4a79-965a-045d126de10c,Dewi Toboali,https://play-lh.googleusercontent.com/a/ACg8ocIk-C2X968XmB0rx8fWoEPud6RzB16OmffXr6tKssLTSklUjg=mo,PLN terbaik,5,0,5.2.75,2025-12-08 06:42:26,"Halo Kak Dewi. Mimin seneng deh kalo Kakak suka sama aplikasi PLN Mobile. Nikmati jg fitur penyambungan baru & tambah dayanya ya Kak, semua mudah dalam satu genggaman. Praktis bangetkan. Kuyy, diajak jg besti2 Kk buat pakai PLN Mobile dlm mengurus keperluan listrik rumah. Have a nice day. :) -MF",2025-12-08 07:46:19,5.2.75,pln terbaik
9a343128-d89d-4108-b119-6b279c7eead0,Difa Prasetyo,https://play-lh.googleusercontent.com/a/ACg8ocKJ4YfRP2LIl3XAr7dq1hU4JXacbg1b4OAsZC8yInaRT_QASg=mo,pasang baru satu pintu via PLN mobile mantab,5,0,5.2.75,2025-12-08 06:41:49,"Hai Kak Difa. Admin senantiasa berupaya hadirkan fitur yg makin sempurna dlm memenuhi kebutuhan kelistrikan pelanggan. Admin jg akan selalu berinovasi ke depannya demi menciptakan kualitas fitur layanan yg efektif, agar PLN Mobile ttp jd platform yg unggul. Yuk, di ajak keluarga Kk utk menggunakan PLN Mobile. Stay healthy Kak. :) -MF",2025-12-08 07:46:12,5.2.75,pasang baru satu pintu via pln mobile mantab
a9af6065-9844-4a4e-ad37-830af6a204a6,abd ajib,https://play-lh.googleusercontent.com/a-/ALV-UjXUgLSQnk-s_JadKVHPi6Vgm6H7fKZYt6KeW2UAUW7gNyFyE4Q,pln mobile semua makin mudah,5,0,5.2.75,2025-12-08 06:41:11,"Hai Kak Ajib, terima kasih buat atensinya terhadap layanan digital PLN. Mimin senantiasa selalu meningkatkan setiap fitur layanan yg ada di PLN Mobile agar dpt membantu pelanggan dgn maksimal dlm memenuhi kebutuhan kelistrikannya. Kuy, ajak keluarga Kk buat pakai PLN Mobile ya. Have a great day. :) -MF",2025-12-08 07:46:08,5.2.75,pln mobile semua makin mudah
51552af0-9da9-4e7c-bf3a-4310fe69ed15,Dhen Bhagus,https://play-lh.googleusercontent.com/a/ACg8ocJjlkDtkQytBOJDV42NmZQE4wYFhLrnsDrdVnXjfMQ9qUKznA=mo,amat sangat membantu,5,0,5.2.75,2025-12-08 06:40:37,"Halo, tentu PLN Mobile admin hadirkan demi menjawab harapan & memenuhi kebutuhan listrik Plgn. Hal ini diharapkan supaya Plgn & khususnya Kk jg memiliki kanal yg lbh cepat dlm berinteraksi dgn PLN dimanapun, serta makin mudah hanya dlm 1 genggaman. Kuy, ajak bestinya jg buat menggunakan layanan digital PLN. Thx, sukses selalu Kak Bhagus. :) -MF",2025-12-08 07:46:00,5.2.75,amat sangat membantu
9bf12080-3513-4852-a531-43896b44fb76,Siti Fatimah,https://play-lh.googleusercontent.com/a/ACg8ocLzTK72NYobjobZLdH_faDlwcil7VLR2KL-1mASWoBZquMoVA=mo,"aplikasinya bagus, banyak fiturnya, mempermudah kami sebagai pelanggan PLN, terimakasih PLN sukses terus👍",5,0,5.2.75,2025-12-08 06:40:21,"Hai Kak Siti, mimin seneng deh kalo Kk sdh terbantu dgn adanya PLN Mobile. Nikmati jg berbagai fitur yg ada ya Kak & pastinya semua makin praktis dalam satu genggaman aplikasi. Yuk, rekomendasikan ke temen & keluarga Kk buat menggunakan layanan digital PLN ini. Terima kasih jg buat bintang cantiknya ya Kak. Have a nice day. :) -MF",2025-12-08 07:45:49,5.2.75,aplikasinya bagus banyak fiturnya mempermudah kami sebagai pelanggan pln terimakasih pln sukses terus
bde6cd3e-57ca-490b-a78a-705f2ef573be,Fikri Nur Mardani,https://play-lh.googleusercontent.com/a/ACg8ocK-Cd8XNyABPfzVehpzMEo9YZaX3y2v7YbBT7_0SuNYKLw1Uw=mo,Bagusssssssssss,5,0,5.2.75,2025-12-08 06:39:23,"Yuhu Kak Fikri, wah makasih ya buat feedback & bintang 5 nya. Pastinya PLN senantiasa memberikan layanan-layanan yg semakin inovatif, efektif serta solutif. Kalau perlu diajak jg kerabat serta keluarganya yuk, utk menggunakan PLN Mobile dlm mengurus segala kebutuhan listrik rumah. Sukses selalu Kak. :) -MF",2025-12-08 07:45:37,5.2.75,bagusssssssssss
c89cfc12-229e-49d1-8bc0-8e09b8eece04,ral fauzy,https://play-lh.googleusercontent.com/a-/ALV-UjWUS1I0QqBPaX6JuUqvgDkIdDJyFPn84UrKIlMj4H2xqTlucgo,sangat puas,5,0,5.2.75,2025-12-08 06:39:19,"Halo Kak Fauzy, mimin ucapkan terima kasih atas ulasan yg diberikan. Pastinya PLN berkomitmen serta konsisten utk selalu menghadirkan platform yg solutif dlm menjawab harapan2 pelanggan setia PLN Mobile. Yuk, ajak juga keluarga Kk buat pakai PLN Mobile dlm mengurus kebutuhan listrik rumahnya. Salam PLN Terbaik. :) -MF",2025-12-08 07:45:31,5.2.75,sangat puas
df34a496-c57b-477c-9eab-126f620ad9bc,Umu Hanifah Fitri,https://play-lh.googleusercontent.com/a-/ALV-UjXg_aDwvIHG-HSaTrL8I90vMSvUnwqXQ_jurltZuDZ1ctlKpTU,"Terimakasih PLN mobile PLN Mobile sangat membantu saya malakukan segala kebutuhan terkait pembelian token, pengaduan ketika ada masalah, tanggap, cepat. 👍 semoga selalu tanggap selalu 👍",5,0,5.2.75,2025-12-08 06:39:16,"Trims ya untuk reviewnya Kak Umu. Ayo ajak keluarga/teman/kerabat untuk mendownload PLN Mobile dan nikmati kemudahannya. Stay safe ya -AR
",2025-09-02 16:19:12,5.2.75,terimakasih pln mobile pln mobile sangat membantu saya malakukan segala kebutuhan terkait pembelian token pengaduan ketika ada masalah tanggap cepat semoga selalu tanggap selalu
15b20d62-633a-423c-9bc5-5dc209ef8530,Dewikeren Dewikeren,https://play-lh.googleusercontent.com/a/ACg8ocKBbP0_FmSWemyZc4fYBe_K19iUGjS7fwr9SNzTtdJPsyUN3Q=mo,"Joss banget aplikasinya, pelayanannya juga cepat, keren",5,0,5.2.75,2025-12-08 06:39:15,"Hai Kak, makasih buat bintang 5 nya ya & mimin senang mendengar apresiasi yg Kk berikan. Semoga dgn adanya layanan digital PLN ini bisa meningkatkan kemudahan melayani pelanggan hanya dalam satu genggaman apk. Buruan ajak kerabatnya jg untuk download PLN Mobile dalam mengurus kebutuhan listriknya ya. Sehat selalu Kak Dewi. :) -MF",2025-12-08 07:45:24,5.2.75,joss banget aplikasinya pelayanannya juga cepat keren
23881cae-31d6-4a68-9770-02b55c640b35,Jujur Kacangijo,https://play-lh.googleusercontent.com/a/ACg8ocI-QFetJeSmkwI_y4QDQfsf3206MBAKtbn2qzKwhwqvERsb8A=mo,pln sll dihati,5,0,5.2.75,2025-12-08 06:39:03,"Hai Kak. Thanks yah buat bintang cantik & juga apresiasinya, semoga Kk selalu nyaman serta makin setia dalam menggunakan PLN Mobile. PLN Mobile anti ribet, yok diajak teman serta kerabatnya untuk download layanan digital PLN ini sekarang juga. Mimin tunggu ya Kak, sehat selalu. :) -MF",2025-12-08 07:45:20,5.2.75,pln sll dihati
23405139-13be-4f8b-8dee-4ccf1674ac1f,Muhammad Altof,https://play-lh.googleusercontent.com/a-/ALV-UjXuZN43YmtSl6Vrhmv1mVldC7oOiDPgU_shB2IH4GmklRKh_srD,Pelayanan cepat dan mudah............sangat membantu sekali,5,0,5.2.75,2025-12-08 06:38:37,"Hai Kak Altof, makasih buat ulasannya ya Kak, wah semoga pengalaman menggunakan PLN Mobile selalu menyenangkan ya Kak. Ditunggu update info dan promo lainnya dari kami ya. Ga perlu repot jauh-jauh utk beli token doang, bisa melalui aplikasi PLN Mobile brodi. Thanks -JA",2025-09-12 09:30:31,5.2.75,pelayanan cepat dan mudah sangat membantu sekali
8ea4878a-3a13-44ce-91b7-8d121e15c328,Galing Sindunoto,https://play-lh.googleusercontent.com/a-/ALV-UjWJ7RJdoseNnnr4BTmbbprWz26RpsJOXWfbwSpWE_zy5LrXtQ,sangat membantu 👍👍👍,5,0,,2025-12-08 06:37:30,"Hai Kak Galing. Makasih juga yah buat bintangnya & semoga Kk selalu nyaman menggunakan dalam menggunakan layanan digital PLN. PLN Mobile anti ribet, yok aja temennya & kerabat Kk buat download sekarang juga. Mimin tunggu ya Kak, stay safe! :) -MF",2025-12-08 07:29:34,,sangat membantu
7b281af7-1cd0-41af-bd48-0f0bb968caaf,Iwak Kali,https://play-lh.googleusercontent.com/a/ACg8ocJ2jp0zUZC4Pslhre80Uow9KQiSI3Mufm9FyKiyCoTuYKTw=mo,mantap,5,0,5.2.75,2025-12-08 06:37:20,"Hai Kak Iwak. Mimin senantiasa berupaya hadirkan fitur yg makin sempurna dlm memenuhi kebutuhan kelistrikan pelanggan. Mimin jg akan selalu berinovasi ke depannya demi menciptakan kualitas fitur layanan yg efektif, agar PLN Mobile ttp jd platform yg unggul. Yuk, di ajak keluarga Kk utk menggunakan PLN Mobile. Stay healthy Kak. :) -MF",2025-12-08 07:29:30,5.2.75,mantap
9576a098-8792-4d45-b281-f293932fcaab,Dedew Artika,https://play-lh.googleusercontent.com/a/ACg8ocL90QdbLBaYshLDGmTzCkNPNtMWsqcReR7T7Z6h6EUI_SHgOg=mo,"aplikasinya keren, promonya banyak banget",5,0,5.2.75,2025-12-08 06:37:18,"Halo, PLN Mobile pastinya admin hadirkan demi menjawab harapan & memenuhi kebutuhan listrik Plgn. Hal ini diharapkan supaya Plgn & khususnya Kk jg memiliki kanal yg lbh cepat dlm berinteraksi dgn PLN dimanapun, serta makin mudah hanya dlm 1 genggaman. Kuy, ajak bestinya jg buat menggunakan layanan digital PLN. Thanks, sukses selalu Kk Dedew. :) -MF",2025-12-08 07:29:25,5.2.75,aplikasinya keren promonya banyak banget
1810a5e5-d539-466a-bd7b-d78dce0a4580,Syaprudin OPO,https://play-lh.googleusercontent.com/a-/ALV-UjXPnpmrhU7IJ71j40r5DfQHCHpiBJRuC_e_VZUBGfV-xlyTdZ4,sangat mudah dan cepat adanya pln mobil,5,0,5.2.75,2025-12-08 06:37:13,"Yuhu Kak Syaprudin. Thanks yah buat bintang cantik & juga apresiasinya, semoga Kk selalu nyaman serta makin setia dalam menggunakan PLN Mobile. PLN Mobile anti ribet, yok diajak teman serta kerabatnya untuk download layanan digital PLN ini sekarang juga. Mimin tunggu ya Kak, sehat selalu. :) -MF",2025-12-08 07:29:15,5.2.75,sangat mudah dan cepat adanya pln mobil
58e18958-f638-4e6d-92ad-0022161b57ff,Sembli Anto,https://play-lh.googleusercontent.com/a/ACg8ocImr7FlYLXmVg7y4PTMqIDW53kqhddl5HzUHJaK1azVxDkAnw=mo,pln mobile sangat membantu pelanggan yang mengalami masalah kelistrikan,5,0,5.2.75,2025-12-08 06:36:39,"Kak Sembli, thx ya buat bintang cantik & apresiasi yg diberikan terhadap layanan digital PLN. Di era perkembangan digital, pastinya PLN Mobile mimin hadirkan sbg platform dlm memenuhi semua keperluan listrik rumah agar makin mudah hanya dlm 1 genggaman apk. Fyi nih, di PLN Mobile selalu ada Event & Promo yg menarik. Jgn sampai kelewatan yah. :) -MF",2025-12-08 07:29:09,5.2.75,pln mobile sangat membantu pelanggan yang mengalami masalah kelistrikan
bb0cee9f-879c-4e87-8fdb-327d680e4fad,miftaah fauzan,https://play-lh.googleusercontent.com/a-/ALV-UjVTuQQfo_bqT3jioXGvuziWfdWIBsR7iyp_ikWhd87JDtrj-gk,aplikasi ini sangat membantu good luck.,5,0,5.2.75,2025-12-08 06:35:14,"Siap Kak Miftaah. Tks ya penilaiannya. Jika butuh riwayat pemakaian kWh, ga perlu khawatir, tersedia loh di PLN Mobile. Salam PLN Terbaik. -MI",2025-08-27 17:03:31,5.2.75,aplikasi ini sangat membantu good luck
97b63385-1da2-4e6c-b096-4814e359d873,irsyam,https://play-lh.googleusercontent.com/a-/ALV-UjXG_6V0SruAEHZOgFD455vzu8tsghDbuheUpWkvNlzgvTwQpWbv,proses penyambungan baru listrik sangat lama. padahal di hari yg sama sy melakukan permohonan pasang baru daya listrik dan dihari itu juga sy lunasi pembayaran tapi 3 hari setelah itu belum ada respon dr PLN wilayah tersebut( Kota Bontang-Kaltim). mohon di UP....,1,4,5.2.75,2025-12-08 06:34:23,"Atas permohonan yg blm terealisasi, mimin mohon maaf Kk Irsyam. Fyi, perihal realisasi pasang baru kWh Meter utk estimasi pasang 5 hari kerja stlh pembayaran, jk dibutuhkan perluasan jaringan jg 15 hari kerja & 25 hari kerja jk ada penambahan gardu. Jk prlu bantuan utk FU, Kk bs manfaatkan fitur Pengaduan di apk/ hub CS di fitur Live Chat. Tks. -SH",2025-12-08 06:51:09,5.2.75,proses penyambungan baru listrik sangat lama padahal di hari yg sama sy melakukan permohonan pasang baru daya listrik dan dihari itu juga sy lunasi pembayaran tapi 3 hari setelah itu belum ada respon dr pln wilayah tersebut kota bontang kaltim mohon di up
b7e1236d-d389-4cf9-9f5d-31c314b76830,Mulhyana Muli,https://play-lh.googleusercontent.com/a/ACg8ocI3s4WglvOsG_iY8ux8_EeJUbZBKxg1euiHl01OBxV3PGQiBA=mo,cepat pelayananya aplikasi baik,5,0,5.2.75,2025-12-08 06:33:31,"Hai Kak Muli, terima kasih jg buat rating terbaiknya. Tentu PLN senantiasa memberikan layanan-layanan yg semakin inovatif, efektif serta solutif. Jgn lupa ya Kak diajak jg kerabat serta keluarganya utk menggunakan PLN Mobile dlm mengurus segala kebutuhan listrik rumahnya ya. Sehat selalu Kak. :) -MF",2025-12-08 07:28:56,5.2.75,cepat pelayananya aplikasi baik
ab556d78-af02-4c75-8a59-01e5a7e09fb0,Galih Sayang,https://play-lh.googleusercontent.com/a/ACg8ocLm7KLRcLvUNFmudPCWyITsQ0adSOuV0C-TanumrszmFgtr2g=mo,PLN mobil sangat membantu ke smua planggan,5,0,5.2.75,2025-12-08 06:32:33,"Hai Kak Galih, thanks rating 5 nya buat layanan digital PLN ini ya. Di era perkembangan digital, pastinya PLN Mobile mimin hadirkan utk trs menjadi platform yg unggul dlm memenuhi, serta melayani keperluan listrik pelanggan. Jgn lupa ya Kak, diajak juga kerabat serta keluaganya utk menggunakan PLN Mobile. Have a nice day Kak. :) -MF",2025-12-08 07:28:47,5.2.75,pln mobil sangat membantu ke smua planggan
f0100f08-795d-4d09-9f59-8ae25edcf5d9,Teguh Kiswanto,https://play-lh.googleusercontent.com/a/ACg8ocK5m62g2gBqVhmzrcQhRe_FVJd7Iwih5mJLbB4B8DCchz-bzQ=mo,"Dengan aplikasi ini, sangat memudahkan dalam urusan kelistrikan",5,0,5.2.75,2025-12-08 06:31:47,"Terima kasih ya Kak Teguh utk ulasan terbaik dan rating bintang 5 nya. Banyak loh fitur-fitur yang bisa Kk akses di PLN Mobile. Kk bisa beli token listrik, beli pulsa dan bayar tagihan dari PLN Mobile dgn metode pembayaran yg beragam. Yuk ajak teman-teman dan sahabat Kk utk download PLN Mobile. Have a nice day. :) -FE",2025-11-28 03:08:13,5.2.75,dengan aplikasi ini sangat memudahkan dalam urusan kelistrikan
558bf38e-40c6-44bd-907b-43c80f4fc011,Yeni Aquariani,https://play-lh.googleusercontent.com/a-/ALV-UjUFdaX4MYSOdLFrbKiSo6M5xB82dOCMQPt358D5U6OuupnhIsY,"aplikasinya bagus, ada semacam bs tau biaya pemakaian listrik setiap blnnya.",5,0,,2025-12-08 06:31:36,"Hai Kak Yeni. Mimin seneng deh kalo Kakak suka sama aplikasi PLN Mobile. Yuk nikmati juga berbagai fitur yg tersedia di layanan digital PLN ini, karena semua semakin mudah dalam satu genggaman aplikasi. Praktis bangetkan. Jgn lupa diajak jg kerabatnya buat pakai PLN Mobile yah. Have a nice day Kak. :) -MF",2025-12-08 07:28:41,,aplikasinya bagus ada semacam bs tau biaya pemakaian listrik setiap blnnya
ca0d2645-4ba5-45a9-8e51-9db094a54280,Harmi Yulianti,https://play-lh.googleusercontent.com/a-/ALV-UjX1WmlmPq1UBQc6MHAlF7EZZ5wTTIWXZk8GljIV3tYOOW38AjNVZQ,"Sangat membantu dgn adanya PLN Mobile, lapor gangguan lbh mudah & bayar listrik lbh cepat,, mantappp.",5,0,5.2.75,2025-12-08 06:31:29,"Hi Kak Harmi, makasih ya Kak rating cantiknya, betul Kak PLN Mobile sangat memudahkan, di PLN Mobile juga dpt beli token lebih mudah. Semoga semakin setia menggunakan PLN Mobile. Kakak bisa share ke Temen dan Keluarga ya Kak. Stay safe ya. -AM",2025-01-12 19:13:20,5.2.75,sangat membantu dgn adanya pln mobile lapor gangguan lbh mudah bayar listrik lbh cepat mantappp
967dcb32-6bad-4493-bed0-d8ea4aa2b79f,Sri Surianti,https://play-lh.googleusercontent.com/a-/ALV-UjUBmCMaOeX_XApEuw8jwrqmicpqTryAkVxro_6o9NuuCKtPKggo,Terdapat info diskon dan tagihan listrik yang jelas,5,0,,2025-12-08 06:31:27,"Hai Kak Sri. Sebelumnya mimin ingin berterima kasih pd Kk buat apresiasi yg diberikan. Jgn lupa di perbaharui aplikasi PLN Mobile nya biar makin optimal ya Kak. PLN selalu hadirkan platform terbaik dgn menciptakan produk layanan yg handal, solutif & makin efisien serta trs melangkah maju dlm memberikan manfaat terutama di era digitalisasi. :) -MF",2025-12-08 07:28:35,,terdapat info diskon dan tagihan listrik yang jelas
f2a34c3d-e2c7-4056-a60f-29521dd2f26a,Ruminah Hmc,https://play-lh.googleusercontent.com/a-/ALV-UjWzJSAydFAqbbcBk0j76sx5sU1PpxUNbGWUSPDQ5-4tyHeLmv8,PLN MOBILE solusi tepat untuk pelanggan,5,0,5.2.75,2025-12-08 06:30:12,"Halo Kak Ruminah. Wah senangnya dpt review positif dr Kk, thanks ya. Tentu PLN selalu hadirkan platform terbaik dgn menciptakan produk layanan yg handal, solutif & makin efisien serta trs melangkah maju dlm memberikan manfaat terutama di era digitalisasi. Kuy, diajak jg kerabatnya buat pakai PLN Mobile. Sehat selalu yah. :) -MF",2025-12-08 07:27:58,5.2.75,pln mobile solusi tepat untuk pelanggan
b7acc1a0-d029-4701-8cfa-bf79dc03d268,Hasna Litiloly,https://play-lh.googleusercontent.com/a/ACg8ocK7rMyxx1efn1lK-HjRuXR3b8XXhmAJctA3Qe6Cyd8aRJOdQg=mo,aplikasi pln mobile bagus tagihan listrik bisa d ketahui caranya instal aplikasinya lalu masukkan id pelanggan langsung muncul pembayaran,5,0,5.2.75,2025-12-08 06:30:11,"Hai Kak Hasna, mimin ucapkan terima kasih buat rating terbaiknya. Pastinya PLN senantiasa memberikan layanan-layanan yg semakin inovatif, efektif serta solutif. Segera ajak kerabat serta keluarganya jg utk menggunakan PLN Mobile dlm mengurus segala kebutuhan listrik rumah. Sukses selalu Kak. :) -MF",2025-12-08 07:27:52,5.2.75,aplikasi pln mobile bagus tagihan listrik bisa d ketahui caranya instal aplikasinya lalu masukkan id pelanggan langsung muncul pembayaran
5b92ee64-e8e9-47ec-8903-12c510cb7024,Eka Ainiatus Syifa,https://play-lh.googleusercontent.com/a/ACg8ocLip-NBMtxu9StU0lNK2s6OrbHzfJNtVvE_3ZtQDzVgXQal2g=mo,Aplikasinya sangat membantu dalam membayar listrik,5,0,5.2.75,2025-12-08 06:30:03,"Halo Kak Eka, terima kasih udah sharing pengalaman menggunakan PLN Mobile dan kasih rating terbaik ya. PLN Mobile hadir buat kasih solusi terbaik atasi masalah kelistrikan. Yuk, ajak orang tersayang buat download PLN Mobile. Jangan lupa utk cek selalu PLN Mobile ya biar ga ketinggalan promo menarik. Tks. -FE",2025-12-03 03:33:05,5.2.75,aplikasinya sangat membantu dalam membayar listrik
cd51732c-a776-4468-b43e-852a2fc40468,Abidin Abdul Aziz,https://play-lh.googleusercontent.com/a/ACg8ocIz3TzhmjVYtYU-mROTQ_BNaOvcSrU_v7wSglqWSRcFbRLHa7tD=mo,selalu melayani kapanpun dimanapun👍🏻,5,0,5.2.75,2025-12-08 06:29:58,"Hallo Kak Abidin. Tks Kak penilaiannya, semoga semakin setia menggunakan PLN Mobile. Nikmati jg fitur penyambungan baru & tambah dayanya ya Kak, semua mudah dalam satu genggaman. Have a nice day. -LA",2025-09-12 19:50:20,5.2.75,selalu melayani kapanpun dimanapun
b9596b26-d7ab-451e-abf7-87b40a4d73a4,Thomas Mali,https://play-lh.googleusercontent.com/a/ACg8ocK9EEfd9zXR7n2wQ7hgHLxU9sGp7gYB2WkIPF3p7DE0WlckWg=mo,Pln mobile listrik benar benar bisa teratasi,5,0,5.2.75,2025-12-08 06:27:39,"Halo Kak Thomas, mimin ucapkan terima kasih jg ya buat rating cantiknya. Pastinya PLN berkomitmen serta konsisten utk selalu menghadirkan platform yg solutif dlm menjawab harapan2 pelanggan setia PLN Mobile. Yuk, segera rekomendasikan ke kerabat Kk buat pakai PLN Mobile utk mengurus keperluan listrik rumah. Salam PLN Terbaik. :) -MF",2025-12-08 07:27:24,5.2.75,pln mobile listrik benar benar bisa teratasi
342cf9d2-2570-4401-b5fb-ed0c628c2c3f,Dwi Nur,https://play-lh.googleusercontent.com/a/ACg8ocL22ynqWYpaYlEDeqhuqpcm0r6P9emYNzrFIiMpnLSoQfNteA=mo,Aplikasi PLN MOBILE semakin hari semakin baik & sangat menbantu sekali....,5,0,5.2.75,2025-12-08 06:26:48,"Yuhu Kak Dwi. Thanks yah buat bintang cantik & juga apresiasinya, semoga Kk selalu nyaman serta makin setia dalam menggunakan PLN Mobile. PLN Mobile anti ribet, yok rekomendasikan ke teman serta kerabatnya untuk download layanan digital PLN ini sekarang juga. Mimin tunggu ya Kak, sehat selalu. :) -MF",2025-12-08 07:26:55,5.2.75,aplikasi pln mobile semakin hari semakin baik sangat menbantu sekali
e7f3556b-2186-4783-a9b3-1bd15e562194,Yusuf Huda,https://play-lh.googleusercontent.com/a-/ALV-UjUEEGh4LP_TTmcLy94JYlVGFkUr80XR2NjX8lbpKiYnKLPTJFY,Aplikasi sangat membantu... Lebih ditingkatkan lagi pelayanannya....!!! Josht mantaaap,5,0,5.2.75,2025-12-08 06:26:42,"Hello Kak Yusuf, Makasih buat penilaiannya. Semoga PLN Mobile bisa meningkatkan kemudahan dalam melayani pelanggan PLN. Kini mengisi daya kendaran listrik anda dapat dilakukan dimana saja, temukan stasiun pengisian daya terdekat pada aplikasi PLN Mobile Mu. Have a great day. -CM",2025-09-19 05:03:30,5.2.75,aplikasi sangat membantu lebih ditingkatkan lagi pelayanannya josht mantaaap
aa00577b-7ad2-4e1a-83bb-d5c54975dc99,nrimo ingpandum,https://play-lh.googleusercontent.com/a/ACg8ocIe_fIYi1dlMyeD9CYJPRHXuxJq9OXRdO0stKQxUETDv0qdnQ=mo,"Ok aplikasinya,,,",5,0,5.2.75,2025-12-08 06:26:29,"Yuhu Kak, makasih buat ulasannya ya, wah semoga pengalaman menggunakan PLN Mobile selalu menyenangkan ya Kak. Kuyy, simak trs update info serta promo yg sdg berlangsung saat ini. Bila perlu diajak jg keluarga/teman/kerabat untuk mendownload PLN Mobile & nikmati kemudahannya. Salam sehat selalu. :) -MF",2025-12-08 07:26:39,5.2.75,ok aplikasinya
1351fff3-864f-4aeb-b38f-b9e55c5b6fef,Segan Pora,https://play-lh.googleusercontent.com/a/ACg8ocK4kOMwFgKaS9jbwJRKLWodDmOURSZKDfvV-mtIFAAUPV6bZQ=mo,aplikasi ini membuat pelanggan sangat penting untuk lapor gangguan dan apa saja yang ada di aplikasi ini,5,0,5.2.75,2025-12-08 06:26:23,"Hai Kak Segan, thanks buat ulasan terbaiknya. Tentu PLN selalu hadirkan platform terbaik dgn menciptakan produk layanan yg handal, solutif & makin efisien serta trs melangkah maju dlm memberikan manfaat terutama di era digitalisasi. Yuk, rekomendasikan & ajak keluarga Kk jg buat pakai PLN Mobile. Sukses selalu yah. :) -MF",2025-12-08 07:26:30,5.2.75,aplikasi ini membuat pelanggan sangat penting untuk lapor gangguan dan apa saja yang ada di aplikasi ini
6c9384be-9d23-4360-a4ca-63b152a2f170,Aini Nur,https://play-lh.googleusercontent.com/a/ACg8ocLjWyaQU_2aN83ltntZ9Pv4SI3226N7ACY_8wO_XRspAn4KcA=mo,pengaduan lebih cepat lewat aplikasi saja,5,0,5.2.75,2025-12-08 06:25:39,"Halo Kak Aini. Thanks yah buat bintang & juga apresiasinya, semoga Kk selalu nyaman serta makin setia dalam menggunakan layanan digital PLN. PLN Mobile anti ribet, yok diajak teman serta kerabatnya untuk download layanan digital PLN ini sekarang juga. Mimin tunggu ya Kak, sehat selalu. :) -MF",2025-12-08 07:26:15,5.2.75,pengaduan lebih cepat lewat aplikasi saja
9b4f87ae-c9c4-4c92-b2ce-daad1013a391,Irma Wati,https://play-lh.googleusercontent.com/a/ACg8ocKK2ZOp27z16OFpvxFQ1kzCXXqZq1IOhGE366p3KzPDMCe5Pg=mo,semua jadi mudah dengan adanya aplkasih pln mobile,5,0,5.2.75,2025-12-08 06:24:43,"Hai Kak Irma. Wah senangnya dpt review positif dr Kk, thanks ya. Semoga Kk makin nyaman dlm menggunakan layanan digital PLN ini. Bila perlu info & bantuan mimin, Kk tinggal sampaikan melalui fitur Pengaduan yg sdh mimin sediakan di apk. Jgn lupa ajak kerabat & teman-teman Kk utk download PLN Mobile & nikmati kemudahannya ya. :) -MF",2025-12-08 07:25:54,5.2.75,semua jadi mudah dengan adanya aplkasih pln mobile
4339a17d-6627-44af-ac39-0975c65d29f5,Ajis Asep,https://play-lh.googleusercontent.com/a/ACg8ocJ29QLd5wyGeJVSvRq5SVthw78nVxL5k0zkf8abt0TZOgXYAQ=mo,mantap pelayanan nya Sangat cepat dan rapih 🙏🙏🙏,5,0,5.2.75,2025-12-08 06:24:24,"Hai Kak Ajis, thanks ya buat bintang cantik & apresiasi yg diberikan terhadap layanan digital PLN. Di era perkembangan digital, pastinya PLN Mobile mimin hadirkan sbg platform dlm memenuhi semua keperluan listrik rumah agar makin mudah hanya dlm 1 genggaman apk. Yuk, diajak jg kerabatnya buat pakai PLN Mobile. Sukses selalu Kak. :) -MF",2025-12-08 07:25:20,5.2.75,mantap pelayanan nya sangat cepat dan rapih
d41aca53-dbf9-425a-a653-745a42708f15,Riko Hanafi,https://play-lh.googleusercontent.com/a/ACg8ocLtP9dL5FigLi6oBUmxQeYTq7IWFrNvokvxX2dDzhGjDTNCyg=mo,Nice,5,0,5.2.75,2025-12-08 06:23:54,"Halo Kak Riko, sebelumnya mimin ucapkan terima kasih jg buat apresiasi yg diberikan yah. Hal ini jd acuan buat mimin utk trs meningkatkan kualitas pelayanan yg semakin responsif ke depannya dlm melayani kebutuhan pelanggan. PLN Mobile anti ribet, yuk diajak teman serta kerabatnya untuk download layanan digital PLN ini sekarang jg. :) -MF",2025-12-08 07:25:12,5.2.75,nice
8bde5f53-cb5b-476c-8074-fe083518905c,ovi Wibowo,https://play-lh.googleusercontent.com/a/ACg8ocLy-8hMi5ZKZxwPisOcBsWwbYKpHFOEU126FWwJE4HlJjhJGg=mo,"selain memberikan kemudahan layanan kelistrikan, dengan melakukan swacam selain kita bisa mengetahui nilai tagihan listrik kita kita juga mendapat kupon undian . siapa tahu keberuntungan menghampiri kita. gasskeun!!...",5,0,5.2.75,2025-12-08 06:23:45,"Halo Kakak Ovi. Makasih yaa buat review & rating bintang 5 nya Mimin senang banget. Kamu bisa urus perihal kelistrikan lewat smartphone-mu, dari mana saja dan kapan saja via aplikasi PLN Mobile. Stay safe ya. -CM
",2025-09-19 05:07:45,5.2.75,selain memberikan kemudahan layanan kelistrikan dengan melakukan swacam selain kita bisa mengetahui nilai tagihan listrik kita kita juga mendapat kupon undian siapa tahu keberuntungan menghampiri kita gasskeun
6a0cc02f-1b70-4011-8996-9642e21ee058,Gianto Ok,https://play-lh.googleusercontent.com/a/ACg8ocLPX6WZ6kti2js_esR5FGNvQaZtdBzLxrf2hWknQb-S_cIeNg=mo,memang mantap,5,0,5.2.75,2025-12-08 06:22:46,"Wah, makasih ya Kak Gianto buat bintangnya. Kak, tau ga sih, PLN Mobile skrng udah bisa beli Kebutuhan sehari hari lho, yuk kepoin di Marketplace, cus belanja. Have a nice day. -SU
",2025-09-16 02:35:28,5.2.75,memang mantap
1d89a509-1fa7-445b-80bd-13584b59ee46,Lukman tambose,https://play-lh.googleusercontent.com/a/ACg8ocLDBqp51Npcjs3x_Ov5k7ScoM7fjaaZ_tHIA4YL_9UOTRdpXXgr=mo,Lebih mudah untuk pengaduan gangguan listrik.. Siip dech... sat set josss maning maning zem zem zuuu,5,0,5.2.75,2025-12-08 06:22:41,"Yuhuu Kakak Lukman. Makasih buat ulasannya ya, wah semoga pengalaman menggunakan PLN Mobile selalu menyenangkan ya Kak. Ga usah risau, di aplikasi PLN Mobile bayar tagihan kini bisa sambil rebahan. Have a great day -CM
",2025-09-19 04:54:05,5.2.75,lebih mudah untuk pengaduan gangguan listrik siip dech sat set josss maning maning zem zem zuuu
60bc3817-8db0-4337-969b-1da8d433dc64,imelda sukma,https://play-lh.googleusercontent.com/a/ACg8ocJ80vc2sq5tUIoeid3gH_ZASSR_ci0toMxJLfXsCOGzykGurg=mo,top aplikasi membantu urusan PLN secara online. mantap,5,0,5.2.75,2025-12-08 06:22:34,"Makasih ya Kak melda udah kasih feedback positif. Seneng rasanya PLN Mobile bisa bantu hidup kamu jadi lebih praktis. Cukup buka aplikasi, semua urusan listrik langsung beres. Yuk, ajak sahabat kamu cobain kemudahan PLN Mobile. Lagi banyak promo menarik loh. Jangan sampai nyesel belakangan. Sehat terus yaa. :) -SH
",2025-09-19 11:56:03,5.2.75,top aplikasi membantu urusan pln secara online mantap
728c8fd3-91b8-467b-ad36-0dc0b8f90c57,Ratna Noviani,https://play-lh.googleusercontent.com/a/ACg8ocJQ8AZMUlUgWc9oQBhlcmwu2lTRahHGnj68RMD7bNGp3wfHfQ=mo,bagus dan cepat sangat mudah sekali,5,0,5.2.75,2025-12-08 06:22:21,"Hai Kak Ratna, mimin ucapkan terima kasih jg atas apresiasi yg diberikan. Pastinya mimin berkomitmen serta konsisten utk selalu menghadirkan platform yg solutif dlm menjawab harapan2 pelanggan setia PLN Mobile. Yuk, langsung diajak kerabatnya buat pakai PLN Mobile dlm mengurus kebutuhan listrik rumah. Salam PLN Terbaik. :) -MF",2025-12-08 07:25:05,5.2.75,bagus dan cepat sangat mudah sekali
5cdd24fe-93ca-477b-a5cf-91b70998aca9,Adnan Ardhani Channel,https://play-lh.googleusercontent.com/a-/ALV-UjW2MQw_kjx-idXLSYKDLxBJ3wndYYc0w2nE3dJOzMgD0X84Fkiy,PLN MOBILE KEREN,5,0,5.2.75,2025-12-08 06:21:49,"Halo Kak Adnan, tks buat ulasan terbaiknya. Tentu PLN selalu hadirkan platform terbaik dgn menciptakan produk layanan yg handal, solutif & makin efisien serta trs melangkah maju dlm memberikan manfaat terutama di era digitalisasi. Jgn lupa ya Kak, diajak juga kerabat serta keluaganya utk menggunakan PLN Mobile. Have a nice day. :) -MF",2025-12-08 07:24:58,5.2.75,pln mobile keren
2d9559e5-c5ef-40e9-85fe-607d52df40de,Roni DozZer,https://play-lh.googleusercontent.com/a-/ALV-UjWhXP11oQcHKBzy2jRgeHeE-yfEpDdEnhDJw9-aI6Ffw5XPBb08,"Mempermudah pelayan , dan info² kelistrikan",5,0,5.2.75,2025-12-08 06:21:38,"Halo Kak Roni, thanks bgt loh ya Kak udah kasih bintang 5 nya. Kami seneng bgt Kk terbantu sekali dgn hadirnya PLN Mobile. Stay safe dan sukses selalu ya buat Kk -AS",2021-10-14 15:39:48,5.2.75,mempermudah pelayan dan info kelistrikan
a58c2073-b641-45a8-9ff5-b0c4444aea2d,Muh adzriel Bj,https://play-lh.googleusercontent.com/a/ACg8ocKAMENKlhZ_kLChbwZ7GZHLkgtz7MACWIHPpDgWYp8uMyM4wg=mo,pln luar biasa,5,0,,2025-12-08 06:21:20,"Hai Kak Adzriel. Mimin senang sekali dgn apresiasi yg Kk berikan, thanks ya. Mimin tdk akan pernah berhenti utk selalu memberikan yg terbaik buat Kk, terutama dlm melayani kebutuhan listrik seluruh pelanggan. Kuyy, ajak jg keluarganya utk pakai PLN Mobile Kak. Semoga pengalaman bersama layanan digital PLN ini semakin menyenangkan. :) -MF",2025-12-08 07:24:37,,pln luar biasa
44a6ddff-8795-4feb-9c8d-22a44514ea2a,Hariyanto Harness,https://play-lh.googleusercontent.com/a/ACg8ocLfLknYVt0XJDoULvvQxI0XeI97pi9S7dhTt1pLW-mTsXlCWA=mo,sangat membantu dan mudah sekali,5,0,5.2.75,2025-12-08 06:21:13,"Halo Kak Hariyanto, mimin ucapkan terima kasih atas ulasan yg diberikan. Pastinya PLN berkomitmen serta konsisten utk selalu menghadirkan platform yg solutif dlm menjawab harapan2 pelanggan setia PLN Mobile. Yuk, langsung ajak keluarganya untuk pakai PLN Mobile buat mengurus keperluan listrik rumah. Salam PLN Terbaik. :) -MF",2025-12-08 07:24:28,5.2.75,sangat membantu dan mudah sekali
48913e4f-c0ea-46b4-a72e-817d7ee5b2c7,thania channel,https://play-lh.googleusercontent.com/a-/ALV-UjXxbZ9y7kG1teZXsaFDBXaYzswnKSVH7GNA-pSv1XfLoodbq5qD,satu untuk semua,5,0,5.2.75,2025-12-08 06:20:43,"Halo Kak Thania. Tentu PLN trs berinovasi & bersinergi dlm menghadirkan layanan, serta platform terbaik dgn fitur yg semakin user friendly dlm menjawab harapan2 seluruh pelanggan. Kuy, jgn lupa diajak kerabat Kk utk menggunakan PLN Mobile. Terima kasih juga buat bintang 5 nya ya Kak. Have a nice day. :) -MF",2025-12-08 07:24:12,5.2.75,satu untuk semua
53433993-9a31-4449-acfe-0000ec8a98f1,Riski Krn,https://play-lh.googleusercontent.com/a/ACg8ocI85pmVTkY9gJU2mxbbJeU2b2431nTpEQ_NC9Ru1P-E_og7pg=mo,pln mobile mantap proses apapun cepat,5,0,,2025-12-08 06:19:51,"Yuhu Kak Riski. Thanks yah buat bintang cantik & juga apresiasinya, semoga Kk selalu nyaman serta makin setia dalam menggunakan PLN Mobile. PLN Mobile anti ribet, yok diajak teman serta kerabatnya untuk download layanan digital PLN ini sekarang juga. Admin tunggu ya Kak, sehat selalu. :) -MF",2025-12-08 07:23:56,,pln mobile mantap proses apapun cepat
e95aac66-6c41-4649-b55e-ac16d3595f00,Dirgan Gan,https://play-lh.googleusercontent.com/a/ACg8ocJQO5n_uiQ5xfYhKQ83OAK6AMfdyYCg4EqpBj0QO7m1cyVDAA=mo,gampang dan mudah,5,0,5.2.75,2025-12-08 06:19:23,"Hai Kak, makasih buat bintang 5 nya ya & admin senang mendengar apresiasi yg Kk berikan. Semoga dgn adanya layanan digital PLN ini bisa meningkatkan kemudahan melayani pelanggan hanya dalam satu genggaman apk. Buruan ajak kerabatnya jg untuk download PLN Mobile dalam mengurus kebutuhan listriknya ya. Sukses buat Kk Dirgan & sehat selalu yah. :) -MF",2025-12-08 07:23:33,5.2.75,gampang dan mudah
766a1112-f146-46bb-8b37-8082635545bb,Aghna Azkani Saktya,https://play-lh.googleusercontent.com/a-/ALV-UjWiZIvKI7jZxanunHxIepy3T0lld-04PmKs6KUZ1E896b8jmisD,"aplikasi ini sangat membantu saya ketika terjadi kendala saat listrik padam, melakukan pengaduan di pln mobile dan di tanggapi dengan cepat oleh petugas, mantap sekali pln mobile..",5,0,5.2.75,2025-12-08 06:19:16,"Halo Kak Aghna, sebelumnya mimin ucapkan terima kasih jg buat apresiasi yg diberikan yah. Hal ini jd acuan buat mimin utk trs meningkatkan kualitas pelayanan yg semakin responsif ke depannya dlm melayani kebutuhan pelanggan. PLN Mobile anti ribet, yuk diajak teman serta kerabatnya untuk download layanan digital PLN ini sekarang jg. :) -MF",2025-07-12 04:25:31,5.2.75,aplikasi ini sangat membantu saya ketika terjadi kendala saat listrik padam melakukan pengaduan di pln mobile dan di tanggapi dengan cepat oleh petugas mantap sekali pln mobile
ac993d33-990d-4e95-8cde-829f3054b5df,Ija Aa,https://play-lh.googleusercontent.com/a/ACg8ocLZ2l_bD_bKou5Lu_F1RZuFw8HC131xIei1Y0bEzKvlGd5CmQ=mo,"semenjak ada aplikasi pln mobile, pengajuan tambah daya, pasang baru, jadi lebih mudah.",5,0,5.2.75,2025-12-08 06:19:12,"Kak Ija, makasih ya udah jadi pengguna PLN Mobile. PLN Mobile emang jagonya penuhin kebutuhan listrik pelanggan jadi lebih praktis. Dengan fitur-fitur kekinian yg gampang banget diakses, membuat PLN Mobile cocok digunakan siapa saja yang membutuhkan. Salam sehat selalu. :) -FE",2025-12-03 03:03:24,5.2.75,semenjak ada aplikasi pln mobile pengajuan tambah daya pasang baru jadi lebih mudah
65d6c34c-9b49-4ad2-b57e-da6b5a61ea80,hendri dwi saputra,https://play-lh.googleusercontent.com/a-/ALV-UjXnROAPsiiW35AMFgjnLWvDMDU-kWlA6H8298fIy1ozEclPoLQ,"Pln mobile , kemudahan dalam proses pelayanan 1 pintu",5,0,5.2.75,2025-12-08 06:18:55,Hallo Kak Dwi. Makasih buat penilaiannya. Semoga PLN Mobile bisa meningkatkan kemudahan dalam melayani pelanggan PLN. Ayo ajak keluarga/teman/kerabat untuk mendownload PLN Mobile dan nikmati kemudahannya. Stay safe ya. -MS,2025-09-07 06:29:12,5.2.75,pln mobile kemudahan dalam proses pelayanan 1 pintu
67886457-5204-4dde-928c-cc05884a92b9,Hasanuddin Achink,https://play-lh.googleusercontent.com/a/ACg8ocKkLKqgEm88VXeMjsYZ7Ouho_HYEIb67yXbyqDYRKHz66SRfg=mo,"Lengkap, cepat, tepat, terpercaya. maju terus dengan pelayanan terbaik",5,0,5.2.75,2025-12-08 06:18:36,"Hallo Kak Hasanuddin, tks yaw udah kasih bintang 5. Pln Mobile anti ribet. yok aja temenmu tuk download sekarang juga. Have a nice day. -HJ
",2025-09-18 08:17:31,5.2.75,lengkap cepat tepat terpercaya maju terus dengan pelayanan terbaik
1aa327cd-222a-4b4c-bfe0-d9d2d95988c5,Imam Sudrajat,https://play-lh.googleusercontent.com/a/ACg8ocJ4jJI6MnHdCMFwhlNurxePXfOvovk5kPpsqg7zrM3kpr8xEQ=mo,aplikasinya sangat membantu khususnya utk pelaporan gangguan,5,0,5.2.75,2025-12-08 06:18:18,"Halo Kak Imam. Dengan adanya layanan digital PLN ini sbg wadah buat pelanggan dlm berinteraksi dgn PLN & jg bertransaksi dimanapun makin simple, serta terjangkau. Yuk, diingatkan jg kerabat & keluarga Kk utk menggunakan PLN Mobile terutama dlm mengurus kebutuhan listrik rumah hanya dlm 1 genggaman apk. Thanks, sukses selalu ya Kak. :) -MF",2025-12-08 07:23:18,5.2.75,aplikasinya sangat membantu khususnya utk pelaporan gangguan
96869899-fde2-4551-a07d-f15c8664aa0d,Alex Alex,https://play-lh.googleusercontent.com/a/ACg8ocLs9TBOPlzyi5-hYh7T2ALRxVMBO_68javy2G9gzZUBypIzPA=mo,"PLN mobile sanggat membantu pelangan, PLN mobile 👍",5,0,5.2.75,2025-12-08 06:17:58,"Hallo Kak Alex, terima kasih atas reviewnya. Untuk saat ini PLN Mobile sudah menyediakan fitur Pembatalan Pengaduan berikut langkah2nya : Klik Profile - Daftar riwayat - Pengaduan - Pilih No. lapor yang akan dibatalkan - Klik Batalkan Pengaduan. Trims ya Kak -LQ",2025-09-19 15:46:52,5.2.75,pln mobile sanggat membantu pelangan pln mobile
3b9268be-261f-4ef2-b164-e717cc96e548,Kohir Ahwali,https://play-lh.googleusercontent.com/a/ACg8ocJ2B_jrVXEr-0PmeE_MGzmtBNEqvc5ThJkCW66X6swtQ6aLIw=mo,moga lebih baik lagi,5,0,5.2.75,2025-12-08 06:17:17,"Kk Kohir, sebelumnya mimin ingin berterima kasih pd Kk buat apresiasi yg diberikan. Agar makin selaras dgn ulasan Kk, yuk tambah lg bintangnya jd 5. Jgn lupa diajak jg kerabatnya buat pakai PLN Mobile. Seumpama ada hal yg ingin Kk sampaikan, Kk dpt infokan ke media layanan resmi PLN. Mimin senantiasa berikan yg terbaik utk Plgn. Sehat selalu :) -MF",2025-12-08 07:23:01,5.2.75,moga lebih baik lagi
6b66f5e2-7752-4789-9442-04fd39c456cb,Budi Gool,https://play-lh.googleusercontent.com/a/ACg8ocK0DCjltLKbGf8f1bGEzvtRjyXOsucg5SMo3-pKH9MJVU10Hg=mo,pln mobile oyeee 👍👍👍,5,0,5.2.75,2025-12-08 06:16:52,"Hi Kak Budi, waah terima kasih atas review yang diberikan, ditunggu update info dan promo lainnya ya Kak, dapat dilihat di menu Promosi & Informasi. Salam sehat selalu ya Kak. -LQ",2025-09-19 15:48:03,5.2.75,pln mobile oyeee
a19cf370-edd6-490c-badd-0acb2fbff4ff,Samin,https://play-lh.googleusercontent.com/a-/ALV-UjVusGKnV3P2VY_LI8HgiTwF6ybV0aoBhcEKJm3SdohkafXeGSTrhg,aolikasi bgus untuk kelistrikan mksh,5,1,5.2.75,2025-12-08 06:16:37,"Hai Kak Samin, thanks juga ya buat rating 5 nya utk layanan digital PLN. Di era perkembangan digital, pastinya PLN Mobile mimin hadirkan sbg platform dlm memenuhi semua keperluan listrik rumah agar makin mudah hanya dlm 1 genggaman aplikasi. Jgn lupa ya Kak, rekomendasikan juga kpd keluaga Kk utk menggunakan PLN Mobile. Have a nice day. :) -MF",2025-12-08 07:22:45,5.2.75,aolikasi bgus untuk kelistrikan mksh
508ecd3a-3100-4135-93c0-493dcb28a95d,Muhammad Rizki,https://play-lh.googleusercontent.com/a/ACg8ocIOAB7H-1xsPonreFKUy4P21pAY8fxqobhqUT9vFYuLxma_Jg=mo,aplikasi memudahkan untuk melakukan transaksi 👍🏼,5,0,5.2.75,2025-12-08 06:16:18,"Halo Kak Muhammad, Makasih yaa buat review & rating bintang 5 nya Mimin senang banget. Ga usah risau, di aplikasi PLN Mobile bayar tagihan kini bisa sambil rebahan. Have a nice day. -CM
",2025-09-19 04:58:07,5.2.75,aplikasi memudahkan untuk melakukan transaksi
9831201b-fb55-43e1-8970-cf610bb9742b,Rachim Rachim,https://play-lh.googleusercontent.com/a/ACg8ocJ6dpMtdpU7auF1UyBeRLESrBbOOkPqbopDwk_i0oqqBOQ99g=mo,app sangat membantu buat pelanggan,5,0,5.2.75,2025-12-08 06:16:10,"Hallo Kak Rachim, wah mimin turut bersuka cita ya & thanks jg buat feedback, serta bintang 5 nya. Kuyy, diajak juga besti Kk buat tambah daya di aplikasi PLN Mobile. Dipantau jg bila ada Promo yg menarik pd menu Event, serta Promosi & Informasi di beranda PLN Mobile. Semoga pengalaman bersama layanan digital PLN ini selalu menyenangkan ya. :) -MF",2025-12-08 07:22:35,5.2.75,app sangat membantu buat pelanggan
a4b1d5bc-e69c-423f-ae8d-29f0128dbe74,Wenda Oky,https://play-lh.googleusercontent.com/a/ACg8ocJtSNr7vKSPBOqH7wT9SYaSLlFJuFTlQtxq904c6Z136qsiFQ=mo,sangat membantu👍,5,0,5.2.75,2025-12-08 06:15:57,"Hai Kak. Seneng deh baca ulasannya. FYI nih kak, di PLN Mobile banyak banget promonya lho, Kakak bisa share ke Temen dan Keluarga ya kak. Thanks ya Kak. -ME",2025-09-07 06:43:02,5.2.75,sangat membantu
8fd5a20d-6477-48cd-bfb6-497d3c2d52e5,"C,12 Nisa",https://play-lh.googleusercontent.com/a/ACg8ocLkS2gGKJ7OUajDtFsxHcuzOipfg_NM6scs_tdstCo7rYkcSA=mo,aplikasi pln mobile ini sangat membantu sekali bagi pengguna layanan pln pokoknya is the best sekali👌👍👍,5,0,5.2.75,2025-12-08 06:15:47,"Halo Kak Nisa, makasih buat ulasannya ya, wah semoga pengalaman menggunakan PLN Mobile selalu menyenangkan ya Kak. Ditunggu update info dan promo lainnya nanti ya. Ayo ajak keluarga/teman/kerabat untuk mendownload PLN Mobile dan nikmati kemudahannya. Salam sehat selalu. :) -MF",2025-12-08 07:08:48,5.2.75,aplikasi pln mobile ini sangat membantu sekali bagi pengguna layanan pln pokoknya is the best sekali
b24848f2-f565-4da7-9390-4a885a656f44,M. Khairul Azhar,https://play-lh.googleusercontent.com/a-/ALV-UjVth-6Vi90IqzFZJx81jPChW5_nANesBCTen_Wf1Ws55oBu-NKlVg,"semenjak adaplikasi semakin mudah dan semakin cepat untuk melaporkan gangguan terhadap kelistrikan, terbaik pokoknya mantapppppp",5,0,5.2.75,2025-12-08 06:13:37,"Yuhu Kak Khairul, Tengkyu ya Kak penilaiannya buat PLN Mobile. Ayo ajak keluargamu download PLN Mobile. Kamu bisa dapat informasi dan Promo PLN hanya dengan rebahan, loh. Have a great day-AK
",2025-08-09 02:55:54,5.2.75,semenjak adaplikasi semakin mudah dan semakin cepat untuk melaporkan gangguan terhadap kelistrikan terbaik pokoknya mantapppppp
910d9e8a-b04c-4e93-911b-a92a050b247c,Agres Lia,https://play-lh.googleusercontent.com/a/ACg8ocLwSDjsBCZ2__v6ablK1k6XBoRvCDBRMe6oxJ6tUteTAZL4ng=mo,pelayanan cepat,5,0,5.2.75,2025-12-08 06:12:45,"Hai Kak Agres, mimin ucapkan terima kasih buat rating terbaiknya. Tentu PLN senantiasa memberikan layanan-layanan yg semakin efektif, solutif & responsif. Yuk, jgn lupa diajak jg kerabat serta keluarganya utk menggunakan PLN Mobile segala kebutuhan listrik rumah. Have a nice day Kak. :) -MF",2025-12-08 07:08:14,5.2.75,pelayanan cepat
fc2cccf8-36ad-4fb7-a7eb-f81ff8e968c0,Nur Akhiroh,https://play-lh.googleusercontent.com/a/ACg8ocLm0YvzpiJcZIl4lG4t1Hb9Nb0eXnKfhyrcu3SA0ia5EMJbjg=mo,mantap,5,0,,2025-12-08 06:11:42,"Hai Kak Akhiroh. Mimin seneng deh kalo Kakak sdh terbantu sama aplikasi PLN Mobile. Yuk nikmati juga berbagai fitur yg tersedia di layanan digital PLN ini, karena semua semakin mudah dalam satu genggaman aplikasi. Praktis bangetkan. Kuyy, diajak jg kerabatnya buat pakai PLN Mobile. Have a nice day Kak. :) -MF",2025-12-08 07:08:03,,mantap
1357a6a8-d063-4f25-ac34-fd57fd588edf,Z Rifa'i,https://play-lh.googleusercontent.com/a-/ALV-UjXH0jmWUpFOqYkkt62YSEWwD22tZPrZ67Vwydj0j4kdbJUD5yOD,"ditunggu promo tambahdaya selanjutnya, sangat cocok untuk konsumsi listrik besar",5,0,5.2.75,2025-12-08 06:11:30,"Hai Kakak Rifa'i, Bisa aja nih Kak. Btw makasih ya Kak untuk feedbacknya. PLN Mobile anti ribet. yok aja temenmu tuk download sekarang juga. Have a nice day. -CM
",2025-09-19 04:53:41,5.2.75,ditunggu promo tambahdaya selanjutnya sangat cocok untuk konsumsi listrik besar
794649d5-a22e-431e-afe4-c486625b2fcb,coll ad88,https://play-lh.googleusercontent.com/a/ACg8ocIRByud4RKZM7pttKWKauwHV7xm1ClTNCfkRJQC6Sx3LiY3Iw=mo,Banyak Promo Vouchernya...,5,0,5.2.75,2025-12-08 06:11:23,"Thanks Kak, atas ulasan positifnya. Semoga PLN Mobile selalu jadi solusi terbaik untuk kebutuhan listrik. Stay Healthy -SU
",2025-09-16 02:10:47,5.2.75,banyak promo vouchernya
2ff35b5f-01d4-4e57-bdd7-8c27a0c2f18a,PANCA NIAGARA,https://play-lh.googleusercontent.com/a-/ALV-UjUyCZViDFVYdHqWIYU7DrhlvAvxOpmfHsOu4ljJjFNV6WbexAOK,aplnya sangat membantu kita untuk melaporkan jika terjadinya gangguan listrik dirumah kita,5,0,5.2.75,2025-12-08 06:11:15,"Hai Kak Panca. Mimin senang sekali dgn apresiasi yg Kk berikan, thanks ya. Mimin tdk akan pernah berhenti utk selalu memberikan yg terbaik buat Kk, terutama dlm melayani kebutuhan listrik seluruh pelanggan. Kuyy, ajak bestinya jg buat pakai PLN Mobile. Semoga pengalaman bersama layanan digital PLN ini semakin menyenangkan. Sehat selalu. :) -MF",2025-12-08 07:07:57,5.2.75,aplnya sangat membantu kita untuk melaporkan jika terjadinya gangguan listrik dirumah kita
39bb2118-144f-46b2-a7e9-88df90230e64,Gibson Simanjuntak,https://play-lh.googleusercontent.com/a/ACg8ocJcQsTBiwHdx2IrUCNfX1W4twHh4eSt55nSZhKq02v2_iRN0w=mo,respon cepat.,5,0,5.2.75,2025-12-08 06:11:15,"Yuhu Kak Gibson. Makasih yah buat bintangnya, semoga Kk selalu nyaman menggunakan dalam menggunakan layanan digital PLN. PLN Mobile anti ribet, yok aja temennya & kerabat Kk buat download sekarang juga. Mimin tunggu ya Kak, stay safe! :) -MF",2025-12-08 07:07:50,5.2.75,respon cepat
0f05a42d-8caa-4a2f-80fc-b73a0343e34f,samsul arifin,https://play-lh.googleusercontent.com/a-/ALV-UjUPpxpee3KeXFLuvMCDXne7c-p42HGZj9pZ22P3Dxu0EDxagVzW,Maju,5,1,5.2.75,2025-12-08 06:11:10,"Halo Kak Samsul, bisa aja nih Kakak. Btw makasih ya Kak untuk feedbacknya. Ditunggu update info dan promo lainnya ya Kak, dapat dilihat di menu Promosi & Informasi. Salam PLN Terbaik - JA",2025-09-12 09:35:13,5.2.75,maju
7c01a1f8-84a2-4718-b64e-7be430284579,Kang Bagyo,https://play-lh.googleusercontent.com/a/ACg8ocKouS0IRyLepR95FMmetq2L4Ns2lGNMRwmKyF3ztvmv2AHe=mo,pln mobile sangat membantu dlm urusan kelistrikan,5,0,5.2.75,2025-12-08 06:09:03,"Halo Kak Bagyo. Mimin seneng deh kalo Kakak suka sama aplikasi PLN Mobile. Nikmati jg fitur penyambungan baru & tambah dayanya ya Kak, semua mudah dalam satu genggaman. Praktis bangetkan. Kuyy, diajak jg besti2 Kk buat pakai PLN Mobile dlm mengurus keperluan listrik rumah. Have a nice day. :) -MF",2025-12-08 07:07:28,5.2.75,pln mobile sangat membantu dlm urusan kelistrikan
573d2f89-59ad-4998-acb9-c171e267379c,Lilis Mikha,https://play-lh.googleusercontent.com/a/ACg8ocLJm37unQWL7-aapk1GRcam7rjh-Z27c5AlCHiurGZMQtVqUQ=mo,pananganan cepat.. banyak promo yg di tawarkan.. petugas sangat ramah..,5,0,5.2.75,2025-12-08 06:08:40,"Hai Kak Lilis. Admin senantiasa berupaya hadirkan fitur yg makin sempurna dlm memenuhi kebutuhan kelistrikan pelanggan. Admin jg akan selalu berinovasi ke depannya demi menciptakan kualitas fitur layanan yg efektif, agar PLN Mobile ttp jd platform yg unggul. Yuk, di ajak keluarga Kk utk menggunakan PLN Mobile. Stay healthy Kak. :) -MF",2025-12-08 07:07:22,5.2.75,pananganan cepat banyak promo yg di tawarkan petugas sangat ramah
f63c8246-c76e-4d97-886f-a29c4134bd96,Damar Hadi,https://play-lh.googleusercontent.com/a-/ALV-UjUiedgDrqgGDMksUO-DA3FRQTl0ZWYeEAoIPi9ccK2-i8twHohj,mantap,5,0,,2025-12-08 06:08:25,"Hai Kak Damar, terima kasih buat atensinya terhadap layanan digital PLN. Mimin senantiasa selalu meningkatkan setiap fitur layanan yg ada di PLN Mobile agar dpt membantu pelanggan dgn maksimal dlm memenuhi kebutuhan kelistrikannya. Kuy, ajak keluarga Kk buat pakai PLN Mobile ya. Have a great day. :) -MF",2025-12-08 07:07:15,,mantap
ecbb110c-8133-4019-ba09-8915b51a16b7,Hilal Ahmada,https://play-lh.googleusercontent.com/a/ACg8ocJIETU4unuTQ_6jKjeLylIZyTMpMeFyMfhvJ1W7jFdNpVX78Q=mo,cukup membantu,5,0,5.2.75,2025-12-08 06:08:01,"Halo, tentu PLN Mobile admin hadirkan demi menjawab harapan & memenuhi kebutuhan listrik Plgn. Hal ini diharapkan supaya Plgn & khususnya Kk jg memiliki kanal yg lbh cepat dlm berinteraksi dgn PLN dimanapun, serta makin mudah hanya dlm 1 genggaman. Kuy, ajak bestinya jg buat menggunakan layanan digital PLN. Thx, sukses selalu Kak Hilal. :) -MF",2025-12-08 07:07:07,5.2.75,cukup membantu
70780a8a-f3af-4d93-909d-0ec06f4e6482,Iman Iman ahyarudin,https://play-lh.googleusercontent.com/a/ACg8ocIRhE7TH0xb-zcJMo4_jYeeh4gqhEWy_e_rgxecoKYvObfE5g=mo,mantap,5,0,5.2.75,2025-12-08 06:06:17,"Yuhu Kak Iman, wah makasih ya buat feedback & bintang 5 nya. Pastinya PLN senantiasa memberikan layanan-layanan yg semakin inovatif, efektif serta solutif. Kalau perlu diajak jg kerabat serta keluarganya yuk, utk menggunakan PLN Mobile dlm mengurus segala kebutuhan listrik rumah. Sukses selalu Kak. :) -MF",2025-12-08 06:48:23,5.2.75,mantap
dd602453-dbbc-49f9-9106-b903fe35bacb,Farid Eko Nugroho,https://play-lh.googleusercontent.com/a-/ALV-UjVZlEgNHf3O-fMieRoy9ZQF9rI_HrOqkFf_JsN2KVYaRpoMatD9,"Dalam riuh hidup, aplikasi ini jadi penolong kecil yang berarti. Mengurus listrik tak lagi seberat dulu. Sederhana, tapi tepat.",5,0,5.2.75,2025-12-08 06:04:40,"Hai Kak Farid. Terima Kasih sudah memberikan rating cantiknya untuk aplikasi PLN Mobile. Ditunggu update info dan promo lainnya ya Kak, dapat dilihat di menu Promosi & Informasi. Have a great day. -CM
",2025-09-19 04:57:08,5.2.75,dalam riuh hidup aplikasi ini jadi penolong kecil yang berarti mengurus listrik tak lagi seberat dulu sederhana tapi tepat
d1799432-b480-4856-b6aa-8948b4b96352,heru purwanto,https://play-lh.googleusercontent.com/a/ACg8ocKwQxzTQWgmEbS5ezZgLKeHsECOHIlfu7WMjjOcKNXtieV85A=mo,PLN MOBILE Banyak Discount promonya...,5,0,5.2.75,2025-12-08 06:03:29,"Hallo Kak Heru, Wah seneng deh baca ulasannya. Jika butuh riwayat pemakaian kWh, ga perlu khawatir, tersedia loh di PLN Mobile. Have a nice day -SU
",2025-09-16 02:36:19,5.2.75,pln mobile banyak discount promonya
a90a2250-d1d9-42ac-bf77-e7db06deb46a,Leksana sugiono,https://play-lh.googleusercontent.com/a-/ALV-UjWu3Wint9WpwTxcKmwKnL-10TcGdJjJIZaK6-RLppiQHTLINHc,mksh pln listrik udah nyala buat bumdes klahang...siip.,5,0,5.2.75,2025-12-08 06:03:11,"Halo Kak Leksana, mimin ucapkan terima kasih atas ulasan yg diberikan. Pastinya PLN berkomitmen serta konsisten utk selalu menghadirkan platform yg solutif dlm menjawab harapan2 pelanggan setia PLN Mobile. Yuk, ajak juga keluarga Kk buat pakai PLN Mobile dlm mengurus kebutuhan listrik rumahnya. Salam PLN Terbaik. :) -MF",2025-12-08 06:48:17,5.2.75,mksh pln listrik udah nyala buat bumdes klahang siip
e333bbdc-aa1a-458c-b28b-82de3b43e9df,Kasman Sapsuha,https://play-lh.googleusercontent.com/a/ACg8ocJqo4g-GGQBETGjnjxZH2AhOcvSDaqt0oQY8Xe29c_P5nY8Iw=mo,"Dari tagihan, aduan, hingga e-billing dan marketplace semua bisa dilakukan di sath aplikasi.👍👍",5,0,5.2.75,2025-12-08 06:03:09,"Hai kak Terima kasih ya Kak Reviewnya, kamu bisa urus perihal kelistrikan lewat smartphone-mu, dari mana saja dan kapan saja via aplikasi PLN Mobile. Stay Healthy. -ME",2025-09-03 04:46:50,5.2.75,dari tagihan aduan hingga e billing dan marketplace semua bisa dilakukan di sath aplikasi
e151ba47-fc10-438c-9f6c-ee32286fb0e8,Mochamad Oedhin,https://play-lh.googleusercontent.com/a-/ALV-UjWCizMagPkRbginODxn4UMCOTGBQHJrNFbTTcRW9xhwnUpxRJrG,PLN cepat,5,0,5.2.75,2025-12-08 06:02:30,"Hai Kak, makasih buat bintang 5 nya ya & mimin senang mendengar apresiasi yg Kk berikan. Semoga dgn adanya layanan digital PLN ini bisa meningkatkan kemudahan melayani pelanggan hanya dalam satu genggaman apk. Buruan ajak kerabatnya jg untuk download PLN Mobile dalam mengurus kebutuhan listriknya ya. Sehat selalu Kak Oedhin. :) -MF",2025-12-08 06:48:06,5.2.75,pln cepat
403257fc-5bde-4e84-ac07-18853def7a12,Ardi Nova,https://play-lh.googleusercontent.com/a/ACg8ocI5bFBKbyHCynDPKl987Soje67aHQgMqKQZ090usgU9T6FHB0Ch=mo,"banyak fitur yang bisa diakses seperti beli token, bayar listrik bulanan, pengaduan, pengajuan pasang baru dan tambah daya langsung lewat PLN mobile memudahkan penggunanya, pelayanannya juga cepat. sekarang tiap bulan bisa Catat meter sendiri dengan Swacam 👍🏻👍🏻",5,26,5.2.75,2025-12-08 06:02:19,"Hello Kakak Ardi, Mimin seneng deh kalo Kaka suka sama aplikasi PLN Mobile. Manfaatkan fitur SwaCAM untuk melakukan Catat meter mandiri ya Kak. Have a nice day -CM
",2025-09-19 04:54:53,5.2.75,banyak fitur yang bisa diakses seperti beli token bayar listrik bulanan pengaduan pengajuan pasang baru dan tambah daya langsung lewat pln mobile memudahkan penggunanya pelayanannya juga cepat sekarang tiap bulan bisa catat meter sendiri dengan swacam
631b6f49-6d7c-40e5-a253-68e66c9865a2,antonbudis,https://play-lh.googleusercontent.com/a-/ALV-UjUku893xCh5-6KhO7G6SPT3l-c1dMv0WQCQzFyVIlsStSLrBuZT,"Aplikasi PLN mobile ini sangat membantu dan mempermudah dlm kebutuhan terhadap PLN , karena segala bentuk permohonan dan pengaduan sudah ada di aplikasi pln mobile ini . Terimakasih PLN sudah mempermudah segala bentuk permohonan dalam 1 aplikasi 😁 . Top deh .............",5,2,5.2.75,2025-12-08 05:59:28,Hai Kak Anton. Trims ya buat ulasannya. Undang dan dapatkan kupon undian berhadiah setiap mengajak temanmu bergabung dengan kode referallmu ya. Sukses buat Kakak yah-FY,2025-09-19 08:04:56,5.2.75,aplikasi pln mobile ini sangat membantu dan mempermudah dlm kebutuhan terhadap pln karena segala bentuk permohonan dan pengaduan sudah ada di aplikasi pln mobile ini terimakasih pln sudah mempermudah segala bentuk permohonan dalam 1 aplikasi top deh
4a45c433-75d0-454f-816b-ddb22632c607,Miranti Alfazzahra,https://play-lh.googleusercontent.com/a-/ALV-UjVMqNuH_xAtWMtGH0BGeXc2BOvtzxlM4oVXHeuqOCMGNc-xSzE,aplikasi PLN Mobile sangat membantu saya dlm memberikan informasi.. informasi terkait promo naik daya dan pasang baru serta melapor gangguan,5,0,5.2.75,2025-12-08 05:57:37,"Yuhu Kak Miranti. Thanks yah buat bintang cantik & juga apresiasinya, semoga Kk selalu nyaman serta makin setia dalam menggunakan PLN Mobile. PLN Mobile anti ribet, yok diajak teman serta kerabatnya untuk download layanan digital PLN ini sekarang juga. Mimin tunggu ya Kak, sehat selalu. :) -MF",2025-12-08 06:47:17,5.2.75,aplikasi pln mobile sangat membantu saya dlm memberikan informasi informasi terkait promo naik daya dan pasang baru serta melapor gangguan
dd2a502c-2608-421c-bc79-df22783ae279,Anisa N,https://play-lh.googleusercontent.com/a-/ALV-UjWP4EMFZYgwyD3t9HJH8ePjxNcoLLEVmOIzFKx9noC59Jxjjk_G,oke bets,5,0,5.2.75,2025-12-08 05:57:33,"Kak Anisa, thx ya buat bintang cantik & apresiasi yg diberikan terhadap layanan digital PLN. Di era perkembangan digital, pastinya PLN Mobile mimin hadirkan sbg platform dlm memenuhi semua keperluan listrik rumah agar makin mudah hanya dlm 1 genggaman apk. Fyi nih, di PLN Mobile selalu ada Event & Promo yg menarik. Jgn sampai kelewatan yah. :) -MF",2025-12-08 06:47:09,5.2.75,oke bets
5c80aa00-85ff-4bb2-94bb-955834e1def9,Suradi Suradi,https://play-lh.googleusercontent.com/a/ACg8ocL4seVUDqg7MDCt1FAZUMMwgjWVrhTOzWSC3eUqF8kJ1RZVww=mo,mempermudah pelayanan kelistrikan,5,0,5.2.75,2025-12-08 05:55:08,"Terima kasih, Kak Suradi. Kami ikut senang kalau PLN Mobile bisa bantu dan bikin urusan listrik makin gampang. Mau bayar, ubah daya, atau lapor gangguan, tinggal klik aja. Yuk, share juga ke temen atau keluarga biar mereka ngerasain kemudahannya. Sehat dan semangat selalu yaa. Sehat selalu. Tks -SH
",2025-09-19 11:49:43,5.2.75,mempermudah pelayanan kelistrikan
35c9429c-778b-4208-8478-893fd7ed33ac,Samina kilkoda,https://play-lh.googleusercontent.com/a/ACg8ocK7dShjmwCZtZb2KEkXMQ4JKKYOKg1G-yNXRaAZ6UcDrEyEqg=mo,pln yang terbaik,5,0,,2025-12-08 05:54:54,"Hai Kak Samina, thanks rating 5 nya buat layanan digital PLN ini ya. Di era perkembangan digital, pastinya PLN Mobile mimin hadirkan utk trs menjadi platform yg unggul dlm memenuhi, serta melayani keperluan listrik pelanggan. Jgn lupa ya Kak, diajak juga kerabat serta keluaganya utk menggunakan PLN Mobile. Have a nice day Kak. :) -MF",2025-12-08 06:46:52,,pln yang terbaik
d12822fd-f75c-41a1-b25d-757a39cc3708,Luqman Qalyubi,https://play-lh.googleusercontent.com/a/ACg8ocIiNdV9_BOGBfQBKgMtykenJGPOBs5lFGBgH0TZGnq9yrFoQw=mo,terima kasih pln mobile,5,0,5.2.75,2025-12-08 05:53:19,"Hai Kak Luqman. Mimin seneng deh kalo Kakak suka sama aplikasi PLN Mobile. Yuk nikmati juga berbagai fitur yg tersedia di layanan digital PLN ini, karena semua semakin mudah dalam satu genggaman aplikasi. Praktis bangetkan. Jgn lupa diajak jg kerabatnya buat pakai PLN Mobile yah. Have a nice day Kak. :) -MF",2025-12-08 06:38:51,5.2.75,terima kasih pln mobile
3f7bc740-0985-44a2-8360-067ba969a0d5,Sayekti Suindyah,https://play-lh.googleusercontent.com/a/ACg8ocKgRRZqpiTB7doy4JTz37lslcIKe35hluivyLpJR9mYqRuEOw=mo,top,5,0,,2025-12-08 05:52:25,"Hi Kk Sayekti. Sebelumnya mimin ingin berterima kasih pd Kk buat apresiasi yg diberikan. Jgn lupa di perbaharui aplikasi PLN Mobile nya biar makin optimal ya Kak. PLN selalu hadirkan platform terbaik dgn menciptakan produk layanan yg handal, solutif & makin efisien serta trs melangkah maju dlm memberikan manfaat terutama di era digitalisasi. :) -MF",2025-12-08 06:38:37,,top
58dff8fc-0f6c-4ce5-a82a-abe3db47bdf5,Lila Lukman,https://play-lh.googleusercontent.com/a/ACg8ocKVGvBeBvMOdak8VGgpHQhhF6m6F-rJJ9IlwIglD4putVgInA=mo,sangat membantu,5,0,5.2.75,2025-12-08 05:52:18,"Hai Kak Lila. Sebelumnya mimin ingin berterima kasih pd Kk buat apresiasi yg diberikan. Jgn lupa di ajak jg kerabatnya buat pakai PLN Mobile ya Kak. PLN selalu hadirkan platform terbaik dgn menciptakan produk layanan yg handal, solutif & makin efisien serta trs melangkah maju dlm memberikan manfaat terutama di era digitalisasi. :) -MF",2025-12-08 06:38:28,5.2.75,sangat membantu
33ed7700-ede7-45df-b2bf-6c7c998366b3,lndo,https://play-lh.googleusercontent.com/a/ACg8ocIaWYv3_ZV7KXWPa76Y8I4ffY7ad1wGyqYnv7mfmGlXf6pFWw=mo,"bagus, sngt membantu skli 👍🏼👍🏻",5,0,,2025-12-08 05:52:07,"Yuhu Kak Indo, terima kasih sudah memberikan rating cantiknya untuk aplikasi PLN Mobile. Ayo ajak keluarga Kk juga buat download PLN Mobile dlm mengurus kebutuhan listrik rumah. Disana tentu Kk bisa juga dapat informasi & Promo PLN hanya dengan rebahan, loh. Have a nice day. :) -MF",2025-12-08 06:38:19,,bagus sngt membantu skli
eec54da3-5ce4-491e-b593-24ccd9cd8e1e,Firach,https://play-lh.googleusercontent.com/a/ACg8ocI6oHo3cUfNiTKD2O1znjcQgJJUZhJLcBktLIMt7y_fKAmgnA=mo,bagus sekali aplikasinya sangat membantu untuk pengaduan,5,0,5.2.75,2025-12-08 05:51:27,"Hai Kak Firach, mimin ucapkan terima kasih buat rating terbaiknya. Pastinya PLN senantiasa memberikan layanan-layanan yg semakin inovatif, efektif serta solutif. Segera ajak kerabat serta keluarganya jg utk menggunakan PLN Mobile dlm mengurus segala kebutuhan listrik rumah. Sukses selalu Kak. :) -MF",2025-12-08 06:38:01,5.2.75,bagus sekali aplikasinya sangat membantu untuk pengaduan
aaa62feb-fea7-4dc5-ab76-e7ea673d5331,Noel Aji,https://play-lh.googleusercontent.com/a/ACg8ocI1UpBmBltGLOsaYxAx8OnUt6b667KaNP139NMVDDB_sYfJlQ=mo,Aplikasi PLN Mobile membantu pelanggan melalui berbagai macam aplikasi seperti pengaduan padam maupun membeli token dan membayar rekening listrik. Terimakasih PLN MOBILE.,5,0,5.2.75,2025-12-08 05:50:54,"Halo Kak Noel, terima kasih udah berbagi pengalaman bersama PLN Mobile ya. Kk juga bisa nih sharing dan ajak orang terdekat buat download PLN Mobile, biar kemudahan dan kenyamanan dengan aplikasi ini bisa dirasakan bersama. :) -FE",2025-12-04 04:13:26,5.2.75,aplikasi pln mobile membantu pelanggan melalui berbagai macam aplikasi seperti pengaduan padam maupun membeli token dan membayar rekening listrik terimakasih pln mobile
91f47131-7df9-4139-8493-4a4420825fbb,Fendy Fonda,https://play-lh.googleusercontent.com/a/ACg8ocJAQLrS3VWf13QiKBg-BsFJ2rvq4jNgTH7KetocynlaTbXOJg=mo,bagus👍,5,0,5.2.75,2025-12-08 05:50:34,"Hallo Kak Fendy, wah mimin turut bersuka cita ya & thanks jg buat feedback, serta bintang 5 nya. Semoga pengalaman menggunakan layanan digital PLN ini senantiasa menyenangkan buat Kk & jg makin membantu pelanggan dgn maksimal dlm memenuhi kebutuhan kelistrikannya. Yuk, jgn lupa diajak temen2 Kk utk menggunakan PLN Mobile. Sukses selalu ya. :) -MF",2025-12-08 06:37:57,5.2.75,bagus
07ca225d-b936-4a1f-b278-67824c021ac7,Jerry Ndaumanu,https://play-lh.googleusercontent.com/a/ACg8ocLnfMjASyyW0t6Y1k-8J9i4ZTwTqP_8XNY7z-6go-31fhauWQ=mo,dengan PLN mobile semua semakin mudah,5,0,5.2.75,2025-12-08 05:50:08,"Halo Kak Jerry, mimin seneng deh bila Kk sdh menjadi bagian dari PLN Mobile. Nikmati jg berbagai fitur yg ada ya Kak & pastinya semua makin praktis dalam satu genggaman aplikasi. Yuk, rekomendasikan ke temen & keluarga Kk buat menggunakan layanan digital PLN ini. Terima kasih jg buat bintang cantiknya ya Kak. Salam PLN Terbaik. :) -MF",2025-12-08 06:37:46,5.2.75,dengan pln mobile semua semakin mudah
1e014782-6cf3-42f2-8237-02d19a0e484f,Lintang Pratama,https://play-lh.googleusercontent.com/a/ACg8ocJ8Vhuv5nVA4nqO3vLR9i-VWMDyMzLleV7PnMcjFhPXANeY2A=mo,sangat membantu sekali 👍,5,0,5.2.75,2025-12-08 05:48:07,"Halo Kak Lintang. Makasih yah buat bintangnya, semoga kamu selalu nyaman menggunakan PLN Mobile. Undang dan dapatkan kupon undian berhadiah setiap mengajak temanmu bergabung dengan kode referallmu ya. Have a nice day. -KD

",2022-11-24 04:27:51,5.2.75,sangat membantu sekali
83765986-34e8-461b-a02e-a2b4f7bacb05,Nurul Winindah,https://play-lh.googleusercontent.com/a/ACg8ocIbhDNYV2LTHXHJFUucqmmqJ6EaoztiifftGaK95tdVoI-jcQ=mo,dengan Pln mobile semua jadi lebih mudah,5,0,5.2.75,2025-12-08 05:48:05,"Wah, mimin seneng banget baca ulasan dari Kak Nurul. Thanks ya udah jadi bagian dari pelanggan digital kami. Mimin akan terus kasih pelayanan yg optimal dan praktis untuk pelanggan lewat platform digital yg ada. Yuk, ajak keluarga dan kerabat utk download PLN Mobile. Semoga harinya menyenangkan. :) -FE",2025-12-03 03:59:56,5.2.75,dengan pln mobile semua jadi lebih mudah
ea8a20c1-77df-4dbe-8973-2527a87d25c3,Erna Erna,https://play-lh.googleusercontent.com/a/ACg8ocI_koYGiJk0W_hbp7ee7Xs-62-0aGjfJG2vGIXJh-jI41dDtg=mo,"aku sangat suka aplikasinya,",5,0,5.2.75,2025-12-08 05:48:01,"Hai Kak Erna. Mimin seneng deh kalo Kakak suka, apalagi sdh terbantu dgn adanya aplikasi PLN Mobile. Yuk nikmati juga berbagai fitur yg tersedia di layanan digital PLN ini, karena semua semakin mudah dalam satu genggaman aplikasi. Praktis bangetkan. Yuk, di ajak jg kerabat Kk buat pakai PLN Mobile ya. Have a nice day Kak. :) -MF",2025-12-08 06:37:25,5.2.75,aku sangat suka aplikasinya
c1e89c69-2bb8-4228-8b02-8e57b6388844,Gtx Davos,https://play-lh.googleusercontent.com/a/ACg8ocLcDB7USAD92eHKRy_V_bWUg7m7cTfNLuQZFGZGGUML13Auxg=mo,"Pln mobile bagus.sangat membantu masalah kelistrikan.petugas ramah,cepat&sportif. 👍👍",5,0,5.2.75,2025-12-08 05:45:30,"Thanks Kak udh setia sama PLN Mobile. Fitur2 di dalamnya hadir buat satu tujuan, bikin semua serba cepat dan mudah. Kami percaya, kemudahan kecil bisa bawa kebahagiaan besar. Dan Kk udah jdi bagian dari perjalanan itu. Gak seru kalau nikmatin kemudahan sendirian. Ajak yg tersayang cobain PLN Mobile juga ya, lagi ada banyak kejutan seru. -SH
",2025-09-04 07:06:42,5.2.75,pln mobile bagus sangat membantu masalah kelistrikan petugas ramah cepat sportif
4da1598e-ccc2-4b87-831f-3896fb6ea5dc,Yohanes Janggo,https://play-lh.googleusercontent.com/a/ACg8ocKXEkfrAiJvib1QTovsj8JqRnc3IMp8a8pTZfCfJLwRIaCIrA=mo,pln mobile memang terbaik sudah dan petugas kerja TDK pakai lama setelah ada laporan langsung gas trima kaaih,5,0,5.2.75,2025-12-08 05:44:32,"Makasih banget udah sharing pengalaman, Kak Yohanes. PLN Mobile memang dibuat agar semua pelanggan merasa dimudahkan. Jgn lp ajak kerabat dan keluarga utk download PLN Mobile ya. :) -IP",2025-07-10 08:20:51,5.2.75,pln mobile memang terbaik sudah dan petugas kerja tdk pakai lama setelah ada laporan langsung gas trima kaaih
de61bb0a-e5b9-4162-9da4-1015617f4ee1,Sahratu Ulafa,https://play-lh.googleusercontent.com/a/ACg8ocLU8QnsFJjcyWv6iBfpv04xLGY_FNH8uiPl_N5GJZZkF2GCYA=mo,aplikasi mudah digunakan n sangat membantu kalo ada gangguan lampo padam mudah buat lapor tampa kekantor n bisa dpt info dr aplikasi serta bs byr listrik juga,5,0,5.2.75,2025-12-08 05:43:37,"Halo Kak Sahratu. Thanks yah buat bintang & juga apresiasinya, semoga Kk selalu nyaman serta makin setia dalam menggunakan layanan digital PLN. PLN Mobile anti ribet, yok diajak teman serta kerabatnya untuk download layanan digital PLN ini sekarang juga. Mimin tunggu ya Kak, sehat selalu. :) -MF",2025-12-08 06:36:47,5.2.75,aplikasi mudah digunakan n sangat membantu kalo ada gangguan lampo padam mudah buat lapor tampa kekantor n bisa dpt info dr aplikasi serta bs byr listrik juga
e9b29166-eb61-48be-bfb4-1f0c7fb79dd8,erliksuswanto erliksuswanto,https://play-lh.googleusercontent.com/a/ACg8ocL2ElOzBHX1MLgOHhdOl_M_JMdNwTg7FVs6QvHl35Dv9yqFfw=mo,baik,5,0,5.2.75,2025-12-08 05:42:57,"Hai Kak Erlik. Wah senangnya dpt review positif dr Kk, thanks ya. Semoga Kk makin nyaman dlm menggunakan layanan digital PLN ini. Bila perlu info & bantuan mimin, Kk tinggal sampaikan melalui fitur Pengaduan yg sdh mimin sediakan di apk. Jgn lupa ajak kerabat & teman-teman Kk utk download PLN Mobile & nikmati kemudahannya ya. :) -MF",2025-12-08 06:36:32,5.2.75,baik
eb9ee9b0-b32b-48cf-96b4-843fb8d86b8c,adaam syah,https://play-lh.googleusercontent.com/a/ACg8ocJvUGwxCY_1i5M7BmCVqh2iCgkETC83vAUsrTLu6r23nB4SHw=mo,💯,5,0,5.2.75,2025-12-08 05:42:30,"Halo Kak Adam, mimin ucapkan terima kasih atas ulasan yg diberikan. Pastinya PLN berkomitmen serta konsisten utk selalu menghadirkan platform yg solutif, serta responsif dlm menjawab harapan2 pelanggan setia PLN Mobile. Yuk, segera diajak kerabatnya buat pakai PLN Mobile dlm mengurus keperluan listrik rumah. Salam PLN Terbaik. :) -MF",2025-12-08 06:36:19,5.2.75,
4024fde8-a87e-4b8f-9546-d14e2e93c4d1,muhammad ridwan,https://play-lh.googleusercontent.com/a/ACg8ocIpccLZNm22Q37tmQlMbjIPKFM5ABpjr2EMZrm0ABQpa13VkA=mo,mantap,5,0,5.2.75,2025-12-08 05:41:43,"Halo Kak Ridwan, tks buat ulasan terbaiknya. Tentu PLN selalu hadirkan platform terbaik dgn menciptakan produk layanan yg handal, solutif & makin efisien serta trs melangkah maju dlm memberikan manfaat terutama di era digitalisasi. Jgn lupa ya Kak, diajak juga kerabat serta keluaganya utk menggunakan PLN Mobile. Have a nice day. :) -MF",2025-12-08 06:35:45,5.2.75,mantap
fc1d3804-d549-4fbd-8d69-d12df80b3fd7,Ega Fitriyanaa,https://play-lh.googleusercontent.com/a/ACg8ocIXs95nnwzrUt88hbpan4sicjAYg-V2iaVugjMhqrgFxLE1ig=mo,sangat membantu dan mudah di gunakan,5,0,5.2.75,2025-12-08 05:39:06,"Hai Kak Ega, terima kasih jg buat bintang 5 nya ya. Tentu PLN selalu hadirkan platform terbaik dgn menciptakan produk layanan yg handal, solutif & makin efisien serta trs melangkah maju dlm memberikan manfaat terutama di era digitalisasi. Semoga pengalaman menggunakan PLN Mobile selalu menyenangkan ya Kak. Sehat selalu. :) -MF",2025-12-08 06:35:09,5.2.75,sangat membantu dan mudah di gunakan
15330924-e58c-47a0-88a2-5dcf479de42c,Kamariah Riah,https://play-lh.googleusercontent.com/a/ACg8ocIM984Fz_ooFjLFMprY7xFjQFc8k_TOWkFSseGB6G0cWVk5aQ=mo,biaya admin pembelian token di PLN mobile termasuk murah,5,0,5.2.75,2025-12-08 05:38:39,"Halo Kak Kamariah. Tentu PLN trs berinovasi & bersinergi dlm menghadirkan layanan, serta platform terbaik dgn fitur yg semakin user friendly dlm menjawab harapan2 seluruh pelanggan. Kuy, jgn lupa diajak kerabat Kk utk menggunakan PLN Mobile. Terima kasih juga buat bintang 5 nya ya Kak. Have a nice day. :) -MF",2025-12-08 06:35:00,5.2.75,biaya admin pembelian token di pln mobile termasuk murah
a68af556-1131-4d9a-b365-d020df79b1ee,Isma Nawati,https://play-lh.googleusercontent.com/a-/ALV-UjXtGwH3imC-WkJCzJNQV_vnqNX9EaUkEl106PM5Ob4SV_pJnJoc,memudahkan kami naik daya dan banyak promo dr PLN mobile.,5,0,5.2.75,2025-12-08 05:36:15,"Hai Kak Isma, makasih buat bintang cantik & feedbacknya ya. Semoga PLN Mobile bisa meningkatkan kemudahan dalam melayani pelanggan & khususnya buat Kk ya. Yuk buruan ajak kerabat Kk jg buat download PLN Mobile, serta nikmati jg berbagai Event & Promo yg berlangsung kini. Sukses selalu untuk Kakak yah. :) -MF",2025-12-08 06:34:41,5.2.75,memudahkan kami naik daya dan banyak promo dr pln mobile
41bedd68-5e7d-484c-936f-c1c367be9945,Azwan GT,https://play-lh.googleusercontent.com/a/ACg8ocK31li80HIp6laHXQGIv-Q8Rim45YAc58h0R-NbkF4Sh-OO9A=mo,"PLN MOBILE luar biasa,,downlod pln mobile ya untuk kenyamanan kelistrikan kita bersama....",5,0,5.2.75,2025-12-08 05:33:59,"Halo Kk Azwan, terima kasih atas apresiasinya utk layanan digital PLN. Pastinya mimin berkomitmen serta konsisten utk selalu menghadirkan platform yg solutif & efektif dlm menjawab harapan2 pelanggan setia PLN Mobile. Jgn lupa rekomendasikan jg ke keluarga Kk utk menggunakan PLN Mobile dlm mengurus keperluan listrik rumah. Salam PLN Terbaik. :) -MF",2025-12-08 06:34:14,5.2.75,pln mobile luar biasa downlod pln mobile ya untuk kenyamanan kelistrikan kita bersama
15421ef0-35ad-432d-99de-fab0d3229200,Benedikta Murniati,https://play-lh.googleusercontent.com/a/ACg8ocKqKlLnOFiEPLs173mMVD5NyUMWQiDypl0pwyJSSc5yWjT82g=mo,gampang dan mudah,5,0,5.2.75,2025-12-08 05:33:51,"Halo Kak Murniati. Dengan adanya layanan digital PLN ini sbg wadah buat pelanggan dlm berinteraksi dgn PLN & jg bertransaksi dimanapun makin simple, serta terjangkau. Yuk, diingatkan jg kerabat & keluarga Kk utk menggunakan PLN Mobile terutama dlm mengurus kebutuhan listrik rumah hanya dlm 1 genggaman apk. Thanks, sukses selalu ya Kak. :) -MF",2025-12-08 06:34:03,5.2.75,gampang dan mudah
dd30d81a-7b6f-461b-bdf9-4ad520640c4d,Andi Killank,https://play-lh.googleusercontent.com/a/ACg8ocJa14IEMHxn6d-GiTTS83f8ex8v7-iVQdiGlmKH9iC-Dfhlkg=mo,menu simulasi memudahkan untuk mengetahui biaya,5,0,,2025-12-08 05:33:45,"Yuhu Kak Andi, mimin ucapkan terima kasih buat rating terbaiknya ya. Pastinya PLN senantiasa memberikan layanan-layanan yg semakin inovatif, efektif serta solutif. Kalau perlu diajak jg kerabat serta keluarganya yuk, utk menggunakan PLN Mobile dlm mengurus segala kebutuhan listrik rumah. Sukses selalu Kak. :) -MF",2025-12-08 06:33:50,,menu simulasi memudahkan untuk mengetahui biaya
